factType,organizationId,organizationName,deviceId,deviceName,gatewayId,gatewayName,variableName,displayName,unit,value,timestamp,alarmState,status,text
org_summary,260d819a-2473-7045-7f10-1a415c5df668,Greenfield Energy Co,,,,,,,,,2026-08-06T10:00:00.000Z,,ACTIVE,"Greenfield Energy Co has 6 devices (4 ONLINE, 2 OFFLINE) and 3 gateways."
org_summary,31a45db8-ceab-bc59-3d5b-7ca528c2c637,Riverdale Manufacturing,,,,,,,,,2026-08-06T10:00:00.000Z,,ACTIVE,"Riverdale Manufacturing has 6 devices (5 ONLINE, 1 OFFLINE) and 3 gateways."
device_status,260d819a-2473-7045-7f10-1a415c5df668,Greenfield Energy Co,a0a447f8-db0a-2d48-0e7b-e8b8f43c52e9,Energy Meter 001,8cafccc9-c362-07b8-555c-0d21b47cf09a,Building A Gateway,,,,,2026-08-06T09:57:00.000Z,,ONLINE,"Device Energy Meter 001 (Greenfield Energy Co) is ONLINE, switch ON, on gateway Building A Gateway. Last data at 2026-08-06T09:57:00.000Z."
device_status,260d819a-2473-7045-7f10-1a415c5df668,Greenfield Energy Co,ad0e1a81-3899-cf0d-3834-b15139c91c27,Energy Meter 002,8cafccc9-c362-07b8-555c-0d21b47cf09a,Building A Gateway,,,,,2026-08-06T09:54:00.000Z,,ONLINE,"Device Energy Meter 002 (Greenfield Energy Co) is ONLINE, switch ON, on gateway Building A Gateway. Last data at 2026-08-06T09:54:00.000Z."
device_status,260d819a-2473-7045-7f10-1a415c5df668,Greenfield Energy Co,50721269-e628-a519-53b1-711cf83e4517,Energy Meter 003,2c1ca84f-a168-c694-ad96-9d6b1660aaf6,Building B Gateway,,,,,2026-08-06T09:51:00.000Z,,ONLINE,"Device Energy Meter 003 (Greenfield Energy Co) is ONLINE, switch OFF, on gateway Building B Gateway. Last data at 2026-08-06T09:51:00.000Z."
device_status,260d819a-2473-7045-7f10-1a415c5df668,Greenfield Energy Co,0d2db7e0-e983-f028-eb93-08da6e8c362c,Energy Meter 004,2c1ca84f-a168-c694-ad96-9d6b1660aaf6,Building B Gateway,,,,,2026-08-05T08:00:00.000Z,,OFFLINE,"Device Energy Meter 004 (Greenfield Energy Co) is OFFLINE, switch OFF, on gateway Building B Gateway. Last data at 2026-08-05T08:00:00.000Z."
device_status,260d819a-2473-7045-7f10-1a415c5df668,Greenfield Energy Co,e2d4bff1-5241-8f08-bb25-702cef45696c,Energy Meter 005,a0880e2f-1cb1-3faf-e0a5-891dd53c965b,Parking Lot Gateway,,,,,2026-08-05T14:00:00.000Z,,OFFLINE,"Device Energy Meter 005 (Greenfield Energy Co) is OFFLINE, switch OFF, on gateway Parking Lot Gateway. Last data at 2026-08-05T14:00:00.000Z."
device_status,260d819a-2473-7045-7f10-1a415c5df668,Greenfield Energy Co,1f760f66-0ee2-5f4c-2f8f-7c6c3da709c3,HVAC Meter North,8cafccc9-c362-07b8-555c-0d21b47cf09a,Building A Gateway,,,,,2026-08-06T09:55:12.000Z,,ONLINE,"Device HVAC Meter North (Greenfield Energy Co) is ONLINE, switch ON, on gateway Building A Gateway. Last data at 2026-08-06T09:55:12.000Z."
device_status,31a45db8-ceab-bc59-3d5b-7ca528c2c637,Riverdale Manufacturing,5740cbe5-bac2-1d22-7f9c-e298a8ffc9b8,Press Line Meter A,cf509e1d-bc37-459d-d5cb-3bec109e626b,Line 1 Gateway,,,,,2026-08-06T09:58:48.000Z,,ONLINE,"Device Press Line Meter A (Riverdale Manufacturing) is ONLINE, switch ON, on gateway Line 1 Gateway. Last data at 2026-08-06T09:58:48.000Z."
device_status,31a45db8-ceab-bc59-3d5b-7ca528c2c637,Riverdale Manufacturing,91311ab0-8211-0ab2-8073-871b4d42ee7e,Press Line Meter B,cf509e1d-bc37-459d-d5cb-3bec109e626b,Line 1 Gateway,,,,,2026-08-06T09:57:36.000Z,,ONLINE,"Device Press Line Meter B (Riverdale Manufacturing) is ONLINE, switch ON, on gateway Line 1 Gateway. Last data at 2026-08-06T09:57:36.000Z."
device_status,31a45db8-ceab-bc59-3d5b-7ca528c2c637,Riverdale Manufacturing,440e66a4-0438-0f8d-e300-f686285fe89e,Compressor Bank Meter,c9fd1c37-c42b-7e45-7bc4-4a8c4642a94d,Line 2 Gateway,,,,,2026-08-06T09:48:00.000Z,,ONLINE,"Device Compressor Bank Meter (Riverdale Manufacturing) is ONLINE, switch ON, on gateway Line 2 Gateway. Last data at 2026-08-06T09:48:00.000Z."
device_status,31a45db8-ceab-bc59-3d5b-7ca528c2c637,Riverdale Manufacturing,7bb68f35-07b1-9833-0a95-312b35acaec6,Paint Shop Meter,c9fd1c37-c42b-7e45-7bc4-4a8c4642a94d,Line 2 Gateway,,,,,2026-08-05T22:00:00.000Z,,OFFLINE,"Device Paint Shop Meter (Riverdale Manufacturing) is OFFLINE, switch OFF, on gateway Line 2 Gateway. Last data at 2026-08-05T22:00:00.000Z."
device_status,31a45db8-ceab-bc59-3d5b-7ca528c2c637,Riverdale Manufacturing,77d1f9a2-f1c3-5104-6e19-f489ad2a9353,Warehouse Main Meter,62168fe4-d2e4-e954-5314-679da6d4053c,Warehouse Gateway,,,,,2026-08-06T09:45:00.000Z,,ONLINE,"Device Warehouse Main Meter (Riverdale Manufacturing) is ONLINE, switch ON, on gateway Warehouse Gateway. Last data at 2026-08-06T09:45:00.000Z."
device_status,31a45db8-ceab-bc59-3d5b-7ca528c2c637,Riverdale Manufacturing,e1d0b3f2-d71e-18f3-fd40-218b43949ab9,Cold Storage Meter,62168fe4-d2e4-e954-5314-679da6d4053c,Warehouse Gateway,,,,,2026-08-06T09:52:48.000Z,,ONLINE,"Device Cold Storage Meter (Riverdale Manufacturing) is ONLINE, switch ON, on gateway Warehouse Gateway. Last data at 2026-08-06T09:52:48.000Z."
current_reading,260d819a-2473-7045-7f10-1a415c5df668,Greenfield Energy Co,a0a447f8-db0a-2d48-0e7b-e8b8f43c52e9,Energy Meter 001,,,VoltageA,Voltage Phase A,V,228.78,2026-08-06T09:56:24.000Z,,ONLINE,Energy Meter 001 (Greenfield Energy Co): Voltage Phase A (VoltageA) = 228.78 V as of 2026-08-06T09:56:24.000Z [device ONLINE].
current_reading,260d819a-2473-7045-7f10-1a415c5df668,Greenfield Energy Co,a0a447f8-db0a-2d48-0e7b-e8b8f43c52e9,Energy Meter 001,,,VoltageB,Voltage Phase B,V,227.59,2026-08-06T09:56:24.000Z,,ONLINE,Energy Meter 001 (Greenfield Energy Co): Voltage Phase B (VoltageB) = 227.59 V as of 2026-08-06T09:56:24.000Z [device ONLINE].
current_reading,260d819a-2473-7045-7f10-1a415c5df668,Greenfield Energy Co,a0a447f8-db0a-2d48-0e7b-e8b8f43c52e9,Energy Meter 001,,,VoltageC,Voltage Phase C,V,230.17,2026-08-06T09:56:24.000Z,,ONLINE,Energy Meter 001 (Greenfield Energy Co): Voltage Phase C (VoltageC) = 230.17 V as of 2026-08-06T09:56:24.000Z [device ONLINE].
current_reading,260d819a-2473-7045-7f10-1a415c5df668,Greenfield Energy Co,a0a447f8-db0a-2d48-0e7b-e8b8f43c52e9,Energy Meter 001,,,CurrentA,Current Phase A,A,20.7,2026-08-06T09:56:24.000Z,,ONLINE,Energy Meter 001 (Greenfield Energy Co): Current Phase A (CurrentA) = 20.7 A as of 2026-08-06T09:56:24.000Z [device ONLINE].
current_reading,260d819a-2473-7045-7f10-1a415c5df668,Greenfield Energy Co,a0a447f8-db0a-2d48-0e7b-e8b8f43c52e9,Energy Meter 001,,,ActivePower,Active Power,kW,4.63,2026-08-06T09:56:24.000Z,,ONLINE,Energy Meter 001 (Greenfield Energy Co): Active Power (ActivePower) = 4.63 kW as of 2026-08-06T09:56:24.000Z [device ONLINE].
current_reading,260d819a-2473-7045-7f10-1a415c5df668,Greenfield Energy Co,a0a447f8-db0a-2d48-0e7b-e8b8f43c52e9,Energy Meter 001,,,PowerConsumption,Energy Consumption,kWh,8.7,2026-08-06T09:56:24.000Z,,ONLINE,Energy Meter 001 (Greenfield Energy Co): Energy Consumption (PowerConsumption) = 8.7 kWh as of 2026-08-06T09:56:24.000Z [device ONLINE].
current_reading,260d819a-2473-7045-7f10-1a415c5df668,Greenfield Energy Co,a0a447f8-db0a-2d48-0e7b-e8b8f43c52e9,Energy Meter 001,,,PowerFactor,Power Factor,ratio,0.85,2026-08-06T09:56:24.000Z,,ONLINE,Energy Meter 001 (Greenfield Energy Co): Power Factor (PowerFactor) = 0.85 ratio as of 2026-08-06T09:56:24.000Z [device ONLINE].
current_reading,260d819a-2473-7045-7f10-1a415c5df668,Greenfield Energy Co,a0a447f8-db0a-2d48-0e7b-e8b8f43c52e9,Energy Meter 001,,,Frequency,Frequency,Hz,49.98,2026-08-06T09:56:24.000Z,,ONLINE,Energy Meter 001 (Greenfield Energy Co): Frequency (Frequency) = 49.98 Hz as of 2026-08-06T09:56:24.000Z [device ONLINE].
current_reading,260d819a-2473-7045-7f10-1a415c5df668,Greenfield Energy Co,a0a447f8-db0a-2d48-0e7b-e8b8f43c52e9,Energy Meter 001,,,VoltageImbalance,Voltage Imbalance,%,2.08,2026-08-06T09:56:24.000Z,,ONLINE,Energy Meter 001 (Greenfield Energy Co): Voltage Imbalance (VoltageImbalance) = 2.08 % as of 2026-08-06T09:56:24.000Z [device ONLINE].
current_reading,260d819a-2473-7045-7f10-1a415c5df668,Greenfield Energy Co,a0a447f8-db0a-2d48-0e7b-e8b8f43c52e9,Energy Meter 001,,,CurrentImbalance,Current Imbalance,%,4.22,2026-08-06T09:56:24.000Z,,ONLINE,Energy Meter 001 (Greenfield Energy Co): Current Imbalance (CurrentImbalance) = 4.22 % as of 2026-08-06T09:56:24.000Z [device ONLINE].
current_reading,260d819a-2473-7045-7f10-1a415c5df668,Greenfield Energy Co,ad0e1a81-3899-cf0d-3834-b15139c91c27,Energy Meter 002,,,VoltageA,Voltage Phase A,V,226.18,2026-08-06T09:55:48.000Z,,ONLINE,Energy Meter 002 (Greenfield Energy Co): Voltage Phase A (VoltageA) = 226.18 V as of 2026-08-06T09:55:48.000Z [device ONLINE].
current_reading,260d819a-2473-7045-7f10-1a415c5df668,Greenfield Energy Co,ad0e1a81-3899-cf0d-3834-b15139c91c27,Energy Meter 002,,,VoltageB,Voltage Phase B,V,225.24,2026-08-06T09:55:48.000Z,,ONLINE,Energy Meter 002 (Greenfield Energy Co): Voltage Phase B (VoltageB) = 225.24 V as of 2026-08-06T09:55:48.000Z [device ONLINE].
current_reading,260d819a-2473-7045-7f10-1a415c5df668,Greenfield Energy Co,ad0e1a81-3899-cf0d-3834-b15139c91c27,Energy Meter 002,,,VoltageC,Voltage Phase C,V,228.21,2026-08-06T09:55:48.000Z,,ONLINE,Energy Meter 002 (Greenfield Energy Co): Voltage Phase C (VoltageC) = 228.21 V as of 2026-08-06T09:55:48.000Z [device ONLINE].
current_reading,260d819a-2473-7045-7f10-1a415c5df668,Greenfield Energy Co,ad0e1a81-3899-cf0d-3834-b15139c91c27,Energy Meter 002,,,CurrentA,Current Phase A,A,17.82,2026-08-06T09:55:48.000Z,,ONLINE,Energy Meter 002 (Greenfield Energy Co): Current Phase A (CurrentA) = 17.82 A as of 2026-08-06T09:55:48.000Z [device ONLINE].
current_reading,260d819a-2473-7045-7f10-1a415c5df668,Greenfield Energy Co,ad0e1a81-3899-cf0d-3834-b15139c91c27,Energy Meter 002,,,ActivePower,Active Power,kW,3.61,2026-08-06T09:55:48.000Z,,ONLINE,Energy Meter 002 (Greenfield Energy Co): Active Power (ActivePower) = 3.61 kW as of 2026-08-06T09:55:48.000Z [device ONLINE].
current_reading,260d819a-2473-7045-7f10-1a415c5df668,Greenfield Energy Co,ad0e1a81-3899-cf0d-3834-b15139c91c27,Energy Meter 002,,,PowerConsumption,Energy Consumption,kWh,12.4,2026-08-06T09:55:48.000Z,,ONLINE,Energy Meter 002 (Greenfield Energy Co): Energy Consumption (PowerConsumption) = 12.4 kWh as of 2026-08-06T09:55:48.000Z [device ONLINE].
current_reading,260d819a-2473-7045-7f10-1a415c5df668,Greenfield Energy Co,ad0e1a81-3899-cf0d-3834-b15139c91c27,Energy Meter 002,,,PowerFactor,Power Factor,ratio,0.82,2026-08-06T09:55:48.000Z,,ONLINE,Energy Meter 002 (Greenfield Energy Co): Power Factor (PowerFactor) = 0.82 ratio as of 2026-08-06T09:55:48.000Z [device ONLINE].
current_reading,260d819a-2473-7045-7f10-1a415c5df668,Greenfield Energy Co,ad0e1a81-3899-cf0d-3834-b15139c91c27,Energy Meter 002,,,Frequency,Frequency,Hz,49.88,2026-08-06T09:55:48.000Z,,ONLINE,Energy Meter 002 (Greenfield Energy Co): Frequency (Frequency) = 49.88 Hz as of 2026-08-06T09:55:48.000Z [device ONLINE].
current_reading,260d819a-2473-7045-7f10-1a415c5df668,Greenfield Energy Co,ad0e1a81-3899-cf0d-3834-b15139c91c27,Energy Meter 002,,,VoltageImbalance,Voltage Imbalance,%,1.55,2026-08-06T09:55:48.000Z,,ONLINE,Energy Meter 002 (Greenfield Energy Co): Voltage Imbalance (VoltageImbalance) = 1.55 % as of 2026-08-06T09:55:48.000Z [device ONLINE].
current_reading,260d819a-2473-7045-7f10-1a415c5df668,Greenfield Energy Co,ad0e1a81-3899-cf0d-3834-b15139c91c27,Energy Meter 002,,,CurrentImbalance,Current Imbalance,%,3.4,2026-08-06T09:55:48.000Z,,ONLINE,Energy Meter 002 (Greenfield Energy Co): Current Imbalance (CurrentImbalance) = 3.4 % as of 2026-08-06T09:55:48.000Z [device ONLINE].
current_reading,260d819a-2473-7045-7f10-1a415c5df668,Greenfield Energy Co,50721269-e628-a519-53b1-711cf83e4517,Energy Meter 003,,,VoltageA,Voltage Phase A,V,231.21,2026-08-06T09:55:12.000Z,,ONLINE,Energy Meter 003 (Greenfield Energy Co): Voltage Phase A (VoltageA) = 231.21 V as of 2026-08-06T09:55:12.000Z [device ONLINE].
current_reading,260d819a-2473-7045-7f10-1a415c5df668,Greenfield Energy Co,50721269-e628-a519-53b1-711cf83e4517,Energy Meter 003,,,VoltageB,Voltage Phase B,V,230.82,2026-08-06T09:55:12.000Z,,ONLINE,Energy Meter 003 (Greenfield Energy Co): Voltage Phase B (VoltageB) = 230.82 V as of 2026-08-06T09:55:12.000Z [device ONLINE].
current_reading,260d819a-2473-7045-7f10-1a415c5df668,Greenfield Energy Co,50721269-e628-a519-53b1-711cf83e4517,Energy Meter 003,,,VoltageC,Voltage Phase C,V,233.17,2026-08-06T09:55:12.000Z,,ONLINE,Energy Meter 003 (Greenfield Energy Co): Voltage Phase C (VoltageC) = 233.17 V as of 2026-08-06T09:55:12.000Z [device ONLINE].
current_reading,260d819a-2473-7045-7f10-1a415c5df668,Greenfield Energy Co,50721269-e628-a519-53b1-711cf83e4517,Energy Meter 003,,,CurrentA,Current Phase A,A,27.02,2026-08-06T09:55:12.000Z,,ONLINE,Energy Meter 003 (Greenfield Energy Co): Current Phase A (CurrentA) = 27.02 A as of 2026-08-06T09:55:12.000Z [device ONLINE].
current_reading,260d819a-2473-7045-7f10-1a415c5df668,Greenfield Energy Co,50721269-e628-a519-53b1-711cf83e4517,Energy Meter 003,,,ActivePower,Active Power,kW,5.71,2026-08-06T09:55:12.000Z,,ONLINE,Energy Meter 003 (Greenfield Energy Co): Active Power (ActivePower) = 5.71 kW as of 2026-08-06T09:55:12.000Z [device ONLINE].
current_reading,260d819a-2473-7045-7f10-1a415c5df668,Greenfield Energy Co,50721269-e628-a519-53b1-711cf83e4517,Energy Meter 003,,,PowerConsumption,Energy Consumption,kWh,16.1,2026-08-06T09:55:12.000Z,,ONLINE,Energy Meter 003 (Greenfield Energy Co): Energy Consumption (PowerConsumption) = 16.1 kWh as of 2026-08-06T09:55:12.000Z [device ONLINE].
current_reading,260d819a-2473-7045-7f10-1a415c5df668,Greenfield Energy Co,50721269-e628-a519-53b1-711cf83e4517,Energy Meter 003,,,PowerFactor,Power Factor,ratio,0.88,2026-08-06T09:55:12.000Z,,ONLINE,Energy Meter 003 (Greenfield Energy Co): Power Factor (PowerFactor) = 0.88 ratio as of 2026-08-06T09:55:12.000Z [device ONLINE].
current_reading,260d819a-2473-7045-7f10-1a415c5df668,Greenfield Energy Co,50721269-e628-a519-53b1-711cf83e4517,Energy Meter 003,,,Frequency,Frequency,Hz,50.1,2026-08-06T09:55:12.000Z,,ONLINE,Energy Meter 003 (Greenfield Energy Co): Frequency (Frequency) = 50.1 Hz as of 2026-08-06T09:55:12.000Z [device ONLINE].
current_reading,260d819a-2473-7045-7f10-1a415c5df668,Greenfield Energy Co,50721269-e628-a519-53b1-711cf83e4517,Energy Meter 003,,,VoltageImbalance,Voltage Imbalance,%,2.57,2026-08-06T09:55:12.000Z,,ONLINE,Energy Meter 003 (Greenfield Energy Co): Voltage Imbalance (VoltageImbalance) = 2.57 % as of 2026-08-06T09:55:12.000Z [device ONLINE].
current_reading,260d819a-2473-7045-7f10-1a415c5df668,Greenfield Energy Co,50721269-e628-a519-53b1-711cf83e4517,Energy Meter 003,,,CurrentImbalance,Current Imbalance,%,4.99,2026-08-06T09:55:12.000Z,,ONLINE,Energy Meter 003 (Greenfield Energy Co): Current Imbalance (CurrentImbalance) = 4.99 % as of 2026-08-06T09:55:12.000Z [device ONLINE].
current_reading,260d819a-2473-7045-7f10-1a415c5df668,Greenfield Energy Co,0d2db7e0-e983-f028-eb93-08da6e8c362c,Energy Meter 004,,,VoltageA,Voltage Phase A,V,232.43,2026-08-05T18:00:00.000Z,,OFFLINE,Energy Meter 004 (Greenfield Energy Co): Voltage Phase A (VoltageA) = 232.43 V as of 2026-08-05T18:00:00.000Z [device OFFLINE].
current_reading,260d819a-2473-7045-7f10-1a415c5df668,Greenfield Energy Co,0d2db7e0-e983-f028-eb93-08da6e8c362c,Energy Meter 004,,,VoltageB,Voltage Phase B,V,232.2,2026-08-05T18:00:00.000Z,,OFFLINE,Energy Meter 004 (Greenfield Energy Co): Voltage Phase B (VoltageB) = 232.2 V as of 2026-08-05T18:00:00.000Z [device OFFLINE].
current_reading,260d819a-2473-7045-7f10-1a415c5df668,Greenfield Energy Co,0d2db7e0-e983-f028-eb93-08da6e8c362c,Energy Meter 004,,,VoltageC,Voltage Phase C,V,233.99,2026-08-05T18:00:00.000Z,,OFFLINE,Energy Meter 004 (Greenfield Energy Co): Voltage Phase C (VoltageC) = 233.99 V as of 2026-08-05T18:00:00.000Z [device OFFLINE].
current_reading,260d819a-2473-7045-7f10-1a415c5df668,Greenfield Energy Co,0d2db7e0-e983-f028-eb93-08da6e8c362c,Energy Meter 004,,,CurrentA,Current Phase A,A,28.94,2026-08-05T18:00:00.000Z,,OFFLINE,Energy Meter 004 (Greenfield Energy Co): Current Phase A (CurrentA) = 28.94 A as of 2026-08-05T18:00:00.000Z [device OFFLINE].
current_reading,260d819a-2473-7045-7f10-1a415c5df668,Greenfield Energy Co,0d2db7e0-e983-f028-eb93-08da6e8c362c,Energy Meter 004,,,ActivePower,Active Power,kW,5.98,2026-08-05T18:00:00.000Z,,OFFLINE,Energy Meter 004 (Greenfield Energy Co): Active Power (ActivePower) = 5.98 kW as of 2026-08-05T18:00:00.000Z [device OFFLINE].
current_reading,260d819a-2473-7045-7f10-1a415c5df668,Greenfield Energy Co,0d2db7e0-e983-f028-eb93-08da6e8c362c,Energy Meter 004,,,PowerConsumption,Energy Consumption,kWh,19.8,2026-08-05T18:00:00.000Z,,OFFLINE,Energy Meter 004 (Greenfield Energy Co): Energy Consumption (PowerConsumption) = 19.8 kWh as of 2026-08-05T18:00:00.000Z [device OFFLINE].
current_reading,260d819a-2473-7045-7f10-1a415c5df668,Greenfield Energy Co,0d2db7e0-e983-f028-eb93-08da6e8c362c,Energy Meter 004,,,PowerFactor,Power Factor,ratio,0.89,2026-08-05T18:00:00.000Z,,OFFLINE,Energy Meter 004 (Greenfield Energy Co): Power Factor (PowerFactor) = 0.89 ratio as of 2026-08-05T18:00:00.000Z [device OFFLINE].
current_reading,260d819a-2473-7045-7f10-1a415c5df668,Greenfield Energy Co,0d2db7e0-e983-f028-eb93-08da6e8c362c,Energy Meter 004,,,Frequency,Frequency,Hz,50.14,2026-08-05T18:00:00.000Z,,OFFLINE,Energy Meter 004 (Greenfield Energy Co): Frequency (Frequency) = 50.14 Hz as of 2026-08-05T18:00:00.000Z [device OFFLINE].
current_reading,260d819a-2473-7045-7f10-1a415c5df668,Greenfield Energy Co,0d2db7e0-e983-f028-eb93-08da6e8c362c,Energy Meter 004,,,VoltageImbalance,Voltage Imbalance,%,2.89,2026-08-05T18:00:00.000Z,,OFFLINE,Energy Meter 004 (Greenfield Energy Co): Voltage Imbalance (VoltageImbalance) = 2.89 % as of 2026-08-05T18:00:00.000Z [device OFFLINE].
current_reading,260d819a-2473-7045-7f10-1a415c5df668,Greenfield Energy Co,0d2db7e0-e983-f028-eb93-08da6e8c362c,Energy Meter 004,,,CurrentImbalance,Current Imbalance,%,5.44,2026-08-05T18:00:00.000Z,,OFFLINE,Energy Meter 004 (Greenfield Energy Co): Current Imbalance (CurrentImbalance) = 5.44 % as of 2026-08-05T18:00:00.000Z [device OFFLINE].
current_reading,260d819a-2473-7045-7f10-1a415c5df668,Greenfield Energy Co,e2d4bff1-5241-8f08-bb25-702cef45696c,Energy Meter 005,,,VoltageA,Voltage Phase A,V,227.28,2026-08-05T17:00:00.000Z,,OFFLINE,Energy Meter 005 (Greenfield Energy Co): Voltage Phase A (VoltageA) = 227.28 V as of 2026-08-05T17:00:00.000Z [device OFFLINE].
current_reading,260d819a-2473-7045-7f10-1a415c5df668,Greenfield Energy Co,e2d4bff1-5241-8f08-bb25-702cef45696c,Energy Meter 005,,,VoltageB,Voltage Phase B,V,226.26,2026-08-05T17:00:00.000Z,,OFFLINE,Energy Meter 005 (Greenfield Energy Co): Voltage Phase B (VoltageB) = 226.26 V as of 2026-08-05T17:00:00.000Z [device OFFLINE].
current_reading,260d819a-2473-7045-7f10-1a415c5df668,Greenfield Energy Co,e2d4bff1-5241-8f08-bb25-702cef45696c,Energy Meter 005,,,VoltageC,Voltage Phase C,V,228.04,2026-08-05T17:00:00.000Z,,OFFLINE,Energy Meter 005 (Greenfield Energy Co): Voltage Phase C (VoltageC) = 228.04 V as of 2026-08-05T17:00:00.000Z [device OFFLINE].
current_reading,260d819a-2473-7045-7f10-1a415c5df668,Greenfield Energy Co,e2d4bff1-5241-8f08-bb25-702cef45696c,Energy Meter 005,,,CurrentA,Current Phase A,A,19.44,2026-08-05T17:00:00.000Z,,OFFLINE,Energy Meter 005 (Greenfield Energy Co): Current Phase A (CurrentA) = 19.44 A as of 2026-08-05T17:00:00.000Z [device OFFLINE].
current_reading,260d819a-2473-7045-7f10-1a415c5df668,Greenfield Energy Co,e2d4bff1-5241-8f08-bb25-702cef45696c,Energy Meter 005,,,ActivePower,Active Power,kW,4.19,2026-08-05T17:00:00.000Z,,OFFLINE,Energy Meter 005 (Greenfield Energy Co): Active Power (ActivePower) = 4.19 kW as of 2026-08-05T17:00:00.000Z [device OFFLINE].
current_reading,260d819a-2473-7045-7f10-1a415c5df668,Greenfield Energy Co,e2d4bff1-5241-8f08-bb25-702cef45696c,Energy Meter 005,,,PowerConsumption,Energy Consumption,kWh,23.5,2026-08-05T17:00:00.000Z,,OFFLINE,Energy Meter 005 (Greenfield Energy Co): Energy Consumption (PowerConsumption) = 23.5 kWh as of 2026-08-05T17:00:00.000Z [device OFFLINE].
current_reading,260d819a-2473-7045-7f10-1a415c5df668,Greenfield Energy Co,e2d4bff1-5241-8f08-bb25-702cef45696c,Energy Meter 005,,,PowerFactor,Power Factor,ratio,0.82,2026-08-05T17:00:00.000Z,,OFFLINE,Energy Meter 005 (Greenfield Energy Co): Power Factor (PowerFactor) = 0.82 ratio as of 2026-08-05T17:00:00.000Z [device OFFLINE].
current_reading,260d819a-2473-7045-7f10-1a415c5df668,Greenfield Energy Co,e2d4bff1-5241-8f08-bb25-702cef45696c,Energy Meter 005,,,Frequency,Frequency,Hz,49.88,2026-08-05T17:00:00.000Z,,OFFLINE,Energy Meter 005 (Greenfield Energy Co): Frequency (Frequency) = 49.88 Hz as of 2026-08-05T17:00:00.000Z [device OFFLINE].
current_reading,260d819a-2473-7045-7f10-1a415c5df668,Greenfield Energy Co,e2d4bff1-5241-8f08-bb25-702cef45696c,Energy Meter 005,,,VoltageImbalance,Voltage Imbalance,%,1.78,2026-08-05T17:00:00.000Z,,OFFLINE,Energy Meter 005 (Greenfield Energy Co): Voltage Imbalance (VoltageImbalance) = 1.78 % as of 2026-08-05T17:00:00.000Z [device OFFLINE].
current_reading,260d819a-2473-7045-7f10-1a415c5df668,Greenfield Energy Co,e2d4bff1-5241-8f08-bb25-702cef45696c,Energy Meter 005,,,CurrentImbalance,Current Imbalance,%,3.38,2026-08-05T17:00:00.000Z,,OFFLINE,Energy Meter 005 (Greenfield Energy Co): Current Imbalance (CurrentImbalance) = 3.38 % as of 2026-08-05T17:00:00.000Z [device OFFLINE].
current_reading,260d819a-2473-7045-7f10-1a415c5df668,Greenfield Energy Co,1f760f66-0ee2-5f4c-2f8f-7c6c3da709c3,HVAC Meter North,,,VoltageA,Voltage Phase A,V,228.01,2026-08-06T09:53:24.000Z,,ONLINE,HVAC Meter North (Greenfield Energy Co): Voltage Phase A (VoltageA) = 228.01 V as of 2026-08-06T09:53:24.000Z [device ONLINE].
current_reading,260d819a-2473-7045-7f10-1a415c5df668,Greenfield Energy Co,1f760f66-0ee2-5f4c-2f8f-7c6c3da709c3,HVAC Meter North,,,VoltageB,Voltage Phase B,V,226.76,2026-08-06T09:53:24.000Z,,ONLINE,HVAC Meter North (Greenfield Energy Co): Voltage Phase B (VoltageB) = 226.76 V as of 2026-08-06T09:53:24.000Z [device ONLINE].
current_reading,260d819a-2473-7045-7f10-1a415c5df668,Greenfield Energy Co,1f760f66-0ee2-5f4c-2f8f-7c6c3da709c3,HVAC Meter North,,,VoltageC,Voltage Phase C,V,228.43,2026-08-06T09:53:24.000Z,,ONLINE,HVAC Meter North (Greenfield Energy Co): Voltage Phase C (VoltageC) = 228.43 V as of 2026-08-06T09:53:24.000Z [device ONLINE].
current_reading,260d819a-2473-7045-7f10-1a415c5df668,Greenfield Energy Co,1f760f66-0ee2-5f4c-2f8f-7c6c3da709c3,HVAC Meter North,,,CurrentA,Current Phase A,A,18.32,2026-08-06T09:53:24.000Z,,ONLINE,HVAC Meter North (Greenfield Energy Co): Current Phase A (CurrentA) = 18.32 A as of 2026-08-06T09:53:24.000Z [device ONLINE].
current_reading,260d819a-2473-7045-7f10-1a415c5df668,Greenfield Energy Co,1f760f66-0ee2-5f4c-2f8f-7c6c3da709c3,HVAC Meter North,,,ActivePower,Active Power,kW,4.31,2026-08-06T09:53:24.000Z,,ONLINE,HVAC Meter North (Greenfield Energy Co): Active Power (ActivePower) = 4.31 kW as of 2026-08-06T09:53:24.000Z [device ONLINE].
current_reading,260d819a-2473-7045-7f10-1a415c5df668,Greenfield Energy Co,1f760f66-0ee2-5f4c-2f8f-7c6c3da709c3,HVAC Meter North,,,PowerConsumption,Energy Consumption,kWh,27.2,2026-08-06T09:53:24.000Z,,ONLINE,HVAC Meter North (Greenfield Energy Co): Energy Consumption (PowerConsumption) = 27.2 kWh as of 2026-08-06T09:53:24.000Z [device ONLINE].
current_reading,260d819a-2473-7045-7f10-1a415c5df668,Greenfield Energy Co,1f760f66-0ee2-5f4c-2f8f-7c6c3da709c3,HVAC Meter North,,,PowerFactor,Power Factor,ratio,0.83,2026-08-06T09:53:24.000Z,,ONLINE,HVAC Meter North (Greenfield Energy Co): Power Factor (PowerFactor) = 0.83 ratio as of 2026-08-06T09:53:24.000Z [device ONLINE].
current_reading,260d819a-2473-7045-7f10-1a415c5df668,Greenfield Energy Co,1f760f66-0ee2-5f4c-2f8f-7c6c3da709c3,HVAC Meter North,,,Frequency,Frequency,Hz,49.89,2026-08-06T09:53:24.000Z,,ONLINE,HVAC Meter North (Greenfield Energy Co): Frequency (Frequency) = 49.89 Hz as of 2026-08-06T09:53:24.000Z [device ONLINE].
current_reading,260d819a-2473-7045-7f10-1a415c5df668,Greenfield Energy Co,1f760f66-0ee2-5f4c-2f8f-7c6c3da709c3,HVAC Meter North,,,VoltageImbalance,Voltage Imbalance,%,1.75,2026-08-06T09:53:24.000Z,,ONLINE,HVAC Meter North (Greenfield Energy Co): Voltage Imbalance (VoltageImbalance) = 1.75 % as of 2026-08-06T09:53:24.000Z [device ONLINE].
current_reading,260d819a-2473-7045-7f10-1a415c5df668,Greenfield Energy Co,1f760f66-0ee2-5f4c-2f8f-7c6c3da709c3,HVAC Meter North,,,CurrentImbalance,Current Imbalance,%,3.68,2026-08-06T09:53:24.000Z,,ONLINE,HVAC Meter North (Greenfield Energy Co): Current Imbalance (CurrentImbalance) = 3.68 % as of 2026-08-06T09:53:24.000Z [device ONLINE].
current_reading,31a45db8-ceab-bc59-3d5b-7ca528c2c637,Riverdale Manufacturing,5740cbe5-bac2-1d22-7f9c-e298a8ffc9b8,Press Line Meter A,,,VoltageA,Voltage Phase A,V,233,2026-08-06T09:52:48.000Z,,ONLINE,Press Line Meter A (Riverdale Manufacturing): Voltage Phase A (VoltageA) = 233 V as of 2026-08-06T09:52:48.000Z [device ONLINE].
current_reading,31a45db8-ceab-bc59-3d5b-7ca528c2c637,Riverdale Manufacturing,5740cbe5-bac2-1d22-7f9c-e298a8ffc9b8,Press Line Meter A,,,VoltageB,Voltage Phase B,V,232.39,2026-08-06T09:52:48.000Z,,ONLINE,Press Line Meter A (Riverdale Manufacturing): Voltage Phase B (VoltageB) = 232.39 V as of 2026-08-06T09:52:48.000Z [device ONLINE].
current_reading,31a45db8-ceab-bc59-3d5b-7ca528c2c637,Riverdale Manufacturing,5740cbe5-bac2-1d22-7f9c-e298a8ffc9b8,Press Line Meter A,,,VoltageC,Voltage Phase C,V,234.01,2026-08-06T09:52:48.000Z,,ONLINE,Press Line Meter A (Riverdale Manufacturing): Voltage Phase C (VoltageC) = 234.01 V as of 2026-08-06T09:52:48.000Z [device ONLINE].
current_reading,31a45db8-ceab-bc59-3d5b-7ca528c2c637,Riverdale Manufacturing,5740cbe5-bac2-1d22-7f9c-e298a8ffc9b8,Press Line Meter A,,,CurrentA,Current Phase A,A,27.67,2026-08-06T09:52:48.000Z,,ONLINE,Press Line Meter A (Riverdale Manufacturing): Current Phase A (CurrentA) = 27.67 A as of 2026-08-06T09:52:48.000Z [device ONLINE].
current_reading,31a45db8-ceab-bc59-3d5b-7ca528c2c637,Riverdale Manufacturing,5740cbe5-bac2-1d22-7f9c-e298a8ffc9b8,Press Line Meter A,,,ActivePower,Active Power,kW,6.38,2026-08-06T09:52:48.000Z,,ONLINE,Press Line Meter A (Riverdale Manufacturing): Active Power (ActivePower) = 6.38 kW as of 2026-08-06T09:52:48.000Z [device ONLINE].
current_reading,31a45db8-ceab-bc59-3d5b-7ca528c2c637,Riverdale Manufacturing,5740cbe5-bac2-1d22-7f9c-e298a8ffc9b8,Press Line Meter A,,,PowerConsumption,Energy Consumption,kWh,30.9,2026-08-06T09:52:48.000Z,,ONLINE,Press Line Meter A (Riverdale Manufacturing): Energy Consumption (PowerConsumption) = 30.9 kWh as of 2026-08-06T09:52:48.000Z [device ONLINE].
current_reading,31a45db8-ceab-bc59-3d5b-7ca528c2c637,Riverdale Manufacturing,5740cbe5-bac2-1d22-7f9c-e298a8ffc9b8,Press Line Meter A,,,PowerFactor,Power Factor,ratio,0.89,2026-08-06T09:52:48.000Z,,ONLINE,Press Line Meter A (Riverdale Manufacturing): Power Factor (PowerFactor) = 0.89 ratio as of 2026-08-06T09:52:48.000Z [device ONLINE].
current_reading,31a45db8-ceab-bc59-3d5b-7ca528c2c637,Riverdale Manufacturing,5740cbe5-bac2-1d22-7f9c-e298a8ffc9b8,Press Line Meter A,,,Frequency,Frequency,Hz,50.12,2026-08-06T09:52:48.000Z,,ONLINE,Press Line Meter A (Riverdale Manufacturing): Frequency (Frequency) = 50.12 Hz as of 2026-08-06T09:52:48.000Z [device ONLINE].
current_reading,31a45db8-ceab-bc59-3d5b-7ca528c2c637,Riverdale Manufacturing,5740cbe5-bac2-1d22-7f9c-e298a8ffc9b8,Press Line Meter A,,,VoltageImbalance,Voltage Imbalance,%,2.83,2026-08-06T09:52:48.000Z,,ONLINE,Press Line Meter A (Riverdale Manufacturing): Voltage Imbalance (VoltageImbalance) = 2.83 % as of 2026-08-06T09:52:48.000Z [device ONLINE].
current_reading,31a45db8-ceab-bc59-3d5b-7ca528c2c637,Riverdale Manufacturing,5740cbe5-bac2-1d22-7f9c-e298a8ffc9b8,Press Line Meter A,,,CurrentImbalance,Current Imbalance,%,5.81,2026-08-06T09:52:48.000Z,,ONLINE,Press Line Meter A (Riverdale Manufacturing): Current Imbalance (CurrentImbalance) = 5.81 % as of 2026-08-06T09:52:48.000Z [device ONLINE].
current_reading,31a45db8-ceab-bc59-3d5b-7ca528c2c637,Riverdale Manufacturing,91311ab0-8211-0ab2-8073-871b4d42ee7e,Press Line Meter B,,,VoltageA,Voltage Phase A,V,231.21,2026-08-06T09:52:12.000Z,,ONLINE,Press Line Meter B (Riverdale Manufacturing): Voltage Phase A (VoltageA) = 231.21 V as of 2026-08-06T09:52:12.000Z [device ONLINE].
current_reading,31a45db8-ceab-bc59-3d5b-7ca528c2c637,Riverdale Manufacturing,91311ab0-8211-0ab2-8073-871b4d42ee7e,Press Line Meter B,,,VoltageB,Voltage Phase B,V,230.46,2026-08-06T09:52:12.000Z,,ONLINE,Press Line Meter B (Riverdale Manufacturing): Voltage Phase B (VoltageB) = 230.46 V as of 2026-08-06T09:52:12.000Z [device ONLINE].
current_reading,31a45db8-ceab-bc59-3d5b-7ca528c2c637,Riverdale Manufacturing,91311ab0-8211-0ab2-8073-871b4d42ee7e,Press Line Meter B,,,VoltageC,Voltage Phase C,V,232.15,2026-08-06T09:52:12.000Z,,ONLINE,Press Line Meter B (Riverdale Manufacturing): Voltage Phase C (VoltageC) = 232.15 V as of 2026-08-06T09:52:12.000Z [device ONLINE].
current_reading,31a45db8-ceab-bc59-3d5b-7ca528c2c637,Riverdale Manufacturing,91311ab0-8211-0ab2-8073-871b4d42ee7e,Press Line Meter B,,,CurrentA,Current Phase A,A,25.41,2026-08-06T09:52:12.000Z,,ONLINE,Press Line Meter B (Riverdale Manufacturing): Current Phase A (CurrentA) = 25.41 A as of 2026-08-06T09:52:12.000Z [device ONLINE].
current_reading,31a45db8-ceab-bc59-3d5b-7ca528c2c637,Riverdale Manufacturing,91311ab0-8211-0ab2-8073-871b4d42ee7e,Press Line Meter B,,,ActivePower,Active Power,kW,5.48,2026-08-06T09:52:12.000Z,,ONLINE,Press Line Meter B (Riverdale Manufacturing): Active Power (ActivePower) = 5.48 kW as of 2026-08-06T09:52:12.000Z [device ONLINE].
current_reading,31a45db8-ceab-bc59-3d5b-7ca528c2c637,Riverdale Manufacturing,91311ab0-8211-0ab2-8073-871b4d42ee7e,Press Line Meter B,,,PowerConsumption,Energy Consumption,kWh,34.6,2026-08-06T09:52:12.000Z,,ONLINE,Press Line Meter B (Riverdale Manufacturing): Energy Consumption (PowerConsumption) = 34.6 kWh as of 2026-08-06T09:52:12.000Z [device ONLINE].
current_reading,31a45db8-ceab-bc59-3d5b-7ca528c2c637,Riverdale Manufacturing,91311ab0-8211-0ab2-8073-871b4d42ee7e,Press Line Meter B,,,PowerFactor,Power Factor,ratio,0.87,2026-08-06T09:52:12.000Z,,ONLINE,Press Line Meter B (Riverdale Manufacturing): Power Factor (PowerFactor) = 0.87 ratio as of 2026-08-06T09:52:12.000Z [device ONLINE].
current_reading,31a45db8-ceab-bc59-3d5b-7ca528c2c637,Riverdale Manufacturing,91311ab0-8211-0ab2-8073-871b4d42ee7e,Press Line Meter B,,,Frequency,Frequency,Hz,50.07,2026-08-06T09:52:12.000Z,,ONLINE,Press Line Meter B (Riverdale Manufacturing): Frequency (Frequency) = 50.07 Hz as of 2026-08-06T09:52:12.000Z [device ONLINE].
current_reading,31a45db8-ceab-bc59-3d5b-7ca528c2c637,Riverdale Manufacturing,91311ab0-8211-0ab2-8073-871b4d42ee7e,Press Line Meter B,,,VoltageImbalance,Voltage Imbalance,%,2.53,2026-08-06T09:52:12.000Z,,ONLINE,Press Line Meter B (Riverdale Manufacturing): Voltage Imbalance (VoltageImbalance) = 2.53 % as of 2026-08-06T09:52:12.000Z [device ONLINE].
current_reading,31a45db8-ceab-bc59-3d5b-7ca528c2c637,Riverdale Manufacturing,91311ab0-8211-0ab2-8073-871b4d42ee7e,Press Line Meter B,,,CurrentImbalance,Current Imbalance,%,5.08,2026-08-06T09:52:12.000Z,,ONLINE,Press Line Meter B (Riverdale Manufacturing): Current Imbalance (CurrentImbalance) = 5.08 % as of 2026-08-06T09:52:12.000Z [device ONLINE].
current_reading,31a45db8-ceab-bc59-3d5b-7ca528c2c637,Riverdale Manufacturing,440e66a4-0438-0f8d-e300-f686285fe89e,Compressor Bank Meter,,,VoltageA,Voltage Phase A,V,226.44,2026-08-06T09:51:36.000Z,,ONLINE,Compressor Bank Meter (Riverdale Manufacturing): Voltage Phase A (VoltageA) = 226.44 V as of 2026-08-06T09:51:36.000Z [device ONLINE].
current_reading,31a45db8-ceab-bc59-3d5b-7ca528c2c637,Riverdale Manufacturing,440e66a4-0438-0f8d-e300-f686285fe89e,Compressor Bank Meter,,,VoltageB,Voltage Phase B,V,226.06,2026-08-06T09:51:36.000Z,,ONLINE,Compressor Bank Meter (Riverdale Manufacturing): Voltage Phase B (VoltageB) = 226.06 V as of 2026-08-06T09:51:36.000Z [device ONLINE].
current_reading,31a45db8-ceab-bc59-3d5b-7ca528c2c637,Riverdale Manufacturing,440e66a4-0438-0f8d-e300-f686285fe89e,Compressor Bank Meter,,,VoltageC,Voltage Phase C,V,227.22,2026-08-06T09:51:36.000Z,,ONLINE,Compressor Bank Meter (Riverdale Manufacturing): Voltage Phase C (VoltageC) = 227.22 V as of 2026-08-06T09:51:36.000Z [device ONLINE].
current_reading,31a45db8-ceab-bc59-3d5b-7ca528c2c637,Riverdale Manufacturing,440e66a4-0438-0f8d-e300-f686285fe89e,Compressor Bank Meter,,,CurrentA,Current Phase A,A,17.58,2026-08-06T09:51:36.000Z,,ONLINE,Compressor Bank Meter (Riverdale Manufacturing): Current Phase A (CurrentA) = 17.58 A as of 2026-08-06T09:51:36.000Z [device ONLINE].
current_reading,31a45db8-ceab-bc59-3d5b-7ca528c2c637,Riverdale Manufacturing,440e66a4-0438-0f8d-e300-f686285fe89e,Compressor Bank Meter,,,ActivePower,Active Power,kW,3.89,2026-08-06T09:51:36.000Z,,ONLINE,Compressor Bank Meter (Riverdale Manufacturing): Active Power (ActivePower) = 3.89 kW as of 2026-08-06T09:51:36.000Z [device ONLINE].
current_reading,31a45db8-ceab-bc59-3d5b-7ca528c2c637,Riverdale Manufacturing,440e66a4-0438-0f8d-e300-f686285fe89e,Compressor Bank Meter,,,PowerConsumption,Energy Consumption,kWh,38.3,2026-08-06T09:51:36.000Z,,ONLINE,Compressor Bank Meter (Riverdale Manufacturing): Energy Consumption (PowerConsumption) = 38.3 kWh as of 2026-08-06T09:51:36.000Z [device ONLINE].
current_reading,31a45db8-ceab-bc59-3d5b-7ca528c2c637,Riverdale Manufacturing,440e66a4-0438-0f8d-e300-f686285fe89e,Compressor Bank Meter,,,PowerFactor,Power Factor,ratio,0.82,2026-08-06T09:51:36.000Z,,ONLINE,Compressor Bank Meter (Riverdale Manufacturing): Power Factor (PowerFactor) = 0.82 ratio as of 2026-08-06T09:51:36.000Z [device ONLINE].
current_reading,31a45db8-ceab-bc59-3d5b-7ca528c2c637,Riverdale Manufacturing,440e66a4-0438-0f8d-e300-f686285fe89e,Compressor Bank Meter,,,Frequency,Frequency,Hz,49.86,2026-08-06T09:51:36.000Z,,ONLINE,Compressor Bank Meter (Riverdale Manufacturing): Frequency (Frequency) = 49.86 Hz as of 2026-08-06T09:51:36.000Z [device ONLINE].
current_reading,31a45db8-ceab-bc59-3d5b-7ca528c2c637,Riverdale Manufacturing,440e66a4-0438-0f8d-e300-f686285fe89e,Compressor Bank Meter,,,VoltageImbalance,Voltage Imbalance,%,1.7,2026-08-06T09:51:36.000Z,,ONLINE,Compressor Bank Meter (Riverdale Manufacturing): Voltage Imbalance (VoltageImbalance) = 1.7 % as of 2026-08-06T09:51:36.000Z [device ONLINE].
current_reading,31a45db8-ceab-bc59-3d5b-7ca528c2c637,Riverdale Manufacturing,440e66a4-0438-0f8d-e300-f686285fe89e,Compressor Bank Meter,,,CurrentImbalance,Current Imbalance,%,3.42,2026-08-06T09:51:36.000Z,,ONLINE,Compressor Bank Meter (Riverdale Manufacturing): Current Imbalance (CurrentImbalance) = 3.42 % as of 2026-08-06T09:51:36.000Z [device ONLINE].
current_reading,31a45db8-ceab-bc59-3d5b-7ca528c2c637,Riverdale Manufacturing,7bb68f35-07b1-9833-0a95-312b35acaec6,Paint Shop Meter,,,VoltageA,Voltage Phase A,V,229.23,2026-08-05T12:00:00.000Z,,OFFLINE,Paint Shop Meter (Riverdale Manufacturing): Voltage Phase A (VoltageA) = 229.23 V as of 2026-08-05T12:00:00.000Z [device OFFLINE].
current_reading,31a45db8-ceab-bc59-3d5b-7ca528c2c637,Riverdale Manufacturing,7bb68f35-07b1-9833-0a95-312b35acaec6,Paint Shop Meter,,,VoltageB,Voltage Phase B,V,228.54,2026-08-05T12:00:00.000Z,,OFFLINE,Paint Shop Meter (Riverdale Manufacturing): Voltage Phase B (VoltageB) = 228.54 V as of 2026-08-05T12:00:00.000Z [device OFFLINE].
current_reading,31a45db8-ceab-bc59-3d5b-7ca528c2c637,Riverdale Manufacturing,7bb68f35-07b1-9833-0a95-312b35acaec6,Paint Shop Meter,,,VoltageC,Voltage Phase C,V,230.69,2026-08-05T12:00:00.000Z,,OFFLINE,Paint Shop Meter (Riverdale Manufacturing): Voltage Phase C (VoltageC) = 230.69 V as of 2026-08-05T12:00:00.000Z [device OFFLINE].
current_reading,31a45db8-ceab-bc59-3d5b-7ca528c2c637,Riverdale Manufacturing,7bb68f35-07b1-9833-0a95-312b35acaec6,Paint Shop Meter,,,CurrentA,Current Phase A,A,21.03,2026-08-05T12:00:00.000Z,,OFFLINE,Paint Shop Meter (Riverdale Manufacturing): Current Phase A (CurrentA) = 21.03 A as of 2026-08-05T12:00:00.000Z [device OFFLINE].
current_reading,31a45db8-ceab-bc59-3d5b-7ca528c2c637,Riverdale Manufacturing,7bb68f35-07b1-9833-0a95-312b35acaec6,Paint Shop Meter,,,ActivePower,Active Power,kW,4.92,2026-08-05T12:00:00.000Z,,OFFLINE,Paint Shop Meter (Riverdale Manufacturing): Active Power (ActivePower) = 4.92 kW as of 2026-08-05T12:00:00.000Z [device OFFLINE].
current_reading,31a45db8-ceab-bc59-3d5b-7ca528c2c637,Riverdale Manufacturing,7bb68f35-07b1-9833-0a95-312b35acaec6,Paint Shop Meter,,,PowerConsumption,Energy Consumption,kWh,42,2026-08-05T12:00:00.000Z,,OFFLINE,Paint Shop Meter (Riverdale Manufacturing): Energy Consumption (PowerConsumption) = 42 kWh as of 2026-08-05T12:00:00.000Z [device OFFLINE].
current_reading,31a45db8-ceab-bc59-3d5b-7ca528c2c637,Riverdale Manufacturing,7bb68f35-07b1-9833-0a95-312b35acaec6,Paint Shop Meter,,,PowerFactor,Power Factor,ratio,0.85,2026-08-05T12:00:00.000Z,,OFFLINE,Paint Shop Meter (Riverdale Manufacturing): Power Factor (PowerFactor) = 0.85 ratio as of 2026-08-05T12:00:00.000Z [device OFFLINE].
current_reading,31a45db8-ceab-bc59-3d5b-7ca528c2c637,Riverdale Manufacturing,7bb68f35-07b1-9833-0a95-312b35acaec6,Paint Shop Meter,,,Frequency,Frequency,Hz,49.97,2026-08-05T12:00:00.000Z,,OFFLINE,Paint Shop Meter (Riverdale Manufacturing): Frequency (Frequency) = 49.97 Hz as of 2026-08-05T12:00:00.000Z [device OFFLINE].
current_reading,31a45db8-ceab-bc59-3d5b-7ca528c2c637,Riverdale Manufacturing,7bb68f35-07b1-9833-0a95-312b35acaec6,Paint Shop Meter,,,VoltageImbalance,Voltage Imbalance,%,2.18,2026-08-05T12:00:00.000Z,,OFFLINE,Paint Shop Meter (Riverdale Manufacturing): Voltage Imbalance (VoltageImbalance) = 2.18 % as of 2026-08-05T12:00:00.000Z [device OFFLINE].
current_reading,31a45db8-ceab-bc59-3d5b-7ca528c2c637,Riverdale Manufacturing,7bb68f35-07b1-9833-0a95-312b35acaec6,Paint Shop Meter,,,CurrentImbalance,Current Imbalance,%,4.37,2026-08-05T12:00:00.000Z,,OFFLINE,Paint Shop Meter (Riverdale Manufacturing): Current Imbalance (CurrentImbalance) = 4.37 % as of 2026-08-05T12:00:00.000Z [device OFFLINE].
current_reading,31a45db8-ceab-bc59-3d5b-7ca528c2c637,Riverdale Manufacturing,77d1f9a2-f1c3-5104-6e19-f489ad2a9353,Warehouse Main Meter,,,VoltageA,Voltage Phase A,V,233.86,2026-08-06T09:50:24.000Z,,ONLINE,Warehouse Main Meter (Riverdale Manufacturing): Voltage Phase A (VoltageA) = 233.86 V as of 2026-08-06T09:50:24.000Z [device ONLINE].
current_reading,31a45db8-ceab-bc59-3d5b-7ca528c2c637,Riverdale Manufacturing,77d1f9a2-f1c3-5104-6e19-f489ad2a9353,Warehouse Main Meter,,,VoltageB,Voltage Phase B,V,232.61,2026-08-06T09:50:24.000Z,,ONLINE,Warehouse Main Meter (Riverdale Manufacturing): Voltage Phase B (VoltageB) = 232.61 V as of 2026-08-06T09:50:24.000Z [device ONLINE].
current_reading,31a45db8-ceab-bc59-3d5b-7ca528c2c637,Riverdale Manufacturing,77d1f9a2-f1c3-5104-6e19-f489ad2a9353,Warehouse Main Meter,,,VoltageC,Voltage Phase C,V,234.04,2026-08-06T09:50:24.000Z,,ONLINE,Warehouse Main Meter (Riverdale Manufacturing): Voltage Phase C (VoltageC) = 234.04 V as of 2026-08-06T09:50:24.000Z [device ONLINE].
current_reading,31a45db8-ceab-bc59-3d5b-7ca528c2c637,Riverdale Manufacturing,77d1f9a2-f1c3-5104-6e19-f489ad2a9353,Warehouse Main Meter,,,CurrentA,Current Phase A,A,30.36,2026-08-06T09:50:24.000Z,,ONLINE,Warehouse Main Meter (Riverdale Manufacturing): Current Phase A (CurrentA) = 30.36 A as of 2026-08-06T09:50:24.000Z [device ONLINE].
current_reading,31a45db8-ceab-bc59-3d5b-7ca528c2c637,Riverdale Manufacturing,77d1f9a2-f1c3-5104-6e19-f489ad2a9353,Warehouse Main Meter,,,ActivePower,Active Power,kW,6.46,2026-08-06T09:50:24.000Z,,ONLINE,Warehouse Main Meter (Riverdale Manufacturing): Active Power (ActivePower) = 6.46 kW as of 2026-08-06T09:50:24.000Z [device ONLINE].
current_reading,31a45db8-ceab-bc59-3d5b-7ca528c2c637,Riverdale Manufacturing,77d1f9a2-f1c3-5104-6e19-f489ad2a9353,Warehouse Main Meter,,,PowerConsumption,Energy Consumption,kWh,45.7,2026-08-06T09:50:24.000Z,,ONLINE,Warehouse Main Meter (Riverdale Manufacturing): Energy Consumption (PowerConsumption) = 45.7 kWh as of 2026-08-06T09:50:24.000Z [device ONLINE].
current_reading,31a45db8-ceab-bc59-3d5b-7ca528c2c637,Riverdale Manufacturing,77d1f9a2-f1c3-5104-6e19-f489ad2a9353,Warehouse Main Meter,,,PowerFactor,Power Factor,ratio,0.9,2026-08-06T09:50:24.000Z,,ONLINE,Warehouse Main Meter (Riverdale Manufacturing): Power Factor (PowerFactor) = 0.9 ratio as of 2026-08-06T09:50:24.000Z [device ONLINE].
current_reading,31a45db8-ceab-bc59-3d5b-7ca528c2c637,Riverdale Manufacturing,77d1f9a2-f1c3-5104-6e19-f489ad2a9353,Warehouse Main Meter,,,Frequency,Frequency,Hz,50.16,2026-08-06T09:50:24.000Z,,ONLINE,Warehouse Main Meter (Riverdale Manufacturing): Frequency (Frequency) = 50.16 Hz as of 2026-08-06T09:50:24.000Z [device ONLINE].
current_reading,31a45db8-ceab-bc59-3d5b-7ca528c2c637,Riverdale Manufacturing,77d1f9a2-f1c3-5104-6e19-f489ad2a9353,Warehouse Main Meter,,,VoltageImbalance,Voltage Imbalance,%,2.99,2026-08-06T09:50:24.000Z,,ONLINE,Warehouse Main Meter (Riverdale Manufacturing): Voltage Imbalance (VoltageImbalance) = 2.99 % as of 2026-08-06T09:50:24.000Z [device ONLINE].
current_reading,31a45db8-ceab-bc59-3d5b-7ca528c2c637,Riverdale Manufacturing,77d1f9a2-f1c3-5104-6e19-f489ad2a9353,Warehouse Main Meter,,,CurrentImbalance,Current Imbalance,%,5.65,2026-08-06T09:50:24.000Z,,ONLINE,Warehouse Main Meter (Riverdale Manufacturing): Current Imbalance (CurrentImbalance) = 5.65 % as of 2026-08-06T09:50:24.000Z [device ONLINE].
current_reading,31a45db8-ceab-bc59-3d5b-7ca528c2c637,Riverdale Manufacturing,e1d0b3f2-d71e-18f3-fd40-218b43949ab9,Cold Storage Meter,,,VoltageA,Voltage Phase A,V,229.31,2026-08-06T09:49:48.000Z,,ONLINE,Cold Storage Meter (Riverdale Manufacturing): Voltage Phase A (VoltageA) = 229.31 V as of 2026-08-06T09:49:48.000Z [device ONLINE].
current_reading,31a45db8-ceab-bc59-3d5b-7ca528c2c637,Riverdale Manufacturing,e1d0b3f2-d71e-18f3-fd40-218b43949ab9,Cold Storage Meter,,,VoltageB,Voltage Phase B,V,228.91,2026-08-06T09:49:48.000Z,,ONLINE,Cold Storage Meter (Riverdale Manufacturing): Voltage Phase B (VoltageB) = 228.91 V as of 2026-08-06T09:49:48.000Z [device ONLINE].
current_reading,31a45db8-ceab-bc59-3d5b-7ca528c2c637,Riverdale Manufacturing,e1d0b3f2-d71e-18f3-fd40-218b43949ab9,Cold Storage Meter,,,VoltageC,Voltage Phase C,V,230.04,2026-08-06T09:49:48.000Z,,ONLINE,Cold Storage Meter (Riverdale Manufacturing): Voltage Phase C (VoltageC) = 230.04 V as of 2026-08-06T09:49:48.000Z [device ONLINE].
current_reading,31a45db8-ceab-bc59-3d5b-7ca528c2c637,Riverdale Manufacturing,e1d0b3f2-d71e-18f3-fd40-218b43949ab9,Cold Storage Meter,,,CurrentA,Current Phase A,A,23.25,2026-08-06T09:49:48.000Z,,ONLINE,Cold Storage Meter (Riverdale Manufacturing): Current Phase A (CurrentA) = 23.25 A as of 2026-08-06T09:49:48.000Z [device ONLINE].
current_reading,31a45db8-ceab-bc59-3d5b-7ca528c2c637,Riverdale Manufacturing,e1d0b3f2-d71e-18f3-fd40-218b43949ab9,Cold Storage Meter,,,ActivePower,Active Power,kW,4.89,2026-08-06T09:49:48.000Z,,ONLINE,Cold Storage Meter (Riverdale Manufacturing): Active Power (ActivePower) = 4.89 kW as of 2026-08-06T09:49:48.000Z [device ONLINE].
current_reading,31a45db8-ceab-bc59-3d5b-7ca528c2c637,Riverdale Manufacturing,e1d0b3f2-d71e-18f3-fd40-218b43949ab9,Cold Storage Meter,,,PowerConsumption,Energy Consumption,kWh,49.4,2026-08-06T09:49:48.000Z,,ONLINE,Cold Storage Meter (Riverdale Manufacturing): Energy Consumption (PowerConsumption) = 49.4 kWh as of 2026-08-06T09:49:48.000Z [device ONLINE].
current_reading,31a45db8-ceab-bc59-3d5b-7ca528c2c637,Riverdale Manufacturing,e1d0b3f2-d71e-18f3-fd40-218b43949ab9,Cold Storage Meter,,,PowerFactor,Power Factor,ratio,0.85,2026-08-06T09:49:48.000Z,,ONLINE,Cold Storage Meter (Riverdale Manufacturing): Power Factor (PowerFactor) = 0.85 ratio as of 2026-08-06T09:49:48.000Z [device ONLINE].
current_reading,31a45db8-ceab-bc59-3d5b-7ca528c2c637,Riverdale Manufacturing,e1d0b3f2-d71e-18f3-fd40-218b43949ab9,Cold Storage Meter,,,Frequency,Frequency,Hz,49.99,2026-08-06T09:49:48.000Z,,ONLINE,Cold Storage Meter (Riverdale Manufacturing): Frequency (Frequency) = 49.99 Hz as of 2026-08-06T09:49:48.000Z [device ONLINE].
current_reading,31a45db8-ceab-bc59-3d5b-7ca528c2c637,Riverdale Manufacturing,e1d0b3f2-d71e-18f3-fd40-218b43949ab9,Cold Storage Meter,,,VoltageImbalance,Voltage Imbalance,%,2.08,2026-08-06T09:49:48.000Z,,ONLINE,Cold Storage Meter (Riverdale Manufacturing): Voltage Imbalance (VoltageImbalance) = 2.08 % as of 2026-08-06T09:49:48.000Z [device ONLINE].
current_reading,31a45db8-ceab-bc59-3d5b-7ca528c2c637,Riverdale Manufacturing,e1d0b3f2-d71e-18f3-fd40-218b43949ab9,Cold Storage Meter,,,CurrentImbalance,Current Imbalance,%,4.19,2026-08-06T09:49:48.000Z,,ONLINE,Cold Storage Meter (Riverdale Manufacturing): Current Imbalance (CurrentImbalance) = 4.19 % as of 2026-08-06T09:49:48.000Z [device ONLINE].
alarm,260d819a-2473-7045-7f10-1a415c5df668,Greenfield Energy Co,a0a447f8-db0a-2d48-0e7b-e8b8f43c52e9,Energy Meter 001,,,VoltageA,Overvoltage Phase A,,248.2,2026-08-04T22:00:00.000Z,RESOLVED,PROCESSED,"Alarm ""Overvoltage Phase A"" on Energy Meter 001 (Greenfield Energy Co): VoltageA GT 245, value=248.2, state=RESOLVED, process=PROCESSED, at 2026-08-04T22:00:00.000Z."
alarm,260d819a-2473-7045-7f10-1a415c5df668,Greenfield Energy Co,ad0e1a81-3899-cf0d-3834-b15139c91c27,Energy Meter 002,,,PowerFactor,Low Power Factor,,0.74,2026-08-06T06:00:00.000Z,ACTIVE,UNPROCESSED,"Alarm ""Low Power Factor"" on Energy Meter 002 (Greenfield Energy Co): PowerFactor LT 0.80, value=0.74, state=ACTIVE, process=UNPROCESSED, at 2026-08-06T06:00:00.000Z."
alarm,260d819a-2473-7045-7f10-1a415c5df668,Greenfield Energy Co,1f760f66-0ee2-5f4c-2f8f-7c6c3da709c3,HVAC Meter North,,,VoltageA,Overvoltage Phase A,,246.8,2026-08-06T08:30:00.000Z,ACTIVE,UNPROCESSED,"Alarm ""Overvoltage Phase A"" on HVAC Meter North (Greenfield Energy Co): VoltageA GT 245, value=246.8, state=ACTIVE, process=UNPROCESSED, at 2026-08-06T08:30:00.000Z."
alarm,31a45db8-ceab-bc59-3d5b-7ca528c2c637,Riverdale Manufacturing,5740cbe5-bac2-1d22-7f9c-e298a8ffc9b8,Press Line Meter A,,,CurrentImbalance,Current Imbalance High,,7.2,2026-08-06T08:00:00.000Z,ACTIVE,UNPROCESSED,"Alarm ""Current Imbalance High"" on Press Line Meter A (Riverdale Manufacturing): CurrentImbalance GT 6, value=7.2, state=ACTIVE, process=UNPROCESSED, at 2026-08-06T08:00:00.000Z."
alarm,31a45db8-ceab-bc59-3d5b-7ca528c2c637,Riverdale Manufacturing,440e66a4-0438-0f8d-e300-f686285fe89e,Compressor Bank Meter,,,CurrentA,Overcurrent Phase A,,42.5,2026-08-05T06:00:00.000Z,RESOLVED,PROCESSED,"Alarm ""Overcurrent Phase A"" on Compressor Bank Meter (Riverdale Manufacturing): CurrentA GT 40, value=42.5, state=RESOLVED, process=PROCESSED, at 2026-08-05T06:00:00.000Z."
alarm,31a45db8-ceab-bc59-3d5b-7ca528c2c637,Riverdale Manufacturing,91311ab0-8211-0ab2-8073-871b4d42ee7e,Press Line Meter B,,,CurrentImbalance,Current Imbalance High,,6.8,2026-08-04T10:00:00.000Z,RESOLVED,PROCESSED,"Alarm ""Current Imbalance High"" on Press Line Meter B (Riverdale Manufacturing): CurrentImbalance GT 6, value=6.8, state=RESOLVED, process=PROCESSED, at 2026-08-04T10:00:00.000Z."
alarm,31a45db8-ceab-bc59-3d5b-7ca528c2c637,Riverdale Manufacturing,e1d0b3f2-d71e-18f3-fd40-218b43949ab9,Cold Storage Meter,,,CurrentA,Overcurrent Phase A,,41.1,2026-08-06T09:12:00.000Z,ACTIVE,UNPROCESSED,"Alarm ""Overcurrent Phase A"" on Cold Storage Meter (Riverdale Manufacturing): CurrentA GT 40, value=41.1, state=ACTIVE, process=UNPROCESSED, at 2026-08-06T09:12:00.000Z."
alarm,260d819a-2473-7045-7f10-1a415c5df668,Greenfield Energy Co,50721269-e628-a519-53b1-711cf83e4517,Energy Meter 003,,,PowerFactor,Low Power Factor,,0.76,2026-08-03T10:00:00.000Z,RESOLVED,PROCESSED,"Alarm ""Low Power Factor"" on Energy Meter 003 (Greenfield Energy Co): PowerFactor LT 0.80, value=0.76, state=RESOLVED, process=PROCESSED, at 2026-08-03T10:00:00.000Z."
alarm,31a45db8-ceab-bc59-3d5b-7ca528c2c637,Riverdale Manufacturing,7bb68f35-07b1-9833-0a95-312b35acaec6,Paint Shop Meter,,,CurrentA,Overcurrent Phase A,,43,2026-08-06T00:00:00.000Z,ACTIVE,UNPROCESSED,"Alarm ""Overcurrent Phase A"" on Paint Shop Meter (Riverdale Manufacturing): CurrentA GT 40, value=43, state=ACTIVE, process=UNPROCESSED, at 2026-08-06T00:00:00.000Z."
alarm,260d819a-2473-7045-7f10-1a415c5df668,Greenfield Energy Co,e2d4bff1-5241-8f08-bb25-702cef45696c,Energy Meter 005,,,VoltageA,Overvoltage Phase A,,247,2026-08-02T10:00:00.000Z,RESOLVED,PROCESSED,"Alarm ""Overvoltage Phase A"" on Energy Meter 005 (Greenfield Energy Co): VoltageA GT 245, value=247, state=RESOLVED, process=PROCESSED, at 2026-08-02T10:00:00.000Z."
energy_interval,260d819a-2473-7045-7f10-1a415c5df668,Greenfield Energy Co,a0a447f8-db0a-2d48-0e7b-e8b8f43c52e9,Energy Meter 001,,,PowerConsumption,Daily Energy Consumption,kWh,13.93,2026-08-06T00:00:00.000Z,,,Energy Meter 001 (Greenfield Energy Co) consumed 13.93 kWh (cost 445.39 PKR) from 2026-08-05T00:00:00.000Z to 2026-08-06T00:00:00.000Z.
energy_interval,260d819a-2473-7045-7f10-1a415c5df668,Greenfield Energy Co,a0a447f8-db0a-2d48-0e7b-e8b8f43c52e9,Energy Meter 001,,,PowerConsumption,Daily Energy Consumption,kWh,17.61,2026-08-05T00:00:00.000Z,,,Energy Meter 001 (Greenfield Energy Co) consumed 17.61 kWh (cost 562.16 PKR) from 2026-08-04T00:00:00.000Z to 2026-08-05T00:00:00.000Z.
energy_interval,260d819a-2473-7045-7f10-1a415c5df668,Greenfield Energy Co,a0a447f8-db0a-2d48-0e7b-e8b8f43c52e9,Energy Meter 001,,,PowerConsumption,Daily Energy Consumption,kWh,15.39,2026-08-04T00:00:00.000Z,,,Energy Meter 001 (Greenfield Energy Co) consumed 15.39 kWh (cost 479.69 PKR) from 2026-08-03T00:00:00.000Z to 2026-08-04T00:00:00.000Z.
energy_interval,260d819a-2473-7045-7f10-1a415c5df668,Greenfield Energy Co,ad0e1a81-3899-cf0d-3834-b15139c91c27,Energy Meter 002,,,PowerConsumption,Daily Energy Consumption,kWh,17.99,2026-08-06T00:00:00.000Z,,,Energy Meter 002 (Greenfield Energy Co) consumed 17.99 kWh (cost 552.41 PKR) from 2026-08-05T00:00:00.000Z to 2026-08-06T00:00:00.000Z.
energy_interval,260d819a-2473-7045-7f10-1a415c5df668,Greenfield Energy Co,ad0e1a81-3899-cf0d-3834-b15139c91c27,Energy Meter 002,,,PowerConsumption,Daily Energy Consumption,kWh,16.88,2026-08-05T00:00:00.000Z,,,Energy Meter 002 (Greenfield Energy Co) consumed 16.88 kWh (cost 511.88 PKR) from 2026-08-04T00:00:00.000Z to 2026-08-05T00:00:00.000Z.
energy_interval,260d819a-2473-7045-7f10-1a415c5df668,Greenfield Energy Co,ad0e1a81-3899-cf0d-3834-b15139c91c27,Energy Meter 002,,,PowerConsumption,Daily Energy Consumption,kWh,16.17,2026-08-04T00:00:00.000Z,,,Energy Meter 002 (Greenfield Energy Co) consumed 16.17 kWh (cost 490.59 PKR) from 2026-08-03T00:00:00.000Z to 2026-08-04T00:00:00.000Z.
energy_interval,260d819a-2473-7045-7f10-1a415c5df668,Greenfield Energy Co,50721269-e628-a519-53b1-711cf83e4517,Energy Meter 003,,,PowerConsumption,Daily Energy Consumption,kWh,18.6,2026-08-06T00:00:00.000Z,,,Energy Meter 003 (Greenfield Energy Co) consumed 18.6 kWh (cost 529.1 PKR) from 2026-08-05T00:00:00.000Z to 2026-08-06T00:00:00.000Z.
energy_interval,260d819a-2473-7045-7f10-1a415c5df668,Greenfield Energy Co,50721269-e628-a519-53b1-711cf83e4517,Energy Meter 003,,,PowerConsumption,Daily Energy Consumption,kWh,21.34,2026-08-05T00:00:00.000Z,,,Energy Meter 003 (Greenfield Energy Co) consumed 21.34 kWh (cost 617.96 PKR) from 2026-08-04T00:00:00.000Z to 2026-08-05T00:00:00.000Z.
energy_interval,260d819a-2473-7045-7f10-1a415c5df668,Greenfield Energy Co,50721269-e628-a519-53b1-711cf83e4517,Energy Meter 003,,,PowerConsumption,Daily Energy Consumption,kWh,19.4,2026-08-04T00:00:00.000Z,,,Energy Meter 003 (Greenfield Energy Co) consumed 19.4 kWh (cost 553.97 PKR) from 2026-08-03T00:00:00.000Z to 2026-08-04T00:00:00.000Z.
energy_interval,260d819a-2473-7045-7f10-1a415c5df668,Greenfield Energy Co,0d2db7e0-e983-f028-eb93-08da6e8c362c,Energy Meter 004,,,PowerConsumption,Daily Energy Consumption,kWh,20.37,2026-08-06T00:00:00.000Z,,,Energy Meter 004 (Greenfield Energy Co) consumed 20.37 kWh (cost 641.41 PKR) from 2026-08-05T00:00:00.000Z to 2026-08-06T00:00:00.000Z.
energy_interval,260d819a-2473-7045-7f10-1a415c5df668,Greenfield Energy Co,0d2db7e0-e983-f028-eb93-08da6e8c362c,Energy Meter 004,,,PowerConsumption,Daily Energy Consumption,kWh,21.48,2026-08-05T00:00:00.000Z,,,Energy Meter 004 (Greenfield Energy Co) consumed 21.48 kWh (cost 611.74 PKR) from 2026-08-04T00:00:00.000Z to 2026-08-05T00:00:00.000Z.
energy_interval,260d819a-2473-7045-7f10-1a415c5df668,Greenfield Energy Co,0d2db7e0-e983-f028-eb93-08da6e8c362c,Energy Meter 004,,,PowerConsumption,Daily Energy Consumption,kWh,20.37,2026-08-04T00:00:00.000Z,,,Energy Meter 004 (Greenfield Energy Co) consumed 20.37 kWh (cost 580.45 PKR) from 2026-08-03T00:00:00.000Z to 2026-08-04T00:00:00.000Z.
energy_interval,260d819a-2473-7045-7f10-1a415c5df668,Greenfield Energy Co,e2d4bff1-5241-8f08-bb25-702cef45696c,Energy Meter 005,,,PowerConsumption,Daily Energy Consumption,kWh,24.17,2026-08-06T00:00:00.000Z,,,Energy Meter 005 (Greenfield Energy Co) consumed 24.17 kWh (cost 701.92 PKR) from 2026-08-05T00:00:00.000Z to 2026-08-06T00:00:00.000Z.
energy_interval,260d819a-2473-7045-7f10-1a415c5df668,Greenfield Energy Co,e2d4bff1-5241-8f08-bb25-702cef45696c,Energy Meter 005,,,PowerConsumption,Daily Energy Consumption,kWh,21.29,2026-08-05T00:00:00.000Z,,,Energy Meter 005 (Greenfield Energy Co) consumed 21.29 kWh (cost 659.72 PKR) from 2026-08-04T00:00:00.000Z to 2026-08-05T00:00:00.000Z.
energy_interval,260d819a-2473-7045-7f10-1a415c5df668,Greenfield Energy Co,e2d4bff1-5241-8f08-bb25-702cef45696c,Energy Meter 005,,,PowerConsumption,Daily Energy Consumption,kWh,23.48,2026-08-04T00:00:00.000Z,,,Energy Meter 005 (Greenfield Energy Co) consumed 23.48 kWh (cost 748.17 PKR) from 2026-08-03T00:00:00.000Z to 2026-08-04T00:00:00.000Z.
energy_interval,260d819a-2473-7045-7f10-1a415c5df668,Greenfield Energy Co,1f760f66-0ee2-5f4c-2f8f-7c6c3da709c3,HVAC Meter North,,,PowerConsumption,Daily Energy Consumption,kWh,23.64,2026-08-06T00:00:00.000Z,,,HVAC Meter North (Greenfield Energy Co) consumed 23.64 kWh (cost 737.2 PKR) from 2026-08-05T00:00:00.000Z to 2026-08-06T00:00:00.000Z.
energy_interval,260d819a-2473-7045-7f10-1a415c5df668,Greenfield Energy Co,1f760f66-0ee2-5f4c-2f8f-7c6c3da709c3,HVAC Meter North,,,PowerConsumption,Daily Energy Consumption,kWh,25.05,2026-08-05T00:00:00.000Z,,,HVAC Meter North (Greenfield Energy Co) consumed 25.05 kWh (cost 722.86 PKR) from 2026-08-04T00:00:00.000Z to 2026-08-05T00:00:00.000Z.
energy_interval,260d819a-2473-7045-7f10-1a415c5df668,Greenfield Energy Co,1f760f66-0ee2-5f4c-2f8f-7c6c3da709c3,HVAC Meter North,,,PowerConsumption,Daily Energy Consumption,kWh,24.84,2026-08-04T00:00:00.000Z,,,HVAC Meter North (Greenfield Energy Co) consumed 24.84 kWh (cost 768.37 PKR) from 2026-08-03T00:00:00.000Z to 2026-08-04T00:00:00.000Z.
energy_interval,31a45db8-ceab-bc59-3d5b-7ca528c2c637,Riverdale Manufacturing,5740cbe5-bac2-1d22-7f9c-e298a8ffc9b8,Press Line Meter A,,,PowerConsumption,Daily Energy Consumption,kWh,26.84,2026-08-06T00:00:00.000Z,,,Press Line Meter A (Riverdale Manufacturing) consumed 26.84 kWh (cost 810.54 PKR) from 2026-08-05T00:00:00.000Z to 2026-08-06T00:00:00.000Z.
energy_interval,31a45db8-ceab-bc59-3d5b-7ca528c2c637,Riverdale Manufacturing,5740cbe5-bac2-1d22-7f9c-e298a8ffc9b8,Press Line Meter A,,,PowerConsumption,Daily Energy Consumption,kWh,26.3,2026-08-05T00:00:00.000Z,,,Press Line Meter A (Riverdale Manufacturing) consumed 26.3 kWh (cost 787.61 PKR) from 2026-08-04T00:00:00.000Z to 2026-08-05T00:00:00.000Z.
energy_interval,31a45db8-ceab-bc59-3d5b-7ca528c2c637,Riverdale Manufacturing,5740cbe5-bac2-1d22-7f9c-e298a8ffc9b8,Press Line Meter A,,,PowerConsumption,Daily Energy Consumption,kWh,26.55,2026-08-04T00:00:00.000Z,,,Press Line Meter A (Riverdale Manufacturing) consumed 26.55 kWh (cost 806.86 PKR) from 2026-08-03T00:00:00.000Z to 2026-08-04T00:00:00.000Z.
energy_interval,31a45db8-ceab-bc59-3d5b-7ca528c2c637,Riverdale Manufacturing,91311ab0-8211-0ab2-8073-871b4d42ee7e,Press Line Meter B,,,PowerConsumption,Daily Energy Consumption,kWh,26.89,2026-08-06T00:00:00.000Z,,,Press Line Meter B (Riverdale Manufacturing) consumed 26.89 kWh (cost 843.37 PKR) from 2026-08-05T00:00:00.000Z to 2026-08-06T00:00:00.000Z.
energy_interval,31a45db8-ceab-bc59-3d5b-7ca528c2c637,Riverdale Manufacturing,91311ab0-8211-0ab2-8073-871b4d42ee7e,Press Line Meter B,,,PowerConsumption,Daily Energy Consumption,kWh,29.23,2026-08-05T00:00:00.000Z,,,Press Line Meter B (Riverdale Manufacturing) consumed 29.23 kWh (cost 821.42 PKR) from 2026-08-04T00:00:00.000Z to 2026-08-05T00:00:00.000Z.
energy_interval,31a45db8-ceab-bc59-3d5b-7ca528c2c637,Riverdale Manufacturing,91311ab0-8211-0ab2-8073-871b4d42ee7e,Press Line Meter B,,,PowerConsumption,Daily Energy Consumption,kWh,28.1,2026-08-04T00:00:00.000Z,,,Press Line Meter B (Riverdale Manufacturing) consumed 28.1 kWh (cost 871.28 PKR) from 2026-08-03T00:00:00.000Z to 2026-08-04T00:00:00.000Z.
energy_interval,31a45db8-ceab-bc59-3d5b-7ca528c2c637,Riverdale Manufacturing,440e66a4-0438-0f8d-e300-f686285fe89e,Compressor Bank Meter,,,PowerConsumption,Daily Energy Consumption,kWh,28.67,2026-08-06T00:00:00.000Z,,,Compressor Bank Meter (Riverdale Manufacturing) consumed 28.67 kWh (cost 849.47 PKR) from 2026-08-05T00:00:00.000Z to 2026-08-06T00:00:00.000Z.
energy_interval,31a45db8-ceab-bc59-3d5b-7ca528c2c637,Riverdale Manufacturing,440e66a4-0438-0f8d-e300-f686285fe89e,Compressor Bank Meter,,,PowerConsumption,Daily Energy Consumption,kWh,29.29,2026-08-05T00:00:00.000Z,,,Compressor Bank Meter (Riverdale Manufacturing) consumed 29.29 kWh (cost 879.06 PKR) from 2026-08-04T00:00:00.000Z to 2026-08-05T00:00:00.000Z.
energy_interval,31a45db8-ceab-bc59-3d5b-7ca528c2c637,Riverdale Manufacturing,440e66a4-0438-0f8d-e300-f686285fe89e,Compressor Bank Meter,,,PowerConsumption,Daily Energy Consumption,kWh,29.92,2026-08-04T00:00:00.000Z,,,Compressor Bank Meter (Riverdale Manufacturing) consumed 29.92 kWh (cost 950.78 PKR) from 2026-08-03T00:00:00.000Z to 2026-08-04T00:00:00.000Z.
energy_interval,31a45db8-ceab-bc59-3d5b-7ca528c2c637,Riverdale Manufacturing,7bb68f35-07b1-9833-0a95-312b35acaec6,Paint Shop Meter,,,PowerConsumption,Daily Energy Consumption,kWh,32.07,2026-08-06T00:00:00.000Z,,,Paint Shop Meter (Riverdale Manufacturing) consumed 32.07 kWh (cost 1014.72 PKR) from 2026-08-05T00:00:00.000Z to 2026-08-06T00:00:00.000Z.
energy_interval,31a45db8-ceab-bc59-3d5b-7ca528c2c637,Riverdale Manufacturing,7bb68f35-07b1-9833-0a95-312b35acaec6,Paint Shop Meter,,,PowerConsumption,Daily Energy Consumption,kWh,33.21,2026-08-05T00:00:00.000Z,,,Paint Shop Meter (Riverdale Manufacturing) consumed 33.21 kWh (cost 965.42 PKR) from 2026-08-04T00:00:00.000Z to 2026-08-05T00:00:00.000Z.
energy_interval,31a45db8-ceab-bc59-3d5b-7ca528c2c637,Riverdale Manufacturing,7bb68f35-07b1-9833-0a95-312b35acaec6,Paint Shop Meter,,,PowerConsumption,Daily Energy Consumption,kWh,32.52,2026-08-04T00:00:00.000Z,,,Paint Shop Meter (Riverdale Manufacturing) consumed 32.52 kWh (cost 929.18 PKR) from 2026-08-03T00:00:00.000Z to 2026-08-04T00:00:00.000Z.
energy_interval,31a45db8-ceab-bc59-3d5b-7ca528c2c637,Riverdale Manufacturing,77d1f9a2-f1c3-5104-6e19-f489ad2a9353,Warehouse Main Meter,,,PowerConsumption,Daily Energy Consumption,kWh,34.62,2026-08-06T00:00:00.000Z,,,Warehouse Main Meter (Riverdale Manufacturing) consumed 34.62 kWh (cost 1024.7 PKR) from 2026-08-05T00:00:00.000Z to 2026-08-06T00:00:00.000Z.
energy_interval,31a45db8-ceab-bc59-3d5b-7ca528c2c637,Riverdale Manufacturing,77d1f9a2-f1c3-5104-6e19-f489ad2a9353,Warehouse Main Meter,,,PowerConsumption,Daily Energy Consumption,kWh,32.2,2026-08-05T00:00:00.000Z,,,Warehouse Main Meter (Riverdale Manufacturing) consumed 32.2 kWh (cost 1003.11 PKR) from 2026-08-04T00:00:00.000Z to 2026-08-05T00:00:00.000Z.
energy_interval,31a45db8-ceab-bc59-3d5b-7ca528c2c637,Riverdale Manufacturing,77d1f9a2-f1c3-5104-6e19-f489ad2a9353,Warehouse Main Meter,,,PowerConsumption,Daily Energy Consumption,kWh,34.7,2026-08-04T00:00:00.000Z,,,Warehouse Main Meter (Riverdale Manufacturing) consumed 34.7 kWh (cost 976.24 PKR) from 2026-08-03T00:00:00.000Z to 2026-08-04T00:00:00.000Z.
energy_interval,31a45db8-ceab-bc59-3d5b-7ca528c2c637,Riverdale Manufacturing,e1d0b3f2-d71e-18f3-fd40-218b43949ab9,Cold Storage Meter,,,PowerConsumption,Daily Energy Consumption,kWh,35.83,2026-08-06T00:00:00.000Z,,,Cold Storage Meter (Riverdale Manufacturing) consumed 35.83 kWh (cost 1063.25 PKR) from 2026-08-05T00:00:00.000Z to 2026-08-06T00:00:00.000Z.
energy_interval,31a45db8-ceab-bc59-3d5b-7ca528c2c637,Riverdale Manufacturing,e1d0b3f2-d71e-18f3-fd40-218b43949ab9,Cold Storage Meter,,,PowerConsumption,Daily Energy Consumption,kWh,34.83,2026-08-05T00:00:00.000Z,,,Cold Storage Meter (Riverdale Manufacturing) consumed 34.83 kWh (cost 1028.91 PKR) from 2026-08-04T00:00:00.000Z to 2026-08-05T00:00:00.000Z.
energy_interval,31a45db8-ceab-bc59-3d5b-7ca528c2c637,Riverdale Manufacturing,e1d0b3f2-d71e-18f3-fd40-218b43949ab9,Cold Storage Meter,,,PowerConsumption,Daily Energy Consumption,kWh,35.73,2026-08-04T00:00:00.000Z,,,Cold Storage Meter (Riverdale Manufacturing) consumed 35.73 kWh (cost 1066.26 PKR) from 2026-08-03T00:00:00.000Z to 2026-08-04T00:00:00.000Z.
historical_reading,260d819a-2473-7045-7f10-1a415c5df668,Greenfield Energy Co,a0a447f8-db0a-2d48-0e7b-e8b8f43c52e9,Energy Meter 001,,,VoltageA,VoltageA,V,228.82,2026-08-06T10:00:00.000Z,,,"At 2026-08-06T10:00:00.000Z, Energy Meter 001 (Greenfield Energy Co) VoltageA=228.82 V."
historical_reading,260d819a-2473-7045-7f10-1a415c5df668,Greenfield Energy Co,a0a447f8-db0a-2d48-0e7b-e8b8f43c52e9,Energy Meter 001,,,ActivePower,ActivePower,kW,4.73,2026-08-06T10:00:00.000Z,,,"At 2026-08-06T10:00:00.000Z, Energy Meter 001 (Greenfield Energy Co) ActivePower=4.73 kW."
historical_reading,260d819a-2473-7045-7f10-1a415c5df668,Greenfield Energy Co,a0a447f8-db0a-2d48-0e7b-e8b8f43c52e9,Energy Meter 001,,,PowerFactor,PowerFactor,ratio,0.85,2026-08-06T10:00:00.000Z,,,"At 2026-08-06T10:00:00.000Z, Energy Meter 001 (Greenfield Energy Co) PowerFactor=0.85 ratio."
historical_reading,260d819a-2473-7045-7f10-1a415c5df668,Greenfield Energy Co,a0a447f8-db0a-2d48-0e7b-e8b8f43c52e9,Energy Meter 001,,,PowerConsumption,PowerConsumption,kWh,8.7,2026-08-06T10:00:00.000Z,,,"At 2026-08-06T10:00:00.000Z, Energy Meter 001 (Greenfield Energy Co) PowerConsumption=8.7 kWh."
historical_reading,260d819a-2473-7045-7f10-1a415c5df668,Greenfield Energy Co,a0a447f8-db0a-2d48-0e7b-e8b8f43c52e9,Energy Meter 001,,,VoltageA,VoltageA,V,230.75,2026-08-06T09:00:00.000Z,,,"At 2026-08-06T09:00:00.000Z, Energy Meter 001 (Greenfield Energy Co) VoltageA=230.75 V."
historical_reading,260d819a-2473-7045-7f10-1a415c5df668,Greenfield Energy Co,a0a447f8-db0a-2d48-0e7b-e8b8f43c52e9,Energy Meter 001,,,ActivePower,ActivePower,kW,5.22,2026-08-06T09:00:00.000Z,,,"At 2026-08-06T09:00:00.000Z, Energy Meter 001 (Greenfield Energy Co) ActivePower=5.22 kW."
historical_reading,260d819a-2473-7045-7f10-1a415c5df668,Greenfield Energy Co,a0a447f8-db0a-2d48-0e7b-e8b8f43c52e9,Energy Meter 001,,,PowerFactor,PowerFactor,ratio,0.86,2026-08-06T09:00:00.000Z,,,"At 2026-08-06T09:00:00.000Z, Energy Meter 001 (Greenfield Energy Co) PowerFactor=0.86 ratio."
historical_reading,260d819a-2473-7045-7f10-1a415c5df668,Greenfield Energy Co,a0a447f8-db0a-2d48-0e7b-e8b8f43c52e9,Energy Meter 001,,,PowerConsumption,PowerConsumption,kWh,8.78,2026-08-06T09:00:00.000Z,,,"At 2026-08-06T09:00:00.000Z, Energy Meter 001 (Greenfield Energy Co) PowerConsumption=8.78 kWh."
historical_reading,260d819a-2473-7045-7f10-1a415c5df668,Greenfield Energy Co,a0a447f8-db0a-2d48-0e7b-e8b8f43c52e9,Energy Meter 001,,,VoltageA,VoltageA,V,231.96,2026-08-06T08:00:00.000Z,,,"At 2026-08-06T08:00:00.000Z, Energy Meter 001 (Greenfield Energy Co) VoltageA=231.96 V."
historical_reading,260d819a-2473-7045-7f10-1a415c5df668,Greenfield Energy Co,a0a447f8-db0a-2d48-0e7b-e8b8f43c52e9,Energy Meter 001,,,ActivePower,ActivePower,kW,5.52,2026-08-06T08:00:00.000Z,,,"At 2026-08-06T08:00:00.000Z, Energy Meter 001 (Greenfield Energy Co) ActivePower=5.52 kW."
historical_reading,260d819a-2473-7045-7f10-1a415c5df668,Greenfield Energy Co,a0a447f8-db0a-2d48-0e7b-e8b8f43c52e9,Energy Meter 001,,,PowerFactor,PowerFactor,ratio,0.87,2026-08-06T08:00:00.000Z,,,"At 2026-08-06T08:00:00.000Z, Energy Meter 001 (Greenfield Energy Co) PowerFactor=0.87 ratio."
historical_reading,260d819a-2473-7045-7f10-1a415c5df668,Greenfield Energy Co,a0a447f8-db0a-2d48-0e7b-e8b8f43c52e9,Energy Meter 001,,,PowerConsumption,PowerConsumption,kWh,8.86,2026-08-06T08:00:00.000Z,,,"At 2026-08-06T08:00:00.000Z, Energy Meter 001 (Greenfield Energy Co) PowerConsumption=8.86 kWh."
historical_reading,260d819a-2473-7045-7f10-1a415c5df668,Greenfield Energy Co,a0a447f8-db0a-2d48-0e7b-e8b8f43c52e9,Energy Meter 001,,,VoltageA,VoltageA,V,233.24,2026-08-06T07:00:00.000Z,,,"At 2026-08-06T07:00:00.000Z, Energy Meter 001 (Greenfield Energy Co) VoltageA=233.24 V."
historical_reading,260d819a-2473-7045-7f10-1a415c5df668,Greenfield Energy Co,a0a447f8-db0a-2d48-0e7b-e8b8f43c52e9,Energy Meter 001,,,ActivePower,ActivePower,kW,6.18,2026-08-06T07:00:00.000Z,,,"At 2026-08-06T07:00:00.000Z, Energy Meter 001 (Greenfield Energy Co) ActivePower=6.18 kW."
historical_reading,260d819a-2473-7045-7f10-1a415c5df668,Greenfield Energy Co,a0a447f8-db0a-2d48-0e7b-e8b8f43c52e9,Energy Meter 001,,,PowerFactor,PowerFactor,ratio,0.89,2026-08-06T07:00:00.000Z,,,"At 2026-08-06T07:00:00.000Z, Energy Meter 001 (Greenfield Energy Co) PowerFactor=0.89 ratio."
historical_reading,260d819a-2473-7045-7f10-1a415c5df668,Greenfield Energy Co,a0a447f8-db0a-2d48-0e7b-e8b8f43c52e9,Energy Meter 001,,,PowerConsumption,PowerConsumption,kWh,8.94,2026-08-06T07:00:00.000Z,,,"At 2026-08-06T07:00:00.000Z, Energy Meter 001 (Greenfield Energy Co) PowerConsumption=8.94 kWh."
historical_reading,260d819a-2473-7045-7f10-1a415c5df668,Greenfield Energy Co,a0a447f8-db0a-2d48-0e7b-e8b8f43c52e9,Energy Meter 001,,,VoltageA,VoltageA,V,233.78,2026-08-06T06:00:00.000Z,,,"At 2026-08-06T06:00:00.000Z, Energy Meter 001 (Greenfield Energy Co) VoltageA=233.78 V."
historical_reading,260d819a-2473-7045-7f10-1a415c5df668,Greenfield Energy Co,a0a447f8-db0a-2d48-0e7b-e8b8f43c52e9,Energy Meter 001,,,ActivePower,ActivePower,kW,6.21,2026-08-06T06:00:00.000Z,,,"At 2026-08-06T06:00:00.000Z, Energy Meter 001 (Greenfield Energy Co) ActivePower=6.21 kW."
historical_reading,260d819a-2473-7045-7f10-1a415c5df668,Greenfield Energy Co,a0a447f8-db0a-2d48-0e7b-e8b8f43c52e9,Energy Meter 001,,,PowerFactor,PowerFactor,ratio,0.9,2026-08-06T06:00:00.000Z,,,"At 2026-08-06T06:00:00.000Z, Energy Meter 001 (Greenfield Energy Co) PowerFactor=0.9 ratio."
historical_reading,260d819a-2473-7045-7f10-1a415c5df668,Greenfield Energy Co,a0a447f8-db0a-2d48-0e7b-e8b8f43c52e9,Energy Meter 001,,,PowerConsumption,PowerConsumption,kWh,9.02,2026-08-06T06:00:00.000Z,,,"At 2026-08-06T06:00:00.000Z, Energy Meter 001 (Greenfield Energy Co) PowerConsumption=9.02 kWh."
historical_reading,260d819a-2473-7045-7f10-1a415c5df668,Greenfield Energy Co,a0a447f8-db0a-2d48-0e7b-e8b8f43c52e9,Energy Meter 001,,,VoltageA,VoltageA,V,233.9,2026-08-06T05:00:00.000Z,,,"At 2026-08-06T05:00:00.000Z, Energy Meter 001 (Greenfield Energy Co) VoltageA=233.9 V."
historical_reading,260d819a-2473-7045-7f10-1a415c5df668,Greenfield Energy Co,a0a447f8-db0a-2d48-0e7b-e8b8f43c52e9,Energy Meter 001,,,ActivePower,ActivePower,kW,6.34,2026-08-06T05:00:00.000Z,,,"At 2026-08-06T05:00:00.000Z, Energy Meter 001 (Greenfield Energy Co) ActivePower=6.34 kW."
historical_reading,260d819a-2473-7045-7f10-1a415c5df668,Greenfield Energy Co,a0a447f8-db0a-2d48-0e7b-e8b8f43c52e9,Energy Meter 001,,,PowerFactor,PowerFactor,ratio,0.9,2026-08-06T05:00:00.000Z,,,"At 2026-08-06T05:00:00.000Z, Energy Meter 001 (Greenfield Energy Co) PowerFactor=0.9 ratio."
historical_reading,260d819a-2473-7045-7f10-1a415c5df668,Greenfield Energy Co,a0a447f8-db0a-2d48-0e7b-e8b8f43c52e9,Energy Meter 001,,,PowerConsumption,PowerConsumption,kWh,9.1,2026-08-06T05:00:00.000Z,,,"At 2026-08-06T05:00:00.000Z, Energy Meter 001 (Greenfield Energy Co) PowerConsumption=9.1 kWh."
historical_reading,260d819a-2473-7045-7f10-1a415c5df668,Greenfield Energy Co,a0a447f8-db0a-2d48-0e7b-e8b8f43c52e9,Energy Meter 001,,,VoltageA,VoltageA,V,232.95,2026-08-06T04:00:00.000Z,,,"At 2026-08-06T04:00:00.000Z, Energy Meter 001 (Greenfield Energy Co) VoltageA=232.95 V."
historical_reading,260d819a-2473-7045-7f10-1a415c5df668,Greenfield Energy Co,a0a447f8-db0a-2d48-0e7b-e8b8f43c52e9,Energy Meter 001,,,ActivePower,ActivePower,kW,6.08,2026-08-06T04:00:00.000Z,,,"At 2026-08-06T04:00:00.000Z, Energy Meter 001 (Greenfield Energy Co) ActivePower=6.08 kW."
historical_reading,260d819a-2473-7045-7f10-1a415c5df668,Greenfield Energy Co,a0a447f8-db0a-2d48-0e7b-e8b8f43c52e9,Energy Meter 001,,,PowerFactor,PowerFactor,ratio,0.9,2026-08-06T04:00:00.000Z,,,"At 2026-08-06T04:00:00.000Z, Energy Meter 001 (Greenfield Energy Co) PowerFactor=0.9 ratio."
historical_reading,260d819a-2473-7045-7f10-1a415c5df668,Greenfield Energy Co,a0a447f8-db0a-2d48-0e7b-e8b8f43c52e9,Energy Meter 001,,,PowerConsumption,PowerConsumption,kWh,9.18,2026-08-06T04:00:00.000Z,,,"At 2026-08-06T04:00:00.000Z, Energy Meter 001 (Greenfield Energy Co) PowerConsumption=9.18 kWh."
historical_reading,260d819a-2473-7045-7f10-1a415c5df668,Greenfield Energy Co,a0a447f8-db0a-2d48-0e7b-e8b8f43c52e9,Energy Meter 001,,,VoltageA,VoltageA,V,230.84,2026-08-06T02:00:00.000Z,,,"At 2026-08-06T02:00:00.000Z, Energy Meter 001 (Greenfield Energy Co) VoltageA=230.84 V."
historical_reading,260d819a-2473-7045-7f10-1a415c5df668,Greenfield Energy Co,a0a447f8-db0a-2d48-0e7b-e8b8f43c52e9,Energy Meter 001,,,ActivePower,ActivePower,kW,5.46,2026-08-06T02:00:00.000Z,,,"At 2026-08-06T02:00:00.000Z, Energy Meter 001 (Greenfield Energy Co) ActivePower=5.46 kW."
historical_reading,260d819a-2473-7045-7f10-1a415c5df668,Greenfield Energy Co,a0a447f8-db0a-2d48-0e7b-e8b8f43c52e9,Energy Meter 001,,,PowerFactor,PowerFactor,ratio,0.86,2026-08-06T02:00:00.000Z,,,"At 2026-08-06T02:00:00.000Z, Energy Meter 001 (Greenfield Energy Co) PowerFactor=0.86 ratio."
historical_reading,260d819a-2473-7045-7f10-1a415c5df668,Greenfield Energy Co,a0a447f8-db0a-2d48-0e7b-e8b8f43c52e9,Energy Meter 001,,,PowerConsumption,PowerConsumption,kWh,9.34,2026-08-06T02:00:00.000Z,,,"At 2026-08-06T02:00:00.000Z, Energy Meter 001 (Greenfield Energy Co) PowerConsumption=9.34 kWh."
historical_reading,260d819a-2473-7045-7f10-1a415c5df668,Greenfield Energy Co,a0a447f8-db0a-2d48-0e7b-e8b8f43c52e9,Energy Meter 001,,,VoltageA,VoltageA,V,228.35,2026-08-06T00:00:00.000Z,,,"At 2026-08-06T00:00:00.000Z, Energy Meter 001 (Greenfield Energy Co) VoltageA=228.35 V."
historical_reading,260d819a-2473-7045-7f10-1a415c5df668,Greenfield Energy Co,a0a447f8-db0a-2d48-0e7b-e8b8f43c52e9,Energy Meter 001,,,ActivePower,ActivePower,kW,4.11,2026-08-06T00:00:00.000Z,,,"At 2026-08-06T00:00:00.000Z, Energy Meter 001 (Greenfield Energy Co) ActivePower=4.11 kW."
historical_reading,260d819a-2473-7045-7f10-1a415c5df668,Greenfield Energy Co,a0a447f8-db0a-2d48-0e7b-e8b8f43c52e9,Energy Meter 001,,,PowerFactor,PowerFactor,ratio,0.84,2026-08-06T00:00:00.000Z,,,"At 2026-08-06T00:00:00.000Z, Energy Meter 001 (Greenfield Energy Co) PowerFactor=0.84 ratio."
historical_reading,260d819a-2473-7045-7f10-1a415c5df668,Greenfield Energy Co,a0a447f8-db0a-2d48-0e7b-e8b8f43c52e9,Energy Meter 001,,,PowerConsumption,PowerConsumption,kWh,9.5,2026-08-06T00:00:00.000Z,,,"At 2026-08-06T00:00:00.000Z, Energy Meter 001 (Greenfield Energy Co) PowerConsumption=9.5 kWh."
historical_reading,260d819a-2473-7045-7f10-1a415c5df668,Greenfield Energy Co,a0a447f8-db0a-2d48-0e7b-e8b8f43c52e9,Energy Meter 001,,,VoltageA,VoltageA,V,226.9,2026-08-05T22:00:00.000Z,,,"At 2026-08-05T22:00:00.000Z, Energy Meter 001 (Greenfield Energy Co) VoltageA=226.9 V."
historical_reading,260d819a-2473-7045-7f10-1a415c5df668,Greenfield Energy Co,a0a447f8-db0a-2d48-0e7b-e8b8f43c52e9,Energy Meter 001,,,ActivePower,ActivePower,kW,3.86,2026-08-05T22:00:00.000Z,,,"At 2026-08-05T22:00:00.000Z, Energy Meter 001 (Greenfield Energy Co) ActivePower=3.86 kW."
historical_reading,260d819a-2473-7045-7f10-1a415c5df668,Greenfield Energy Co,a0a447f8-db0a-2d48-0e7b-e8b8f43c52e9,Energy Meter 001,,,PowerFactor,PowerFactor,ratio,0.82,2026-08-05T22:00:00.000Z,,,"At 2026-08-05T22:00:00.000Z, Energy Meter 001 (Greenfield Energy Co) PowerFactor=0.82 ratio."
historical_reading,260d819a-2473-7045-7f10-1a415c5df668,Greenfield Energy Co,a0a447f8-db0a-2d48-0e7b-e8b8f43c52e9,Energy Meter 001,,,PowerConsumption,PowerConsumption,kWh,9.66,2026-08-05T22:00:00.000Z,,,"At 2026-08-05T22:00:00.000Z, Energy Meter 001 (Greenfield Energy Co) PowerConsumption=9.66 kWh."
historical_reading,260d819a-2473-7045-7f10-1a415c5df668,Greenfield Energy Co,ad0e1a81-3899-cf0d-3834-b15139c91c27,Energy Meter 002,,,VoltageA,VoltageA,V,227.14,2026-08-06T10:00:00.000Z,,,"At 2026-08-06T10:00:00.000Z, Energy Meter 002 (Greenfield Energy Co) VoltageA=227.14 V."
historical_reading,260d819a-2473-7045-7f10-1a415c5df668,Greenfield Energy Co,ad0e1a81-3899-cf0d-3834-b15139c91c27,Energy Meter 002,,,ActivePower,ActivePower,kW,3.88,2026-08-06T10:00:00.000Z,,,"At 2026-08-06T10:00:00.000Z, Energy Meter 002 (Greenfield Energy Co) ActivePower=3.88 kW."
historical_reading,260d819a-2473-7045-7f10-1a415c5df668,Greenfield Energy Co,ad0e1a81-3899-cf0d-3834-b15139c91c27,Energy Meter 002,,,PowerFactor,PowerFactor,ratio,0.81,2026-08-06T10:00:00.000Z,,,"At 2026-08-06T10:00:00.000Z, Energy Meter 002 (Greenfield Energy Co) PowerFactor=0.81 ratio."
historical_reading,260d819a-2473-7045-7f10-1a415c5df668,Greenfield Energy Co,ad0e1a81-3899-cf0d-3834-b15139c91c27,Energy Meter 002,,,PowerConsumption,PowerConsumption,kWh,12.4,2026-08-06T10:00:00.000Z,,,"At 2026-08-06T10:00:00.000Z, Energy Meter 002 (Greenfield Energy Co) PowerConsumption=12.4 kWh."
historical_reading,260d819a-2473-7045-7f10-1a415c5df668,Greenfield Energy Co,ad0e1a81-3899-cf0d-3834-b15139c91c27,Energy Meter 002,,,VoltageA,VoltageA,V,226.52,2026-08-06T09:00:00.000Z,,,"At 2026-08-06T09:00:00.000Z, Energy Meter 002 (Greenfield Energy Co) VoltageA=226.52 V."
historical_reading,260d819a-2473-7045-7f10-1a415c5df668,Greenfield Energy Co,ad0e1a81-3899-cf0d-3834-b15139c91c27,Energy Meter 002,,,ActivePower,ActivePower,kW,3.49,2026-08-06T09:00:00.000Z,,,"At 2026-08-06T09:00:00.000Z, Energy Meter 002 (Greenfield Energy Co) ActivePower=3.49 kW."
historical_reading,260d819a-2473-7045-7f10-1a415c5df668,Greenfield Energy Co,ad0e1a81-3899-cf0d-3834-b15139c91c27,Energy Meter 002,,,PowerFactor,PowerFactor,ratio,0.82,2026-08-06T09:00:00.000Z,,,"At 2026-08-06T09:00:00.000Z, Energy Meter 002 (Greenfield Energy Co) PowerFactor=0.82 ratio."
historical_reading,260d819a-2473-7045-7f10-1a415c5df668,Greenfield Energy Co,ad0e1a81-3899-cf0d-3834-b15139c91c27,Energy Meter 002,,,PowerConsumption,PowerConsumption,kWh,12.48,2026-08-06T09:00:00.000Z,,,"At 2026-08-06T09:00:00.000Z, Energy Meter 002 (Greenfield Energy Co) PowerConsumption=12.48 kWh."
historical_reading,260d819a-2473-7045-7f10-1a415c5df668,Greenfield Energy Co,ad0e1a81-3899-cf0d-3834-b15139c91c27,Energy Meter 002,,,VoltageA,VoltageA,V,226.37,2026-08-06T08:00:00.000Z,,,"At 2026-08-06T08:00:00.000Z, Energy Meter 002 (Greenfield Energy Co) VoltageA=226.37 V."
historical_reading,260d819a-2473-7045-7f10-1a415c5df668,Greenfield Energy Co,ad0e1a81-3899-cf0d-3834-b15139c91c27,Energy Meter 002,,,ActivePower,ActivePower,kW,3.98,2026-08-06T08:00:00.000Z,,,"At 2026-08-06T08:00:00.000Z, Energy Meter 002 (Greenfield Energy Co) ActivePower=3.98 kW."
historical_reading,260d819a-2473-7045-7f10-1a415c5df668,Greenfield Energy Co,ad0e1a81-3899-cf0d-3834-b15139c91c27,Energy Meter 002,,,PowerFactor,PowerFactor,ratio,0.82,2026-08-06T08:00:00.000Z,,,"At 2026-08-06T08:00:00.000Z, Energy Meter 002 (Greenfield Energy Co) PowerFactor=0.82 ratio."
historical_reading,260d819a-2473-7045-7f10-1a415c5df668,Greenfield Energy Co,ad0e1a81-3899-cf0d-3834-b15139c91c27,Energy Meter 002,,,PowerConsumption,PowerConsumption,kWh,12.56,2026-08-06T08:00:00.000Z,,,"At 2026-08-06T08:00:00.000Z, Energy Meter 002 (Greenfield Energy Co) PowerConsumption=12.56 kWh."
historical_reading,260d819a-2473-7045-7f10-1a415c5df668,Greenfield Energy Co,ad0e1a81-3899-cf0d-3834-b15139c91c27,Energy Meter 002,,,VoltageA,VoltageA,V,227.07,2026-08-06T07:00:00.000Z,,,"At 2026-08-06T07:00:00.000Z, Energy Meter 002 (Greenfield Energy Co) VoltageA=227.07 V."
historical_reading,260d819a-2473-7045-7f10-1a415c5df668,Greenfield Energy Co,ad0e1a81-3899-cf0d-3834-b15139c91c27,Energy Meter 002,,,ActivePower,ActivePower,kW,4.05,2026-08-06T07:00:00.000Z,,,"At 2026-08-06T07:00:00.000Z, Energy Meter 002 (Greenfield Energy Co) ActivePower=4.05 kW."
historical_reading,260d819a-2473-7045-7f10-1a415c5df668,Greenfield Energy Co,ad0e1a81-3899-cf0d-3834-b15139c91c27,Energy Meter 002,,,PowerFactor,PowerFactor,ratio,0.83,2026-08-06T07:00:00.000Z,,,"At 2026-08-06T07:00:00.000Z, Energy Meter 002 (Greenfield Energy Co) PowerFactor=0.83 ratio."
historical_reading,260d819a-2473-7045-7f10-1a415c5df668,Greenfield Energy Co,ad0e1a81-3899-cf0d-3834-b15139c91c27,Energy Meter 002,,,PowerConsumption,PowerConsumption,kWh,12.64,2026-08-06T07:00:00.000Z,,,"At 2026-08-06T07:00:00.000Z, Energy Meter 002 (Greenfield Energy Co) PowerConsumption=12.64 kWh."
historical_reading,260d819a-2473-7045-7f10-1a415c5df668,Greenfield Energy Co,ad0e1a81-3899-cf0d-3834-b15139c91c27,Energy Meter 002,,,VoltageA,VoltageA,V,229,2026-08-06T06:00:00.000Z,,,"At 2026-08-06T06:00:00.000Z, Energy Meter 002 (Greenfield Energy Co) VoltageA=229 V."
historical_reading,260d819a-2473-7045-7f10-1a415c5df668,Greenfield Energy Co,ad0e1a81-3899-cf0d-3834-b15139c91c27,Energy Meter 002,,,ActivePower,ActivePower,kW,4.64,2026-08-06T06:00:00.000Z,,,"At 2026-08-06T06:00:00.000Z, Energy Meter 002 (Greenfield Energy Co) ActivePower=4.64 kW."
historical_reading,260d819a-2473-7045-7f10-1a415c5df668,Greenfield Energy Co,ad0e1a81-3899-cf0d-3834-b15139c91c27,Energy Meter 002,,,PowerFactor,PowerFactor,ratio,0.83,2026-08-06T06:00:00.000Z,,,"At 2026-08-06T06:00:00.000Z, Energy Meter 002 (Greenfield Energy Co) PowerFactor=0.83 ratio."
historical_reading,260d819a-2473-7045-7f10-1a415c5df668,Greenfield Energy Co,ad0e1a81-3899-cf0d-3834-b15139c91c27,Energy Meter 002,,,PowerConsumption,PowerConsumption,kWh,12.72,2026-08-06T06:00:00.000Z,,,"At 2026-08-06T06:00:00.000Z, Energy Meter 002 (Greenfield Energy Co) PowerConsumption=12.72 kWh."
historical_reading,260d819a-2473-7045-7f10-1a415c5df668,Greenfield Energy Co,ad0e1a81-3899-cf0d-3834-b15139c91c27,Energy Meter 002,,,VoltageA,VoltageA,V,229.77,2026-08-06T05:00:00.000Z,,,"At 2026-08-06T05:00:00.000Z, Energy Meter 002 (Greenfield Energy Co) VoltageA=229.77 V."
historical_reading,260d819a-2473-7045-7f10-1a415c5df668,Greenfield Energy Co,ad0e1a81-3899-cf0d-3834-b15139c91c27,Energy Meter 002,,,ActivePower,ActivePower,kW,5.19,2026-08-06T05:00:00.000Z,,,"At 2026-08-06T05:00:00.000Z, Energy Meter 002 (Greenfield Energy Co) ActivePower=5.19 kW."
historical_reading,260d819a-2473-7045-7f10-1a415c5df668,Greenfield Energy Co,ad0e1a81-3899-cf0d-3834-b15139c91c27,Energy Meter 002,,,PowerFactor,PowerFactor,ratio,0.86,2026-08-06T05:00:00.000Z,,,"At 2026-08-06T05:00:00.000Z, Energy Meter 002 (Greenfield Energy Co) PowerFactor=0.86 ratio."
historical_reading,260d819a-2473-7045-7f10-1a415c5df668,Greenfield Energy Co,ad0e1a81-3899-cf0d-3834-b15139c91c27,Energy Meter 002,,,PowerConsumption,PowerConsumption,kWh,12.8,2026-08-06T05:00:00.000Z,,,"At 2026-08-06T05:00:00.000Z, Energy Meter 002 (Greenfield Energy Co) PowerConsumption=12.8 kWh."
historical_reading,260d819a-2473-7045-7f10-1a415c5df668,Greenfield Energy Co,ad0e1a81-3899-cf0d-3834-b15139c91c27,Energy Meter 002,,,VoltageA,VoltageA,V,231.88,2026-08-06T04:00:00.000Z,,,"At 2026-08-06T04:00:00.000Z, Energy Meter 002 (Greenfield Energy Co) VoltageA=231.88 V."
historical_reading,260d819a-2473-7045-7f10-1a415c5df668,Greenfield Energy Co,ad0e1a81-3899-cf0d-3834-b15139c91c27,Energy Meter 002,,,ActivePower,ActivePower,kW,5.66,2026-08-06T04:00:00.000Z,,,"At 2026-08-06T04:00:00.000Z, Energy Meter 002 (Greenfield Energy Co) ActivePower=5.66 kW."
historical_reading,260d819a-2473-7045-7f10-1a415c5df668,Greenfield Energy Co,ad0e1a81-3899-cf0d-3834-b15139c91c27,Energy Meter 002,,,PowerFactor,PowerFactor,ratio,0.87,2026-08-06T04:00:00.000Z,,,"At 2026-08-06T04:00:00.000Z, Energy Meter 002 (Greenfield Energy Co) PowerFactor=0.87 ratio."
historical_reading,260d819a-2473-7045-7f10-1a415c5df668,Greenfield Energy Co,ad0e1a81-3899-cf0d-3834-b15139c91c27,Energy Meter 002,,,PowerConsumption,PowerConsumption,kWh,12.88,2026-08-06T04:00:00.000Z,,,"At 2026-08-06T04:00:00.000Z, Energy Meter 002 (Greenfield Energy Co) PowerConsumption=12.88 kWh."
historical_reading,260d819a-2473-7045-7f10-1a415c5df668,Greenfield Energy Co,ad0e1a81-3899-cf0d-3834-b15139c91c27,Energy Meter 002,,,VoltageA,VoltageA,V,233.14,2026-08-06T02:00:00.000Z,,,"At 2026-08-06T02:00:00.000Z, Energy Meter 002 (Greenfield Energy Co) VoltageA=233.14 V."
historical_reading,260d819a-2473-7045-7f10-1a415c5df668,Greenfield Energy Co,ad0e1a81-3899-cf0d-3834-b15139c91c27,Energy Meter 002,,,ActivePower,ActivePower,kW,6.08,2026-08-06T02:00:00.000Z,,,"At 2026-08-06T02:00:00.000Z, Energy Meter 002 (Greenfield Energy Co) ActivePower=6.08 kW."
historical_reading,260d819a-2473-7045-7f10-1a415c5df668,Greenfield Energy Co,ad0e1a81-3899-cf0d-3834-b15139c91c27,Energy Meter 002,,,PowerFactor,PowerFactor,ratio,0.9,2026-08-06T02:00:00.000Z,,,"At 2026-08-06T02:00:00.000Z, Energy Meter 002 (Greenfield Energy Co) PowerFactor=0.9 ratio."
historical_reading,260d819a-2473-7045-7f10-1a415c5df668,Greenfield Energy Co,ad0e1a81-3899-cf0d-3834-b15139c91c27,Energy Meter 002,,,PowerConsumption,PowerConsumption,kWh,13.04,2026-08-06T02:00:00.000Z,,,"At 2026-08-06T02:00:00.000Z, Energy Meter 002 (Greenfield Energy Co) PowerConsumption=13.04 kWh."
historical_reading,260d819a-2473-7045-7f10-1a415c5df668,Greenfield Energy Co,ad0e1a81-3899-cf0d-3834-b15139c91c27,Energy Meter 002,,,VoltageA,VoltageA,V,232.89,2026-08-06T00:00:00.000Z,,,"At 2026-08-06T00:00:00.000Z, Energy Meter 002 (Greenfield Energy Co) VoltageA=232.89 V."
historical_reading,260d819a-2473-7045-7f10-1a415c5df668,Greenfield Energy Co,ad0e1a81-3899-cf0d-3834-b15139c91c27,Energy Meter 002,,,ActivePower,ActivePower,kW,6.42,2026-08-06T00:00:00.000Z,,,"At 2026-08-06T00:00:00.000Z, Energy Meter 002 (Greenfield Energy Co) ActivePower=6.42 kW."
historical_reading,260d819a-2473-7045-7f10-1a415c5df668,Greenfield Energy Co,ad0e1a81-3899-cf0d-3834-b15139c91c27,Energy Meter 002,,,PowerFactor,PowerFactor,ratio,0.89,2026-08-06T00:00:00.000Z,,,"At 2026-08-06T00:00:00.000Z, Energy Meter 002 (Greenfield Energy Co) PowerFactor=0.89 ratio."
historical_reading,260d819a-2473-7045-7f10-1a415c5df668,Greenfield Energy Co,ad0e1a81-3899-cf0d-3834-b15139c91c27,Energy Meter 002,,,PowerConsumption,PowerConsumption,kWh,13.2,2026-08-06T00:00:00.000Z,,,"At 2026-08-06T00:00:00.000Z, Energy Meter 002 (Greenfield Energy Co) PowerConsumption=13.2 kWh."
historical_reading,260d819a-2473-7045-7f10-1a415c5df668,Greenfield Energy Co,ad0e1a81-3899-cf0d-3834-b15139c91c27,Energy Meter 002,,,VoltageA,VoltageA,V,231.08,2026-08-05T22:00:00.000Z,,,"At 2026-08-05T22:00:00.000Z, Energy Meter 002 (Greenfield Energy Co) VoltageA=231.08 V."
historical_reading,260d819a-2473-7045-7f10-1a415c5df668,Greenfield Energy Co,ad0e1a81-3899-cf0d-3834-b15139c91c27,Energy Meter 002,,,ActivePower,ActivePower,kW,5.4,2026-08-05T22:00:00.000Z,,,"At 2026-08-05T22:00:00.000Z, Energy Meter 002 (Greenfield Energy Co) ActivePower=5.4 kW."
historical_reading,260d819a-2473-7045-7f10-1a415c5df668,Greenfield Energy Co,ad0e1a81-3899-cf0d-3834-b15139c91c27,Energy Meter 002,,,PowerFactor,PowerFactor,ratio,0.87,2026-08-05T22:00:00.000Z,,,"At 2026-08-05T22:00:00.000Z, Energy Meter 002 (Greenfield Energy Co) PowerFactor=0.87 ratio."
historical_reading,260d819a-2473-7045-7f10-1a415c5df668,Greenfield Energy Co,ad0e1a81-3899-cf0d-3834-b15139c91c27,Energy Meter 002,,,PowerConsumption,PowerConsumption,kWh,13.36,2026-08-05T22:00:00.000Z,,,"At 2026-08-05T22:00:00.000Z, Energy Meter 002 (Greenfield Energy Co) PowerConsumption=13.36 kWh."
historical_reading,260d819a-2473-7045-7f10-1a415c5df668,Greenfield Energy Co,50721269-e628-a519-53b1-711cf83e4517,Energy Meter 003,,,VoltageA,VoltageA,V,231.46,2026-08-06T10:00:00.000Z,,,"At 2026-08-06T10:00:00.000Z, Energy Meter 003 (Greenfield Energy Co) VoltageA=231.46 V."
historical_reading,260d819a-2473-7045-7f10-1a415c5df668,Greenfield Energy Co,50721269-e628-a519-53b1-711cf83e4517,Energy Meter 003,,,ActivePower,ActivePower,kW,5.56,2026-08-06T10:00:00.000Z,,,"At 2026-08-06T10:00:00.000Z, Energy Meter 003 (Greenfield Energy Co) ActivePower=5.56 kW."
historical_reading,260d819a-2473-7045-7f10-1a415c5df668,Greenfield Energy Co,50721269-e628-a519-53b1-711cf83e4517,Energy Meter 003,,,PowerFactor,PowerFactor,ratio,0.88,2026-08-06T10:00:00.000Z,,,"At 2026-08-06T10:00:00.000Z, Energy Meter 003 (Greenfield Energy Co) PowerFactor=0.88 ratio."
historical_reading,260d819a-2473-7045-7f10-1a415c5df668,Greenfield Energy Co,50721269-e628-a519-53b1-711cf83e4517,Energy Meter 003,,,PowerConsumption,PowerConsumption,kWh,16.1,2026-08-06T10:00:00.000Z,,,"At 2026-08-06T10:00:00.000Z, Energy Meter 003 (Greenfield Energy Co) PowerConsumption=16.1 kWh."
historical_reading,260d819a-2473-7045-7f10-1a415c5df668,Greenfield Energy Co,50721269-e628-a519-53b1-711cf83e4517,Energy Meter 003,,,VoltageA,VoltageA,V,230.61,2026-08-06T09:00:00.000Z,,,"At 2026-08-06T09:00:00.000Z, Energy Meter 003 (Greenfield Energy Co) VoltageA=230.61 V."
historical_reading,260d819a-2473-7045-7f10-1a415c5df668,Greenfield Energy Co,50721269-e628-a519-53b1-711cf83e4517,Energy Meter 003,,,ActivePower,ActivePower,kW,5.03,2026-08-06T09:00:00.000Z,,,"At 2026-08-06T09:00:00.000Z, Energy Meter 003 (Greenfield Energy Co) ActivePower=5.03 kW."
historical_reading,260d819a-2473-7045-7f10-1a415c5df668,Greenfield Energy Co,50721269-e628-a519-53b1-711cf83e4517,Energy Meter 003,,,PowerFactor,PowerFactor,ratio,0.86,2026-08-06T09:00:00.000Z,,,"At 2026-08-06T09:00:00.000Z, Energy Meter 003 (Greenfield Energy Co) PowerFactor=0.86 ratio."
historical_reading,260d819a-2473-7045-7f10-1a415c5df668,Greenfield Energy Co,50721269-e628-a519-53b1-711cf83e4517,Energy Meter 003,,,PowerConsumption,PowerConsumption,kWh,16.18,2026-08-06T09:00:00.000Z,,,"At 2026-08-06T09:00:00.000Z, Energy Meter 003 (Greenfield Energy Co) PowerConsumption=16.18 kWh."
historical_reading,260d819a-2473-7045-7f10-1a415c5df668,Greenfield Energy Co,50721269-e628-a519-53b1-711cf83e4517,Energy Meter 003,,,VoltageA,VoltageA,V,228.5,2026-08-06T08:00:00.000Z,,,"At 2026-08-06T08:00:00.000Z, Energy Meter 003 (Greenfield Energy Co) VoltageA=228.5 V."
historical_reading,260d819a-2473-7045-7f10-1a415c5df668,Greenfield Energy Co,50721269-e628-a519-53b1-711cf83e4517,Energy Meter 003,,,ActivePower,ActivePower,kW,4.69,2026-08-06T08:00:00.000Z,,,"At 2026-08-06T08:00:00.000Z, Energy Meter 003 (Greenfield Energy Co) ActivePower=4.69 kW."
historical_reading,260d819a-2473-7045-7f10-1a415c5df668,Greenfield Energy Co,50721269-e628-a519-53b1-711cf83e4517,Energy Meter 003,,,PowerFactor,PowerFactor,ratio,0.85,2026-08-06T08:00:00.000Z,,,"At 2026-08-06T08:00:00.000Z, Energy Meter 003 (Greenfield Energy Co) PowerFactor=0.85 ratio."
historical_reading,260d819a-2473-7045-7f10-1a415c5df668,Greenfield Energy Co,50721269-e628-a519-53b1-711cf83e4517,Energy Meter 003,,,PowerConsumption,PowerConsumption,kWh,16.26,2026-08-06T08:00:00.000Z,,,"At 2026-08-06T08:00:00.000Z, Energy Meter 003 (Greenfield Energy Co) PowerConsumption=16.26 kWh."
historical_reading,260d819a-2473-7045-7f10-1a415c5df668,Greenfield Energy Co,50721269-e628-a519-53b1-711cf83e4517,Energy Meter 003,,,VoltageA,VoltageA,V,228.04,2026-08-06T07:00:00.000Z,,,"At 2026-08-06T07:00:00.000Z, Energy Meter 003 (Greenfield Energy Co) VoltageA=228.04 V."
historical_reading,260d819a-2473-7045-7f10-1a415c5df668,Greenfield Energy Co,50721269-e628-a519-53b1-711cf83e4517,Energy Meter 003,,,ActivePower,ActivePower,kW,4.15,2026-08-06T07:00:00.000Z,,,"At 2026-08-06T07:00:00.000Z, Energy Meter 003 (Greenfield Energy Co) ActivePower=4.15 kW."
historical_reading,260d819a-2473-7045-7f10-1a415c5df668,Greenfield Energy Co,50721269-e628-a519-53b1-711cf83e4517,Energy Meter 003,,,PowerFactor,PowerFactor,ratio,0.83,2026-08-06T07:00:00.000Z,,,"At 2026-08-06T07:00:00.000Z, Energy Meter 003 (Greenfield Energy Co) PowerFactor=0.83 ratio."
historical_reading,260d819a-2473-7045-7f10-1a415c5df668,Greenfield Energy Co,50721269-e628-a519-53b1-711cf83e4517,Energy Meter 003,,,PowerConsumption,PowerConsumption,kWh,16.34,2026-08-06T07:00:00.000Z,,,"At 2026-08-06T07:00:00.000Z, Energy Meter 003 (Greenfield Energy Co) PowerConsumption=16.34 kWh."
historical_reading,260d819a-2473-7045-7f10-1a415c5df668,Greenfield Energy Co,50721269-e628-a519-53b1-711cf83e4517,Energy Meter 003,,,VoltageA,VoltageA,V,226.27,2026-08-06T06:00:00.000Z,,,"At 2026-08-06T06:00:00.000Z, Energy Meter 003 (Greenfield Energy Co) VoltageA=226.27 V."
historical_reading,260d819a-2473-7045-7f10-1a415c5df668,Greenfield Energy Co,50721269-e628-a519-53b1-711cf83e4517,Energy Meter 003,,,ActivePower,ActivePower,kW,3.79,2026-08-06T06:00:00.000Z,,,"At 2026-08-06T06:00:00.000Z, Energy Meter 003 (Greenfield Energy Co) ActivePower=3.79 kW."
historical_reading,260d819a-2473-7045-7f10-1a415c5df668,Greenfield Energy Co,50721269-e628-a519-53b1-711cf83e4517,Energy Meter 003,,,PowerFactor,PowerFactor,ratio,0.82,2026-08-06T06:00:00.000Z,,,"At 2026-08-06T06:00:00.000Z, Energy Meter 003 (Greenfield Energy Co) PowerFactor=0.82 ratio."
historical_reading,260d819a-2473-7045-7f10-1a415c5df668,Greenfield Energy Co,50721269-e628-a519-53b1-711cf83e4517,Energy Meter 003,,,PowerConsumption,PowerConsumption,kWh,16.42,2026-08-06T06:00:00.000Z,,,"At 2026-08-06T06:00:00.000Z, Energy Meter 003 (Greenfield Energy Co) PowerConsumption=16.42 kWh."
historical_reading,260d819a-2473-7045-7f10-1a415c5df668,Greenfield Energy Co,50721269-e628-a519-53b1-711cf83e4517,Energy Meter 003,,,VoltageA,VoltageA,V,226.28,2026-08-06T05:00:00.000Z,,,"At 2026-08-06T05:00:00.000Z, Energy Meter 003 (Greenfield Energy Co) VoltageA=226.28 V."
historical_reading,260d819a-2473-7045-7f10-1a415c5df668,Greenfield Energy Co,50721269-e628-a519-53b1-711cf83e4517,Energy Meter 003,,,ActivePower,ActivePower,kW,3.7,2026-08-06T05:00:00.000Z,,,"At 2026-08-06T05:00:00.000Z, Energy Meter 003 (Greenfield Energy Co) ActivePower=3.7 kW."
historical_reading,260d819a-2473-7045-7f10-1a415c5df668,Greenfield Energy Co,50721269-e628-a519-53b1-711cf83e4517,Energy Meter 003,,,PowerFactor,PowerFactor,ratio,0.81,2026-08-06T05:00:00.000Z,,,"At 2026-08-06T05:00:00.000Z, Energy Meter 003 (Greenfield Energy Co) PowerFactor=0.81 ratio."
historical_reading,260d819a-2473-7045-7f10-1a415c5df668,Greenfield Energy Co,50721269-e628-a519-53b1-711cf83e4517,Energy Meter 003,,,PowerConsumption,PowerConsumption,kWh,16.5,2026-08-06T05:00:00.000Z,,,"At 2026-08-06T05:00:00.000Z, Energy Meter 003 (Greenfield Energy Co) PowerConsumption=16.5 kWh."
historical_reading,260d819a-2473-7045-7f10-1a415c5df668,Greenfield Energy Co,50721269-e628-a519-53b1-711cf83e4517,Energy Meter 003,,,VoltageA,VoltageA,V,226.22,2026-08-06T04:00:00.000Z,,,"At 2026-08-06T04:00:00.000Z, Energy Meter 003 (Greenfield Energy Co) VoltageA=226.22 V."
historical_reading,260d819a-2473-7045-7f10-1a415c5df668,Greenfield Energy Co,50721269-e628-a519-53b1-711cf83e4517,Energy Meter 003,,,ActivePower,ActivePower,kW,3.68,2026-08-06T04:00:00.000Z,,,"At 2026-08-06T04:00:00.000Z, Energy Meter 003 (Greenfield Energy Co) ActivePower=3.68 kW."
historical_reading,260d819a-2473-7045-7f10-1a415c5df668,Greenfield Energy Co,50721269-e628-a519-53b1-711cf83e4517,Energy Meter 003,,,PowerFactor,PowerFactor,ratio,0.82,2026-08-06T04:00:00.000Z,,,"At 2026-08-06T04:00:00.000Z, Energy Meter 003 (Greenfield Energy Co) PowerFactor=0.82 ratio."
historical_reading,260d819a-2473-7045-7f10-1a415c5df668,Greenfield Energy Co,50721269-e628-a519-53b1-711cf83e4517,Energy Meter 003,,,PowerConsumption,PowerConsumption,kWh,16.58,2026-08-06T04:00:00.000Z,,,"At 2026-08-06T04:00:00.000Z, Energy Meter 003 (Greenfield Energy Co) PowerConsumption=16.58 kWh."
historical_reading,260d819a-2473-7045-7f10-1a415c5df668,Greenfield Energy Co,50721269-e628-a519-53b1-711cf83e4517,Energy Meter 003,,,VoltageA,VoltageA,V,228.48,2026-08-06T02:00:00.000Z,,,"At 2026-08-06T02:00:00.000Z, Energy Meter 003 (Greenfield Energy Co) VoltageA=228.48 V."
historical_reading,260d819a-2473-7045-7f10-1a415c5df668,Greenfield Energy Co,50721269-e628-a519-53b1-711cf83e4517,Energy Meter 003,,,ActivePower,ActivePower,kW,4.58,2026-08-06T02:00:00.000Z,,,"At 2026-08-06T02:00:00.000Z, Energy Meter 003 (Greenfield Energy Co) ActivePower=4.58 kW."
historical_reading,260d819a-2473-7045-7f10-1a415c5df668,Greenfield Energy Co,50721269-e628-a519-53b1-711cf83e4517,Energy Meter 003,,,PowerFactor,PowerFactor,ratio,0.84,2026-08-06T02:00:00.000Z,,,"At 2026-08-06T02:00:00.000Z, Energy Meter 003 (Greenfield Energy Co) PowerFactor=0.84 ratio."
historical_reading,260d819a-2473-7045-7f10-1a415c5df668,Greenfield Energy Co,50721269-e628-a519-53b1-711cf83e4517,Energy Meter 003,,,PowerConsumption,PowerConsumption,kWh,16.74,2026-08-06T02:00:00.000Z,,,"At 2026-08-06T02:00:00.000Z, Energy Meter 003 (Greenfield Energy Co) PowerConsumption=16.74 kWh."
historical_reading,260d819a-2473-7045-7f10-1a415c5df668,Greenfield Energy Co,50721269-e628-a519-53b1-711cf83e4517,Energy Meter 003,,,VoltageA,VoltageA,V,231.26,2026-08-06T00:00:00.000Z,,,"At 2026-08-06T00:00:00.000Z, Energy Meter 003 (Greenfield Energy Co) VoltageA=231.26 V."
historical_reading,260d819a-2473-7045-7f10-1a415c5df668,Greenfield Energy Co,50721269-e628-a519-53b1-711cf83e4517,Energy Meter 003,,,ActivePower,ActivePower,kW,5.28,2026-08-06T00:00:00.000Z,,,"At 2026-08-06T00:00:00.000Z, Energy Meter 003 (Greenfield Energy Co) ActivePower=5.28 kW."
historical_reading,260d819a-2473-7045-7f10-1a415c5df668,Greenfield Energy Co,50721269-e628-a519-53b1-711cf83e4517,Energy Meter 003,,,PowerFactor,PowerFactor,ratio,0.87,2026-08-06T00:00:00.000Z,,,"At 2026-08-06T00:00:00.000Z, Energy Meter 003 (Greenfield Energy Co) PowerFactor=0.87 ratio."
historical_reading,260d819a-2473-7045-7f10-1a415c5df668,Greenfield Energy Co,50721269-e628-a519-53b1-711cf83e4517,Energy Meter 003,,,PowerConsumption,PowerConsumption,kWh,16.9,2026-08-06T00:00:00.000Z,,,"At 2026-08-06T00:00:00.000Z, Energy Meter 003 (Greenfield Energy Co) PowerConsumption=16.9 kWh."
historical_reading,260d819a-2473-7045-7f10-1a415c5df668,Greenfield Energy Co,50721269-e628-a519-53b1-711cf83e4517,Energy Meter 003,,,VoltageA,VoltageA,V,233.86,2026-08-05T22:00:00.000Z,,,"At 2026-08-05T22:00:00.000Z, Energy Meter 003 (Greenfield Energy Co) VoltageA=233.86 V."
historical_reading,260d819a-2473-7045-7f10-1a415c5df668,Greenfield Energy Co,50721269-e628-a519-53b1-711cf83e4517,Energy Meter 003,,,ActivePower,ActivePower,kW,6.37,2026-08-05T22:00:00.000Z,,,"At 2026-08-05T22:00:00.000Z, Energy Meter 003 (Greenfield Energy Co) ActivePower=6.37 kW."
historical_reading,260d819a-2473-7045-7f10-1a415c5df668,Greenfield Energy Co,50721269-e628-a519-53b1-711cf83e4517,Energy Meter 003,,,PowerFactor,PowerFactor,ratio,0.89,2026-08-05T22:00:00.000Z,,,"At 2026-08-05T22:00:00.000Z, Energy Meter 003 (Greenfield Energy Co) PowerFactor=0.89 ratio."
historical_reading,260d819a-2473-7045-7f10-1a415c5df668,Greenfield Energy Co,50721269-e628-a519-53b1-711cf83e4517,Energy Meter 003,,,PowerConsumption,PowerConsumption,kWh,17.06,2026-08-05T22:00:00.000Z,,,"At 2026-08-05T22:00:00.000Z, Energy Meter 003 (Greenfield Energy Co) PowerConsumption=17.06 kWh."
historical_reading,260d819a-2473-7045-7f10-1a415c5df668,Greenfield Energy Co,1f760f66-0ee2-5f4c-2f8f-7c6c3da709c3,HVAC Meter North,,,VoltageA,VoltageA,V,228.24,2026-08-06T10:00:00.000Z,,,"At 2026-08-06T10:00:00.000Z, HVAC Meter North (Greenfield Energy Co) VoltageA=228.24 V."
historical_reading,260d819a-2473-7045-7f10-1a415c5df668,Greenfield Energy Co,1f760f66-0ee2-5f4c-2f8f-7c6c3da709c3,HVAC Meter North,,,ActivePower,ActivePower,kW,4.22,2026-08-06T10:00:00.000Z,,,"At 2026-08-06T10:00:00.000Z, HVAC Meter North (Greenfield Energy Co) ActivePower=4.22 kW."
historical_reading,260d819a-2473-7045-7f10-1a415c5df668,Greenfield Energy Co,1f760f66-0ee2-5f4c-2f8f-7c6c3da709c3,HVAC Meter North,,,PowerFactor,PowerFactor,ratio,0.83,2026-08-06T10:00:00.000Z,,,"At 2026-08-06T10:00:00.000Z, HVAC Meter North (Greenfield Energy Co) PowerFactor=0.83 ratio."
historical_reading,260d819a-2473-7045-7f10-1a415c5df668,Greenfield Energy Co,1f760f66-0ee2-5f4c-2f8f-7c6c3da709c3,HVAC Meter North,,,PowerConsumption,PowerConsumption,kWh,27.2,2026-08-06T10:00:00.000Z,,,"At 2026-08-06T10:00:00.000Z, HVAC Meter North (Greenfield Energy Co) PowerConsumption=27.2 kWh."
historical_reading,260d819a-2473-7045-7f10-1a415c5df668,Greenfield Energy Co,1f760f66-0ee2-5f4c-2f8f-7c6c3da709c3,HVAC Meter North,,,VoltageA,VoltageA,V,226.31,2026-08-06T09:00:00.000Z,,,"At 2026-08-06T09:00:00.000Z, HVAC Meter North (Greenfield Energy Co) VoltageA=226.31 V."
historical_reading,260d819a-2473-7045-7f10-1a415c5df668,Greenfield Energy Co,1f760f66-0ee2-5f4c-2f8f-7c6c3da709c3,HVAC Meter North,,,ActivePower,ActivePower,kW,3.81,2026-08-06T09:00:00.000Z,,,"At 2026-08-06T09:00:00.000Z, HVAC Meter North (Greenfield Energy Co) ActivePower=3.81 kW."
historical_reading,260d819a-2473-7045-7f10-1a415c5df668,Greenfield Energy Co,1f760f66-0ee2-5f4c-2f8f-7c6c3da709c3,HVAC Meter North,,,PowerFactor,PowerFactor,ratio,0.82,2026-08-06T09:00:00.000Z,,,"At 2026-08-06T09:00:00.000Z, HVAC Meter North (Greenfield Energy Co) PowerFactor=0.82 ratio."
historical_reading,260d819a-2473-7045-7f10-1a415c5df668,Greenfield Energy Co,1f760f66-0ee2-5f4c-2f8f-7c6c3da709c3,HVAC Meter North,,,PowerConsumption,PowerConsumption,kWh,27.28,2026-08-06T09:00:00.000Z,,,"At 2026-08-06T09:00:00.000Z, HVAC Meter North (Greenfield Energy Co) PowerConsumption=27.28 kWh."
historical_reading,260d819a-2473-7045-7f10-1a415c5df668,Greenfield Energy Co,1f760f66-0ee2-5f4c-2f8f-7c6c3da709c3,HVAC Meter North,,,VoltageA,VoltageA,V,225.96,2026-08-06T08:00:00.000Z,,,"At 2026-08-06T08:00:00.000Z, HVAC Meter North (Greenfield Energy Co) VoltageA=225.96 V."
historical_reading,260d819a-2473-7045-7f10-1a415c5df668,Greenfield Energy Co,1f760f66-0ee2-5f4c-2f8f-7c6c3da709c3,HVAC Meter North,,,ActivePower,ActivePower,kW,3.82,2026-08-06T08:00:00.000Z,,,"At 2026-08-06T08:00:00.000Z, HVAC Meter North (Greenfield Energy Co) ActivePower=3.82 kW."
historical_reading,260d819a-2473-7045-7f10-1a415c5df668,Greenfield Energy Co,1f760f66-0ee2-5f4c-2f8f-7c6c3da709c3,HVAC Meter North,,,PowerFactor,PowerFactor,ratio,0.81,2026-08-06T08:00:00.000Z,,,"At 2026-08-06T08:00:00.000Z, HVAC Meter North (Greenfield Energy Co) PowerFactor=0.81 ratio."
historical_reading,260d819a-2473-7045-7f10-1a415c5df668,Greenfield Energy Co,1f760f66-0ee2-5f4c-2f8f-7c6c3da709c3,HVAC Meter North,,,PowerConsumption,PowerConsumption,kWh,27.36,2026-08-06T08:00:00.000Z,,,"At 2026-08-06T08:00:00.000Z, HVAC Meter North (Greenfield Energy Co) PowerConsumption=27.36 kWh."
historical_reading,260d819a-2473-7045-7f10-1a415c5df668,Greenfield Energy Co,1f760f66-0ee2-5f4c-2f8f-7c6c3da709c3,HVAC Meter North,,,VoltageA,VoltageA,V,227.15,2026-08-06T07:00:00.000Z,,,"At 2026-08-06T07:00:00.000Z, HVAC Meter North (Greenfield Energy Co) VoltageA=227.15 V."
historical_reading,260d819a-2473-7045-7f10-1a415c5df668,Greenfield Energy Co,1f760f66-0ee2-5f4c-2f8f-7c6c3da709c3,HVAC Meter North,,,ActivePower,ActivePower,kW,3.9,2026-08-06T07:00:00.000Z,,,"At 2026-08-06T07:00:00.000Z, HVAC Meter North (Greenfield Energy Co) ActivePower=3.9 kW."
historical_reading,260d819a-2473-7045-7f10-1a415c5df668,Greenfield Energy Co,1f760f66-0ee2-5f4c-2f8f-7c6c3da709c3,HVAC Meter North,,,PowerFactor,PowerFactor,ratio,0.81,2026-08-06T07:00:00.000Z,,,"At 2026-08-06T07:00:00.000Z, HVAC Meter North (Greenfield Energy Co) PowerFactor=0.81 ratio."
historical_reading,260d819a-2473-7045-7f10-1a415c5df668,Greenfield Energy Co,1f760f66-0ee2-5f4c-2f8f-7c6c3da709c3,HVAC Meter North,,,PowerConsumption,PowerConsumption,kWh,27.44,2026-08-06T07:00:00.000Z,,,"At 2026-08-06T07:00:00.000Z, HVAC Meter North (Greenfield Energy Co) PowerConsumption=27.44 kWh."
historical_reading,260d819a-2473-7045-7f10-1a415c5df668,Greenfield Energy Co,1f760f66-0ee2-5f4c-2f8f-7c6c3da709c3,HVAC Meter North,,,VoltageA,VoltageA,V,226.98,2026-08-06T06:00:00.000Z,,,"At 2026-08-06T06:00:00.000Z, HVAC Meter North (Greenfield Energy Co) VoltageA=226.98 V."
historical_reading,260d819a-2473-7045-7f10-1a415c5df668,Greenfield Energy Co,1f760f66-0ee2-5f4c-2f8f-7c6c3da709c3,HVAC Meter North,,,ActivePower,ActivePower,kW,4.04,2026-08-06T06:00:00.000Z,,,"At 2026-08-06T06:00:00.000Z, HVAC Meter North (Greenfield Energy Co) ActivePower=4.04 kW."
historical_reading,260d819a-2473-7045-7f10-1a415c5df668,Greenfield Energy Co,1f760f66-0ee2-5f4c-2f8f-7c6c3da709c3,HVAC Meter North,,,PowerFactor,PowerFactor,ratio,0.82,2026-08-06T06:00:00.000Z,,,"At 2026-08-06T06:00:00.000Z, HVAC Meter North (Greenfield Energy Co) PowerFactor=0.82 ratio."
historical_reading,260d819a-2473-7045-7f10-1a415c5df668,Greenfield Energy Co,1f760f66-0ee2-5f4c-2f8f-7c6c3da709c3,HVAC Meter North,,,PowerConsumption,PowerConsumption,kWh,27.52,2026-08-06T06:00:00.000Z,,,"At 2026-08-06T06:00:00.000Z, HVAC Meter North (Greenfield Energy Co) PowerConsumption=27.52 kWh."
historical_reading,260d819a-2473-7045-7f10-1a415c5df668,Greenfield Energy Co,1f760f66-0ee2-5f4c-2f8f-7c6c3da709c3,HVAC Meter North,,,VoltageA,VoltageA,V,227.81,2026-08-06T05:00:00.000Z,,,"At 2026-08-06T05:00:00.000Z, HVAC Meter North (Greenfield Energy Co) VoltageA=227.81 V."
historical_reading,260d819a-2473-7045-7f10-1a415c5df668,Greenfield Energy Co,1f760f66-0ee2-5f4c-2f8f-7c6c3da709c3,HVAC Meter North,,,ActivePower,ActivePower,kW,4.56,2026-08-06T05:00:00.000Z,,,"At 2026-08-06T05:00:00.000Z, HVAC Meter North (Greenfield Energy Co) ActivePower=4.56 kW."
historical_reading,260d819a-2473-7045-7f10-1a415c5df668,Greenfield Energy Co,1f760f66-0ee2-5f4c-2f8f-7c6c3da709c3,HVAC Meter North,,,PowerFactor,PowerFactor,ratio,0.84,2026-08-06T05:00:00.000Z,,,"At 2026-08-06T05:00:00.000Z, HVAC Meter North (Greenfield Energy Co) PowerFactor=0.84 ratio."
historical_reading,260d819a-2473-7045-7f10-1a415c5df668,Greenfield Energy Co,1f760f66-0ee2-5f4c-2f8f-7c6c3da709c3,HVAC Meter North,,,PowerConsumption,PowerConsumption,kWh,27.6,2026-08-06T05:00:00.000Z,,,"At 2026-08-06T05:00:00.000Z, HVAC Meter North (Greenfield Energy Co) PowerConsumption=27.6 kWh."
historical_reading,260d819a-2473-7045-7f10-1a415c5df668,Greenfield Energy Co,1f760f66-0ee2-5f4c-2f8f-7c6c3da709c3,HVAC Meter North,,,VoltageA,VoltageA,V,229.29,2026-08-06T04:00:00.000Z,,,"At 2026-08-06T04:00:00.000Z, HVAC Meter North (Greenfield Energy Co) VoltageA=229.29 V."
historical_reading,260d819a-2473-7045-7f10-1a415c5df668,Greenfield Energy Co,1f760f66-0ee2-5f4c-2f8f-7c6c3da709c3,HVAC Meter North,,,ActivePower,ActivePower,kW,5.08,2026-08-06T04:00:00.000Z,,,"At 2026-08-06T04:00:00.000Z, HVAC Meter North (Greenfield Energy Co) ActivePower=5.08 kW."
historical_reading,260d819a-2473-7045-7f10-1a415c5df668,Greenfield Energy Co,1f760f66-0ee2-5f4c-2f8f-7c6c3da709c3,HVAC Meter North,,,PowerFactor,PowerFactor,ratio,0.85,2026-08-06T04:00:00.000Z,,,"At 2026-08-06T04:00:00.000Z, HVAC Meter North (Greenfield Energy Co) PowerFactor=0.85 ratio."
historical_reading,260d819a-2473-7045-7f10-1a415c5df668,Greenfield Energy Co,1f760f66-0ee2-5f4c-2f8f-7c6c3da709c3,HVAC Meter North,,,PowerConsumption,PowerConsumption,kWh,27.68,2026-08-06T04:00:00.000Z,,,"At 2026-08-06T04:00:00.000Z, HVAC Meter North (Greenfield Energy Co) PowerConsumption=27.68 kWh."
historical_reading,260d819a-2473-7045-7f10-1a415c5df668,Greenfield Energy Co,1f760f66-0ee2-5f4c-2f8f-7c6c3da709c3,HVAC Meter North,,,VoltageA,VoltageA,V,232.19,2026-08-06T02:00:00.000Z,,,"At 2026-08-06T02:00:00.000Z, HVAC Meter North (Greenfield Energy Co) VoltageA=232.19 V."
historical_reading,260d819a-2473-7045-7f10-1a415c5df668,Greenfield Energy Co,1f760f66-0ee2-5f4c-2f8f-7c6c3da709c3,HVAC Meter North,,,ActivePower,ActivePower,kW,6.03,2026-08-06T02:00:00.000Z,,,"At 2026-08-06T02:00:00.000Z, HVAC Meter North (Greenfield Energy Co) ActivePower=6.03 kW."
historical_reading,260d819a-2473-7045-7f10-1a415c5df668,Greenfield Energy Co,1f760f66-0ee2-5f4c-2f8f-7c6c3da709c3,HVAC Meter North,,,PowerFactor,PowerFactor,ratio,0.88,2026-08-06T02:00:00.000Z,,,"At 2026-08-06T02:00:00.000Z, HVAC Meter North (Greenfield Energy Co) PowerFactor=0.88 ratio."
historical_reading,260d819a-2473-7045-7f10-1a415c5df668,Greenfield Energy Co,1f760f66-0ee2-5f4c-2f8f-7c6c3da709c3,HVAC Meter North,,,PowerConsumption,PowerConsumption,kWh,27.84,2026-08-06T02:00:00.000Z,,,"At 2026-08-06T02:00:00.000Z, HVAC Meter North (Greenfield Energy Co) PowerConsumption=27.84 kWh."
historical_reading,260d819a-2473-7045-7f10-1a415c5df668,Greenfield Energy Co,1f760f66-0ee2-5f4c-2f8f-7c6c3da709c3,HVAC Meter North,,,VoltageA,VoltageA,V,233.86,2026-08-06T00:00:00.000Z,,,"At 2026-08-06T00:00:00.000Z, HVAC Meter North (Greenfield Energy Co) VoltageA=233.86 V."
historical_reading,260d819a-2473-7045-7f10-1a415c5df668,Greenfield Energy Co,1f760f66-0ee2-5f4c-2f8f-7c6c3da709c3,HVAC Meter North,,,ActivePower,ActivePower,kW,6.15,2026-08-06T00:00:00.000Z,,,"At 2026-08-06T00:00:00.000Z, HVAC Meter North (Greenfield Energy Co) ActivePower=6.15 kW."
historical_reading,260d819a-2473-7045-7f10-1a415c5df668,Greenfield Energy Co,1f760f66-0ee2-5f4c-2f8f-7c6c3da709c3,HVAC Meter North,,,PowerFactor,PowerFactor,ratio,0.89,2026-08-06T00:00:00.000Z,,,"At 2026-08-06T00:00:00.000Z, HVAC Meter North (Greenfield Energy Co) PowerFactor=0.89 ratio."
historical_reading,260d819a-2473-7045-7f10-1a415c5df668,Greenfield Energy Co,1f760f66-0ee2-5f4c-2f8f-7c6c3da709c3,HVAC Meter North,,,PowerConsumption,PowerConsumption,kWh,28,2026-08-06T00:00:00.000Z,,,"At 2026-08-06T00:00:00.000Z, HVAC Meter North (Greenfield Energy Co) PowerConsumption=28 kWh."
historical_reading,260d819a-2473-7045-7f10-1a415c5df668,Greenfield Energy Co,1f760f66-0ee2-5f4c-2f8f-7c6c3da709c3,HVAC Meter North,,,VoltageA,VoltageA,V,232.54,2026-08-05T22:00:00.000Z,,,"At 2026-08-05T22:00:00.000Z, HVAC Meter North (Greenfield Energy Co) VoltageA=232.54 V."
historical_reading,260d819a-2473-7045-7f10-1a415c5df668,Greenfield Energy Co,1f760f66-0ee2-5f4c-2f8f-7c6c3da709c3,HVAC Meter North,,,ActivePower,ActivePower,kW,6.02,2026-08-05T22:00:00.000Z,,,"At 2026-08-05T22:00:00.000Z, HVAC Meter North (Greenfield Energy Co) ActivePower=6.02 kW."
historical_reading,260d819a-2473-7045-7f10-1a415c5df668,Greenfield Energy Co,1f760f66-0ee2-5f4c-2f8f-7c6c3da709c3,HVAC Meter North,,,PowerFactor,PowerFactor,ratio,0.88,2026-08-05T22:00:00.000Z,,,"At 2026-08-05T22:00:00.000Z, HVAC Meter North (Greenfield Energy Co) PowerFactor=0.88 ratio."
historical_reading,260d819a-2473-7045-7f10-1a415c5df668,Greenfield Energy Co,1f760f66-0ee2-5f4c-2f8f-7c6c3da709c3,HVAC Meter North,,,PowerConsumption,PowerConsumption,kWh,28.16,2026-08-05T22:00:00.000Z,,,"At 2026-08-05T22:00:00.000Z, HVAC Meter North (Greenfield Energy Co) PowerConsumption=28.16 kWh."
historical_reading,31a45db8-ceab-bc59-3d5b-7ca528c2c637,Riverdale Manufacturing,5740cbe5-bac2-1d22-7f9c-e298a8ffc9b8,Press Line Meter A,,,VoltageA,VoltageA,V,233.53,2026-08-06T10:00:00.000Z,,,"At 2026-08-06T10:00:00.000Z, Press Line Meter A (Riverdale Manufacturing) VoltageA=233.53 V."
historical_reading,31a45db8-ceab-bc59-3d5b-7ca528c2c637,Riverdale Manufacturing,5740cbe5-bac2-1d22-7f9c-e298a8ffc9b8,Press Line Meter A,,,ActivePower,ActivePower,kW,6.33,2026-08-06T10:00:00.000Z,,,"At 2026-08-06T10:00:00.000Z, Press Line Meter A (Riverdale Manufacturing) ActivePower=6.33 kW."
historical_reading,31a45db8-ceab-bc59-3d5b-7ca528c2c637,Riverdale Manufacturing,5740cbe5-bac2-1d22-7f9c-e298a8ffc9b8,Press Line Meter A,,,PowerFactor,PowerFactor,ratio,0.89,2026-08-06T10:00:00.000Z,,,"At 2026-08-06T10:00:00.000Z, Press Line Meter A (Riverdale Manufacturing) PowerFactor=0.89 ratio."
historical_reading,31a45db8-ceab-bc59-3d5b-7ca528c2c637,Riverdale Manufacturing,5740cbe5-bac2-1d22-7f9c-e298a8ffc9b8,Press Line Meter A,,,PowerConsumption,PowerConsumption,kWh,30.9,2026-08-06T10:00:00.000Z,,,"At 2026-08-06T10:00:00.000Z, Press Line Meter A (Riverdale Manufacturing) PowerConsumption=30.9 kWh."
historical_reading,31a45db8-ceab-bc59-3d5b-7ca528c2c637,Riverdale Manufacturing,5740cbe5-bac2-1d22-7f9c-e298a8ffc9b8,Press Line Meter A,,,VoltageA,VoltageA,V,232.22,2026-08-06T09:00:00.000Z,,,"At 2026-08-06T09:00:00.000Z, Press Line Meter A (Riverdale Manufacturing) VoltageA=232.22 V."
historical_reading,31a45db8-ceab-bc59-3d5b-7ca528c2c637,Riverdale Manufacturing,5740cbe5-bac2-1d22-7f9c-e298a8ffc9b8,Press Line Meter A,,,ActivePower,ActivePower,kW,5.88,2026-08-06T09:00:00.000Z,,,"At 2026-08-06T09:00:00.000Z, Press Line Meter A (Riverdale Manufacturing) ActivePower=5.88 kW."
historical_reading,31a45db8-ceab-bc59-3d5b-7ca528c2c637,Riverdale Manufacturing,5740cbe5-bac2-1d22-7f9c-e298a8ffc9b8,Press Line Meter A,,,PowerFactor,PowerFactor,ratio,0.88,2026-08-06T09:00:00.000Z,,,"At 2026-08-06T09:00:00.000Z, Press Line Meter A (Riverdale Manufacturing) PowerFactor=0.88 ratio."
historical_reading,31a45db8-ceab-bc59-3d5b-7ca528c2c637,Riverdale Manufacturing,5740cbe5-bac2-1d22-7f9c-e298a8ffc9b8,Press Line Meter A,,,PowerConsumption,PowerConsumption,kWh,30.98,2026-08-06T09:00:00.000Z,,,"At 2026-08-06T09:00:00.000Z, Press Line Meter A (Riverdale Manufacturing) PowerConsumption=30.98 kWh."
historical_reading,31a45db8-ceab-bc59-3d5b-7ca528c2c637,Riverdale Manufacturing,5740cbe5-bac2-1d22-7f9c-e298a8ffc9b8,Press Line Meter A,,,VoltageA,VoltageA,V,230.97,2026-08-06T08:00:00.000Z,,,"At 2026-08-06T08:00:00.000Z, Press Line Meter A (Riverdale Manufacturing) VoltageA=230.97 V."
historical_reading,31a45db8-ceab-bc59-3d5b-7ca528c2c637,Riverdale Manufacturing,5740cbe5-bac2-1d22-7f9c-e298a8ffc9b8,Press Line Meter A,,,ActivePower,ActivePower,kW,5.23,2026-08-06T08:00:00.000Z,,,"At 2026-08-06T08:00:00.000Z, Press Line Meter A (Riverdale Manufacturing) ActivePower=5.23 kW."
historical_reading,31a45db8-ceab-bc59-3d5b-7ca528c2c637,Riverdale Manufacturing,5740cbe5-bac2-1d22-7f9c-e298a8ffc9b8,Press Line Meter A,,,PowerFactor,PowerFactor,ratio,0.86,2026-08-06T08:00:00.000Z,,,"At 2026-08-06T08:00:00.000Z, Press Line Meter A (Riverdale Manufacturing) PowerFactor=0.86 ratio."
historical_reading,31a45db8-ceab-bc59-3d5b-7ca528c2c637,Riverdale Manufacturing,5740cbe5-bac2-1d22-7f9c-e298a8ffc9b8,Press Line Meter A,,,PowerConsumption,PowerConsumption,kWh,31.06,2026-08-06T08:00:00.000Z,,,"At 2026-08-06T08:00:00.000Z, Press Line Meter A (Riverdale Manufacturing) PowerConsumption=31.06 kWh."
historical_reading,31a45db8-ceab-bc59-3d5b-7ca528c2c637,Riverdale Manufacturing,5740cbe5-bac2-1d22-7f9c-e298a8ffc9b8,Press Line Meter A,,,VoltageA,VoltageA,V,229.83,2026-08-06T07:00:00.000Z,,,"At 2026-08-06T07:00:00.000Z, Press Line Meter A (Riverdale Manufacturing) VoltageA=229.83 V."
historical_reading,31a45db8-ceab-bc59-3d5b-7ca528c2c637,Riverdale Manufacturing,5740cbe5-bac2-1d22-7f9c-e298a8ffc9b8,Press Line Meter A,,,ActivePower,ActivePower,kW,4.7,2026-08-06T07:00:00.000Z,,,"At 2026-08-06T07:00:00.000Z, Press Line Meter A (Riverdale Manufacturing) ActivePower=4.7 kW."
historical_reading,31a45db8-ceab-bc59-3d5b-7ca528c2c637,Riverdale Manufacturing,5740cbe5-bac2-1d22-7f9c-e298a8ffc9b8,Press Line Meter A,,,PowerFactor,PowerFactor,ratio,0.85,2026-08-06T07:00:00.000Z,,,"At 2026-08-06T07:00:00.000Z, Press Line Meter A (Riverdale Manufacturing) PowerFactor=0.85 ratio."
historical_reading,31a45db8-ceab-bc59-3d5b-7ca528c2c637,Riverdale Manufacturing,5740cbe5-bac2-1d22-7f9c-e298a8ffc9b8,Press Line Meter A,,,PowerConsumption,PowerConsumption,kWh,31.14,2026-08-06T07:00:00.000Z,,,"At 2026-08-06T07:00:00.000Z, Press Line Meter A (Riverdale Manufacturing) PowerConsumption=31.14 kWh."
historical_reading,31a45db8-ceab-bc59-3d5b-7ca528c2c637,Riverdale Manufacturing,5740cbe5-bac2-1d22-7f9c-e298a8ffc9b8,Press Line Meter A,,,VoltageA,VoltageA,V,228.4,2026-08-06T06:00:00.000Z,,,"At 2026-08-06T06:00:00.000Z, Press Line Meter A (Riverdale Manufacturing) VoltageA=228.4 V."
historical_reading,31a45db8-ceab-bc59-3d5b-7ca528c2c637,Riverdale Manufacturing,5740cbe5-bac2-1d22-7f9c-e298a8ffc9b8,Press Line Meter A,,,ActivePower,ActivePower,kW,4.37,2026-08-06T06:00:00.000Z,,,"At 2026-08-06T06:00:00.000Z, Press Line Meter A (Riverdale Manufacturing) ActivePower=4.37 kW."
historical_reading,31a45db8-ceab-bc59-3d5b-7ca528c2c637,Riverdale Manufacturing,5740cbe5-bac2-1d22-7f9c-e298a8ffc9b8,Press Line Meter A,,,PowerFactor,PowerFactor,ratio,0.83,2026-08-06T06:00:00.000Z,,,"At 2026-08-06T06:00:00.000Z, Press Line Meter A (Riverdale Manufacturing) PowerFactor=0.83 ratio."
historical_reading,31a45db8-ceab-bc59-3d5b-7ca528c2c637,Riverdale Manufacturing,5740cbe5-bac2-1d22-7f9c-e298a8ffc9b8,Press Line Meter A,,,PowerConsumption,PowerConsumption,kWh,31.22,2026-08-06T06:00:00.000Z,,,"At 2026-08-06T06:00:00.000Z, Press Line Meter A (Riverdale Manufacturing) PowerConsumption=31.22 kWh."
historical_reading,31a45db8-ceab-bc59-3d5b-7ca528c2c637,Riverdale Manufacturing,5740cbe5-bac2-1d22-7f9c-e298a8ffc9b8,Press Line Meter A,,,VoltageA,VoltageA,V,226.65,2026-08-06T05:00:00.000Z,,,"At 2026-08-06T05:00:00.000Z, Press Line Meter A (Riverdale Manufacturing) VoltageA=226.65 V."
historical_reading,31a45db8-ceab-bc59-3d5b-7ca528c2c637,Riverdale Manufacturing,5740cbe5-bac2-1d22-7f9c-e298a8ffc9b8,Press Line Meter A,,,ActivePower,ActivePower,kW,3.84,2026-08-06T05:00:00.000Z,,,"At 2026-08-06T05:00:00.000Z, Press Line Meter A (Riverdale Manufacturing) ActivePower=3.84 kW."
historical_reading,31a45db8-ceab-bc59-3d5b-7ca528c2c637,Riverdale Manufacturing,5740cbe5-bac2-1d22-7f9c-e298a8ffc9b8,Press Line Meter A,,,PowerFactor,PowerFactor,ratio,0.82,2026-08-06T05:00:00.000Z,,,"At 2026-08-06T05:00:00.000Z, Press Line Meter A (Riverdale Manufacturing) PowerFactor=0.82 ratio."
historical_reading,31a45db8-ceab-bc59-3d5b-7ca528c2c637,Riverdale Manufacturing,5740cbe5-bac2-1d22-7f9c-e298a8ffc9b8,Press Line Meter A,,,PowerConsumption,PowerConsumption,kWh,31.3,2026-08-06T05:00:00.000Z,,,"At 2026-08-06T05:00:00.000Z, Press Line Meter A (Riverdale Manufacturing) PowerConsumption=31.3 kWh."
historical_reading,31a45db8-ceab-bc59-3d5b-7ca528c2c637,Riverdale Manufacturing,5740cbe5-bac2-1d22-7f9c-e298a8ffc9b8,Press Line Meter A,,,VoltageA,VoltageA,V,227.03,2026-08-06T04:00:00.000Z,,,"At 2026-08-06T04:00:00.000Z, Press Line Meter A (Riverdale Manufacturing) VoltageA=227.03 V."
historical_reading,31a45db8-ceab-bc59-3d5b-7ca528c2c637,Riverdale Manufacturing,5740cbe5-bac2-1d22-7f9c-e298a8ffc9b8,Press Line Meter A,,,ActivePower,ActivePower,kW,3.73,2026-08-06T04:00:00.000Z,,,"At 2026-08-06T04:00:00.000Z, Press Line Meter A (Riverdale Manufacturing) ActivePower=3.73 kW."
historical_reading,31a45db8-ceab-bc59-3d5b-7ca528c2c637,Riverdale Manufacturing,5740cbe5-bac2-1d22-7f9c-e298a8ffc9b8,Press Line Meter A,,,PowerFactor,PowerFactor,ratio,0.81,2026-08-06T04:00:00.000Z,,,"At 2026-08-06T04:00:00.000Z, Press Line Meter A (Riverdale Manufacturing) PowerFactor=0.81 ratio."
historical_reading,31a45db8-ceab-bc59-3d5b-7ca528c2c637,Riverdale Manufacturing,5740cbe5-bac2-1d22-7f9c-e298a8ffc9b8,Press Line Meter A,,,PowerConsumption,PowerConsumption,kWh,31.38,2026-08-06T04:00:00.000Z,,,"At 2026-08-06T04:00:00.000Z, Press Line Meter A (Riverdale Manufacturing) PowerConsumption=31.38 kWh."
historical_reading,31a45db8-ceab-bc59-3d5b-7ca528c2c637,Riverdale Manufacturing,5740cbe5-bac2-1d22-7f9c-e298a8ffc9b8,Press Line Meter A,,,VoltageA,VoltageA,V,226.59,2026-08-06T02:00:00.000Z,,,"At 2026-08-06T02:00:00.000Z, Press Line Meter A (Riverdale Manufacturing) VoltageA=226.59 V."
historical_reading,31a45db8-ceab-bc59-3d5b-7ca528c2c637,Riverdale Manufacturing,5740cbe5-bac2-1d22-7f9c-e298a8ffc9b8,Press Line Meter A,,,ActivePower,ActivePower,kW,3.73,2026-08-06T02:00:00.000Z,,,"At 2026-08-06T02:00:00.000Z, Press Line Meter A (Riverdale Manufacturing) ActivePower=3.73 kW."
historical_reading,31a45db8-ceab-bc59-3d5b-7ca528c2c637,Riverdale Manufacturing,5740cbe5-bac2-1d22-7f9c-e298a8ffc9b8,Press Line Meter A,,,PowerFactor,PowerFactor,ratio,0.82,2026-08-06T02:00:00.000Z,,,"At 2026-08-06T02:00:00.000Z, Press Line Meter A (Riverdale Manufacturing) PowerFactor=0.82 ratio."
historical_reading,31a45db8-ceab-bc59-3d5b-7ca528c2c637,Riverdale Manufacturing,5740cbe5-bac2-1d22-7f9c-e298a8ffc9b8,Press Line Meter A,,,PowerConsumption,PowerConsumption,kWh,31.54,2026-08-06T02:00:00.000Z,,,"At 2026-08-06T02:00:00.000Z, Press Line Meter A (Riverdale Manufacturing) PowerConsumption=31.54 kWh."
historical_reading,31a45db8-ceab-bc59-3d5b-7ca528c2c637,Riverdale Manufacturing,5740cbe5-bac2-1d22-7f9c-e298a8ffc9b8,Press Line Meter A,,,VoltageA,VoltageA,V,229.51,2026-08-06T00:00:00.000Z,,,"At 2026-08-06T00:00:00.000Z, Press Line Meter A (Riverdale Manufacturing) VoltageA=229.51 V."
historical_reading,31a45db8-ceab-bc59-3d5b-7ca528c2c637,Riverdale Manufacturing,5740cbe5-bac2-1d22-7f9c-e298a8ffc9b8,Press Line Meter A,,,ActivePower,ActivePower,kW,4.88,2026-08-06T00:00:00.000Z,,,"At 2026-08-06T00:00:00.000Z, Press Line Meter A (Riverdale Manufacturing) ActivePower=4.88 kW."
historical_reading,31a45db8-ceab-bc59-3d5b-7ca528c2c637,Riverdale Manufacturing,5740cbe5-bac2-1d22-7f9c-e298a8ffc9b8,Press Line Meter A,,,PowerFactor,PowerFactor,ratio,0.85,2026-08-06T00:00:00.000Z,,,"At 2026-08-06T00:00:00.000Z, Press Line Meter A (Riverdale Manufacturing) PowerFactor=0.85 ratio."
historical_reading,31a45db8-ceab-bc59-3d5b-7ca528c2c637,Riverdale Manufacturing,5740cbe5-bac2-1d22-7f9c-e298a8ffc9b8,Press Line Meter A,,,PowerConsumption,PowerConsumption,kWh,31.7,2026-08-06T00:00:00.000Z,,,"At 2026-08-06T00:00:00.000Z, Press Line Meter A (Riverdale Manufacturing) PowerConsumption=31.7 kWh."
historical_reading,31a45db8-ceab-bc59-3d5b-7ca528c2c637,Riverdale Manufacturing,5740cbe5-bac2-1d22-7f9c-e298a8ffc9b8,Press Line Meter A,,,VoltageA,VoltageA,V,232.21,2026-08-05T22:00:00.000Z,,,"At 2026-08-05T22:00:00.000Z, Press Line Meter A (Riverdale Manufacturing) VoltageA=232.21 V."
historical_reading,31a45db8-ceab-bc59-3d5b-7ca528c2c637,Riverdale Manufacturing,5740cbe5-bac2-1d22-7f9c-e298a8ffc9b8,Press Line Meter A,,,ActivePower,ActivePower,kW,5.62,2026-08-05T22:00:00.000Z,,,"At 2026-08-05T22:00:00.000Z, Press Line Meter A (Riverdale Manufacturing) ActivePower=5.62 kW."
historical_reading,31a45db8-ceab-bc59-3d5b-7ca528c2c637,Riverdale Manufacturing,5740cbe5-bac2-1d22-7f9c-e298a8ffc9b8,Press Line Meter A,,,PowerFactor,PowerFactor,ratio,0.88,2026-08-05T22:00:00.000Z,,,"At 2026-08-05T22:00:00.000Z, Press Line Meter A (Riverdale Manufacturing) PowerFactor=0.88 ratio."
historical_reading,31a45db8-ceab-bc59-3d5b-7ca528c2c637,Riverdale Manufacturing,5740cbe5-bac2-1d22-7f9c-e298a8ffc9b8,Press Line Meter A,,,PowerConsumption,PowerConsumption,kWh,31.86,2026-08-05T22:00:00.000Z,,,"At 2026-08-05T22:00:00.000Z, Press Line Meter A (Riverdale Manufacturing) PowerConsumption=31.86 kWh."
historical_reading,31a45db8-ceab-bc59-3d5b-7ca528c2c637,Riverdale Manufacturing,91311ab0-8211-0ab2-8073-871b4d42ee7e,Press Line Meter B,,,VoltageA,VoltageA,V,231.66,2026-08-06T10:00:00.000Z,,,"At 2026-08-06T10:00:00.000Z, Press Line Meter B (Riverdale Manufacturing) VoltageA=231.66 V."
historical_reading,31a45db8-ceab-bc59-3d5b-7ca528c2c637,Riverdale Manufacturing,91311ab0-8211-0ab2-8073-871b4d42ee7e,Press Line Meter B,,,ActivePower,ActivePower,kW,5.42,2026-08-06T10:00:00.000Z,,,"At 2026-08-06T10:00:00.000Z, Press Line Meter B (Riverdale Manufacturing) ActivePower=5.42 kW."
historical_reading,31a45db8-ceab-bc59-3d5b-7ca528c2c637,Riverdale Manufacturing,91311ab0-8211-0ab2-8073-871b4d42ee7e,Press Line Meter B,,,PowerFactor,PowerFactor,ratio,0.88,2026-08-06T10:00:00.000Z,,,"At 2026-08-06T10:00:00.000Z, Press Line Meter B (Riverdale Manufacturing) PowerFactor=0.88 ratio."
historical_reading,31a45db8-ceab-bc59-3d5b-7ca528c2c637,Riverdale Manufacturing,91311ab0-8211-0ab2-8073-871b4d42ee7e,Press Line Meter B,,,PowerConsumption,PowerConsumption,kWh,34.6,2026-08-06T10:00:00.000Z,,,"At 2026-08-06T10:00:00.000Z, Press Line Meter B (Riverdale Manufacturing) PowerConsumption=34.6 kWh."
historical_reading,31a45db8-ceab-bc59-3d5b-7ca528c2c637,Riverdale Manufacturing,91311ab0-8211-0ab2-8073-871b4d42ee7e,Press Line Meter B,,,VoltageA,VoltageA,V,232.16,2026-08-06T09:00:00.000Z,,,"At 2026-08-06T09:00:00.000Z, Press Line Meter B (Riverdale Manufacturing) VoltageA=232.16 V."
historical_reading,31a45db8-ceab-bc59-3d5b-7ca528c2c637,Riverdale Manufacturing,91311ab0-8211-0ab2-8073-871b4d42ee7e,Press Line Meter B,,,ActivePower,ActivePower,kW,5.82,2026-08-06T09:00:00.000Z,,,"At 2026-08-06T09:00:00.000Z, Press Line Meter B (Riverdale Manufacturing) ActivePower=5.82 kW."
historical_reading,31a45db8-ceab-bc59-3d5b-7ca528c2c637,Riverdale Manufacturing,91311ab0-8211-0ab2-8073-871b4d42ee7e,Press Line Meter B,,,PowerFactor,PowerFactor,ratio,0.89,2026-08-06T09:00:00.000Z,,,"At 2026-08-06T09:00:00.000Z, Press Line Meter B (Riverdale Manufacturing) PowerFactor=0.89 ratio."
historical_reading,31a45db8-ceab-bc59-3d5b-7ca528c2c637,Riverdale Manufacturing,91311ab0-8211-0ab2-8073-871b4d42ee7e,Press Line Meter B,,,PowerConsumption,PowerConsumption,kWh,34.68,2026-08-06T09:00:00.000Z,,,"At 2026-08-06T09:00:00.000Z, Press Line Meter B (Riverdale Manufacturing) PowerConsumption=34.68 kWh."
historical_reading,31a45db8-ceab-bc59-3d5b-7ca528c2c637,Riverdale Manufacturing,91311ab0-8211-0ab2-8073-871b4d42ee7e,Press Line Meter B,,,VoltageA,VoltageA,V,233.16,2026-08-06T08:00:00.000Z,,,"At 2026-08-06T08:00:00.000Z, Press Line Meter B (Riverdale Manufacturing) VoltageA=233.16 V."
historical_reading,31a45db8-ceab-bc59-3d5b-7ca528c2c637,Riverdale Manufacturing,91311ab0-8211-0ab2-8073-871b4d42ee7e,Press Line Meter B,,,ActivePower,ActivePower,kW,6.18,2026-08-06T08:00:00.000Z,,,"At 2026-08-06T08:00:00.000Z, Press Line Meter B (Riverdale Manufacturing) ActivePower=6.18 kW."
historical_reading,31a45db8-ceab-bc59-3d5b-7ca528c2c637,Riverdale Manufacturing,91311ab0-8211-0ab2-8073-871b4d42ee7e,Press Line Meter B,,,PowerFactor,PowerFactor,ratio,0.9,2026-08-06T08:00:00.000Z,,,"At 2026-08-06T08:00:00.000Z, Press Line Meter B (Riverdale Manufacturing) PowerFactor=0.9 ratio."
historical_reading,31a45db8-ceab-bc59-3d5b-7ca528c2c637,Riverdale Manufacturing,91311ab0-8211-0ab2-8073-871b4d42ee7e,Press Line Meter B,,,PowerConsumption,PowerConsumption,kWh,34.76,2026-08-06T08:00:00.000Z,,,"At 2026-08-06T08:00:00.000Z, Press Line Meter B (Riverdale Manufacturing) PowerConsumption=34.76 kWh."
historical_reading,31a45db8-ceab-bc59-3d5b-7ca528c2c637,Riverdale Manufacturing,91311ab0-8211-0ab2-8073-871b4d42ee7e,Press Line Meter B,,,VoltageA,VoltageA,V,233.74,2026-08-06T07:00:00.000Z,,,"At 2026-08-06T07:00:00.000Z, Press Line Meter B (Riverdale Manufacturing) VoltageA=233.74 V."
historical_reading,31a45db8-ceab-bc59-3d5b-7ca528c2c637,Riverdale Manufacturing,91311ab0-8211-0ab2-8073-871b4d42ee7e,Press Line Meter B,,,ActivePower,ActivePower,kW,6.37,2026-08-06T07:00:00.000Z,,,"At 2026-08-06T07:00:00.000Z, Press Line Meter B (Riverdale Manufacturing) ActivePower=6.37 kW."
historical_reading,31a45db8-ceab-bc59-3d5b-7ca528c2c637,Riverdale Manufacturing,91311ab0-8211-0ab2-8073-871b4d42ee7e,Press Line Meter B,,,PowerFactor,PowerFactor,ratio,0.89,2026-08-06T07:00:00.000Z,,,"At 2026-08-06T07:00:00.000Z, Press Line Meter B (Riverdale Manufacturing) PowerFactor=0.89 ratio."
historical_reading,31a45db8-ceab-bc59-3d5b-7ca528c2c637,Riverdale Manufacturing,91311ab0-8211-0ab2-8073-871b4d42ee7e,Press Line Meter B,,,PowerConsumption,PowerConsumption,kWh,34.84,2026-08-06T07:00:00.000Z,,,"At 2026-08-06T07:00:00.000Z, Press Line Meter B (Riverdale Manufacturing) PowerConsumption=34.84 kWh."
historical_reading,31a45db8-ceab-bc59-3d5b-7ca528c2c637,Riverdale Manufacturing,91311ab0-8211-0ab2-8073-871b4d42ee7e,Press Line Meter B,,,VoltageA,VoltageA,V,232.97,2026-08-06T06:00:00.000Z,,,"At 2026-08-06T06:00:00.000Z, Press Line Meter B (Riverdale Manufacturing) VoltageA=232.97 V."
historical_reading,31a45db8-ceab-bc59-3d5b-7ca528c2c637,Riverdale Manufacturing,91311ab0-8211-0ab2-8073-871b4d42ee7e,Press Line Meter B,,,ActivePower,ActivePower,kW,6.33,2026-08-06T06:00:00.000Z,,,"At 2026-08-06T06:00:00.000Z, Press Line Meter B (Riverdale Manufacturing) ActivePower=6.33 kW."
historical_reading,31a45db8-ceab-bc59-3d5b-7ca528c2c637,Riverdale Manufacturing,91311ab0-8211-0ab2-8073-871b4d42ee7e,Press Line Meter B,,,PowerFactor,PowerFactor,ratio,0.89,2026-08-06T06:00:00.000Z,,,"At 2026-08-06T06:00:00.000Z, Press Line Meter B (Riverdale Manufacturing) PowerFactor=0.89 ratio."
historical_reading,31a45db8-ceab-bc59-3d5b-7ca528c2c637,Riverdale Manufacturing,91311ab0-8211-0ab2-8073-871b4d42ee7e,Press Line Meter B,,,PowerConsumption,PowerConsumption,kWh,34.92,2026-08-06T06:00:00.000Z,,,"At 2026-08-06T06:00:00.000Z, Press Line Meter B (Riverdale Manufacturing) PowerConsumption=34.92 kWh."
historical_reading,31a45db8-ceab-bc59-3d5b-7ca528c2c637,Riverdale Manufacturing,91311ab0-8211-0ab2-8073-871b4d42ee7e,Press Line Meter B,,,VoltageA,VoltageA,V,232.81,2026-08-06T05:00:00.000Z,,,"At 2026-08-06T05:00:00.000Z, Press Line Meter B (Riverdale Manufacturing) VoltageA=232.81 V."
historical_reading,31a45db8-ceab-bc59-3d5b-7ca528c2c637,Riverdale Manufacturing,91311ab0-8211-0ab2-8073-871b4d42ee7e,Press Line Meter B,,,ActivePower,ActivePower,kW,5.92,2026-08-06T05:00:00.000Z,,,"At 2026-08-06T05:00:00.000Z, Press Line Meter B (Riverdale Manufacturing) ActivePower=5.92 kW."
historical_reading,31a45db8-ceab-bc59-3d5b-7ca528c2c637,Riverdale Manufacturing,91311ab0-8211-0ab2-8073-871b4d42ee7e,Press Line Meter B,,,PowerFactor,PowerFactor,ratio,0.88,2026-08-06T05:00:00.000Z,,,"At 2026-08-06T05:00:00.000Z, Press Line Meter B (Riverdale Manufacturing) PowerFactor=0.88 ratio."
historical_reading,31a45db8-ceab-bc59-3d5b-7ca528c2c637,Riverdale Manufacturing,91311ab0-8211-0ab2-8073-871b4d42ee7e,Press Line Meter B,,,PowerConsumption,PowerConsumption,kWh,35,2026-08-06T05:00:00.000Z,,,"At 2026-08-06T05:00:00.000Z, Press Line Meter B (Riverdale Manufacturing) PowerConsumption=35 kWh."
historical_reading,31a45db8-ceab-bc59-3d5b-7ca528c2c637,Riverdale Manufacturing,91311ab0-8211-0ab2-8073-871b4d42ee7e,Press Line Meter B,,,VoltageA,VoltageA,V,231.69,2026-08-06T04:00:00.000Z,,,"At 2026-08-06T04:00:00.000Z, Press Line Meter B (Riverdale Manufacturing) VoltageA=231.69 V."
historical_reading,31a45db8-ceab-bc59-3d5b-7ca528c2c637,Riverdale Manufacturing,91311ab0-8211-0ab2-8073-871b4d42ee7e,Press Line Meter B,,,ActivePower,ActivePower,kW,5.56,2026-08-06T04:00:00.000Z,,,"At 2026-08-06T04:00:00.000Z, Press Line Meter B (Riverdale Manufacturing) ActivePower=5.56 kW."
historical_reading,31a45db8-ceab-bc59-3d5b-7ca528c2c637,Riverdale Manufacturing,91311ab0-8211-0ab2-8073-871b4d42ee7e,Press Line Meter B,,,PowerFactor,PowerFactor,ratio,0.87,2026-08-06T04:00:00.000Z,,,"At 2026-08-06T04:00:00.000Z, Press Line Meter B (Riverdale Manufacturing) PowerFactor=0.87 ratio."
historical_reading,31a45db8-ceab-bc59-3d5b-7ca528c2c637,Riverdale Manufacturing,91311ab0-8211-0ab2-8073-871b4d42ee7e,Press Line Meter B,,,PowerConsumption,PowerConsumption,kWh,35.08,2026-08-06T04:00:00.000Z,,,"At 2026-08-06T04:00:00.000Z, Press Line Meter B (Riverdale Manufacturing) PowerConsumption=35.08 kWh."
historical_reading,31a45db8-ceab-bc59-3d5b-7ca528c2c637,Riverdale Manufacturing,91311ab0-8211-0ab2-8073-871b4d42ee7e,Press Line Meter B,,,VoltageA,VoltageA,V,228.37,2026-08-06T02:00:00.000Z,,,"At 2026-08-06T02:00:00.000Z, Press Line Meter B (Riverdale Manufacturing) VoltageA=228.37 V."
historical_reading,31a45db8-ceab-bc59-3d5b-7ca528c2c637,Riverdale Manufacturing,91311ab0-8211-0ab2-8073-871b4d42ee7e,Press Line Meter B,,,ActivePower,ActivePower,kW,4.24,2026-08-06T02:00:00.000Z,,,"At 2026-08-06T02:00:00.000Z, Press Line Meter B (Riverdale Manufacturing) ActivePower=4.24 kW."
historical_reading,31a45db8-ceab-bc59-3d5b-7ca528c2c637,Riverdale Manufacturing,91311ab0-8211-0ab2-8073-871b4d42ee7e,Press Line Meter B,,,PowerFactor,PowerFactor,ratio,0.84,2026-08-06T02:00:00.000Z,,,"At 2026-08-06T02:00:00.000Z, Press Line Meter B (Riverdale Manufacturing) PowerFactor=0.84 ratio."
historical_reading,31a45db8-ceab-bc59-3d5b-7ca528c2c637,Riverdale Manufacturing,91311ab0-8211-0ab2-8073-871b4d42ee7e,Press Line Meter B,,,PowerConsumption,PowerConsumption,kWh,35.24,2026-08-06T02:00:00.000Z,,,"At 2026-08-06T02:00:00.000Z, Press Line Meter B (Riverdale Manufacturing) PowerConsumption=35.24 kWh."
historical_reading,31a45db8-ceab-bc59-3d5b-7ca528c2c637,Riverdale Manufacturing,91311ab0-8211-0ab2-8073-871b4d42ee7e,Press Line Meter B,,,VoltageA,VoltageA,V,226.28,2026-08-06T00:00:00.000Z,,,"At 2026-08-06T00:00:00.000Z, Press Line Meter B (Riverdale Manufacturing) VoltageA=226.28 V."
historical_reading,31a45db8-ceab-bc59-3d5b-7ca528c2c637,Riverdale Manufacturing,91311ab0-8211-0ab2-8073-871b4d42ee7e,Press Line Meter B,,,ActivePower,ActivePower,kW,3.87,2026-08-06T00:00:00.000Z,,,"At 2026-08-06T00:00:00.000Z, Press Line Meter B (Riverdale Manufacturing) ActivePower=3.87 kW."
historical_reading,31a45db8-ceab-bc59-3d5b-7ca528c2c637,Riverdale Manufacturing,91311ab0-8211-0ab2-8073-871b4d42ee7e,Press Line Meter B,,,PowerFactor,PowerFactor,ratio,0.81,2026-08-06T00:00:00.000Z,,,"At 2026-08-06T00:00:00.000Z, Press Line Meter B (Riverdale Manufacturing) PowerFactor=0.81 ratio."
historical_reading,31a45db8-ceab-bc59-3d5b-7ca528c2c637,Riverdale Manufacturing,91311ab0-8211-0ab2-8073-871b4d42ee7e,Press Line Meter B,,,PowerConsumption,PowerConsumption,kWh,35.4,2026-08-06T00:00:00.000Z,,,"At 2026-08-06T00:00:00.000Z, Press Line Meter B (Riverdale Manufacturing) PowerConsumption=35.4 kWh."
historical_reading,31a45db8-ceab-bc59-3d5b-7ca528c2c637,Riverdale Manufacturing,91311ab0-8211-0ab2-8073-871b4d42ee7e,Press Line Meter B,,,VoltageA,VoltageA,V,226.41,2026-08-05T22:00:00.000Z,,,"At 2026-08-05T22:00:00.000Z, Press Line Meter B (Riverdale Manufacturing) VoltageA=226.41 V."
historical_reading,31a45db8-ceab-bc59-3d5b-7ca528c2c637,Riverdale Manufacturing,91311ab0-8211-0ab2-8073-871b4d42ee7e,Press Line Meter B,,,ActivePower,ActivePower,kW,3.92,2026-08-05T22:00:00.000Z,,,"At 2026-08-05T22:00:00.000Z, Press Line Meter B (Riverdale Manufacturing) ActivePower=3.92 kW."
historical_reading,31a45db8-ceab-bc59-3d5b-7ca528c2c637,Riverdale Manufacturing,91311ab0-8211-0ab2-8073-871b4d42ee7e,Press Line Meter B,,,PowerFactor,PowerFactor,ratio,0.82,2026-08-05T22:00:00.000Z,,,"At 2026-08-05T22:00:00.000Z, Press Line Meter B (Riverdale Manufacturing) PowerFactor=0.82 ratio."
historical_reading,31a45db8-ceab-bc59-3d5b-7ca528c2c637,Riverdale Manufacturing,91311ab0-8211-0ab2-8073-871b4d42ee7e,Press Line Meter B,,,PowerConsumption,PowerConsumption,kWh,35.56,2026-08-05T22:00:00.000Z,,,"At 2026-08-05T22:00:00.000Z, Press Line Meter B (Riverdale Manufacturing) PowerConsumption=35.56 kWh."
historical_reading,31a45db8-ceab-bc59-3d5b-7ca528c2c637,Riverdale Manufacturing,440e66a4-0438-0f8d-e300-f686285fe89e,Compressor Bank Meter,,,VoltageA,VoltageA,V,226.48,2026-08-06T10:00:00.000Z,,,"At 2026-08-06T10:00:00.000Z, Compressor Bank Meter (Riverdale Manufacturing) VoltageA=226.48 V."
historical_reading,31a45db8-ceab-bc59-3d5b-7ca528c2c637,Riverdale Manufacturing,440e66a4-0438-0f8d-e300-f686285fe89e,Compressor Bank Meter,,,ActivePower,ActivePower,kW,3.81,2026-08-06T10:00:00.000Z,,,"At 2026-08-06T10:00:00.000Z, Compressor Bank Meter (Riverdale Manufacturing) ActivePower=3.81 kW."
historical_reading,31a45db8-ceab-bc59-3d5b-7ca528c2c637,Riverdale Manufacturing,440e66a4-0438-0f8d-e300-f686285fe89e,Compressor Bank Meter,,,PowerFactor,PowerFactor,ratio,0.82,2026-08-06T10:00:00.000Z,,,"At 2026-08-06T10:00:00.000Z, Compressor Bank Meter (Riverdale Manufacturing) PowerFactor=0.82 ratio."
historical_reading,31a45db8-ceab-bc59-3d5b-7ca528c2c637,Riverdale Manufacturing,440e66a4-0438-0f8d-e300-f686285fe89e,Compressor Bank Meter,,,PowerConsumption,PowerConsumption,kWh,38.3,2026-08-06T10:00:00.000Z,,,"At 2026-08-06T10:00:00.000Z, Compressor Bank Meter (Riverdale Manufacturing) PowerConsumption=38.3 kWh."
historical_reading,31a45db8-ceab-bc59-3d5b-7ca528c2c637,Riverdale Manufacturing,440e66a4-0438-0f8d-e300-f686285fe89e,Compressor Bank Meter,,,VoltageA,VoltageA,V,227.31,2026-08-06T09:00:00.000Z,,,"At 2026-08-06T09:00:00.000Z, Compressor Bank Meter (Riverdale Manufacturing) VoltageA=227.31 V."
historical_reading,31a45db8-ceab-bc59-3d5b-7ca528c2c637,Riverdale Manufacturing,440e66a4-0438-0f8d-e300-f686285fe89e,Compressor Bank Meter,,,ActivePower,ActivePower,kW,4.01,2026-08-06T09:00:00.000Z,,,"At 2026-08-06T09:00:00.000Z, Compressor Bank Meter (Riverdale Manufacturing) ActivePower=4.01 kW."
historical_reading,31a45db8-ceab-bc59-3d5b-7ca528c2c637,Riverdale Manufacturing,440e66a4-0438-0f8d-e300-f686285fe89e,Compressor Bank Meter,,,PowerFactor,PowerFactor,ratio,0.82,2026-08-06T09:00:00.000Z,,,"At 2026-08-06T09:00:00.000Z, Compressor Bank Meter (Riverdale Manufacturing) PowerFactor=0.82 ratio."
historical_reading,31a45db8-ceab-bc59-3d5b-7ca528c2c637,Riverdale Manufacturing,440e66a4-0438-0f8d-e300-f686285fe89e,Compressor Bank Meter,,,PowerConsumption,PowerConsumption,kWh,38.38,2026-08-06T09:00:00.000Z,,,"At 2026-08-06T09:00:00.000Z, Compressor Bank Meter (Riverdale Manufacturing) PowerConsumption=38.38 kWh."
historical_reading,31a45db8-ceab-bc59-3d5b-7ca528c2c637,Riverdale Manufacturing,440e66a4-0438-0f8d-e300-f686285fe89e,Compressor Bank Meter,,,VoltageA,VoltageA,V,227.9,2026-08-06T08:00:00.000Z,,,"At 2026-08-06T08:00:00.000Z, Compressor Bank Meter (Riverdale Manufacturing) VoltageA=227.9 V."
historical_reading,31a45db8-ceab-bc59-3d5b-7ca528c2c637,Riverdale Manufacturing,440e66a4-0438-0f8d-e300-f686285fe89e,Compressor Bank Meter,,,ActivePower,ActivePower,kW,4.22,2026-08-06T08:00:00.000Z,,,"At 2026-08-06T08:00:00.000Z, Compressor Bank Meter (Riverdale Manufacturing) ActivePower=4.22 kW."
historical_reading,31a45db8-ceab-bc59-3d5b-7ca528c2c637,Riverdale Manufacturing,440e66a4-0438-0f8d-e300-f686285fe89e,Compressor Bank Meter,,,PowerFactor,PowerFactor,ratio,0.83,2026-08-06T08:00:00.000Z,,,"At 2026-08-06T08:00:00.000Z, Compressor Bank Meter (Riverdale Manufacturing) PowerFactor=0.83 ratio."
historical_reading,31a45db8-ceab-bc59-3d5b-7ca528c2c637,Riverdale Manufacturing,440e66a4-0438-0f8d-e300-f686285fe89e,Compressor Bank Meter,,,PowerConsumption,PowerConsumption,kWh,38.46,2026-08-06T08:00:00.000Z,,,"At 2026-08-06T08:00:00.000Z, Compressor Bank Meter (Riverdale Manufacturing) PowerConsumption=38.46 kWh."
historical_reading,31a45db8-ceab-bc59-3d5b-7ca528c2c637,Riverdale Manufacturing,440e66a4-0438-0f8d-e300-f686285fe89e,Compressor Bank Meter,,,VoltageA,VoltageA,V,229.56,2026-08-06T07:00:00.000Z,,,"At 2026-08-06T07:00:00.000Z, Compressor Bank Meter (Riverdale Manufacturing) VoltageA=229.56 V."
historical_reading,31a45db8-ceab-bc59-3d5b-7ca528c2c637,Riverdale Manufacturing,440e66a4-0438-0f8d-e300-f686285fe89e,Compressor Bank Meter,,,ActivePower,ActivePower,kW,4.88,2026-08-06T07:00:00.000Z,,,"At 2026-08-06T07:00:00.000Z, Compressor Bank Meter (Riverdale Manufacturing) ActivePower=4.88 kW."
historical_reading,31a45db8-ceab-bc59-3d5b-7ca528c2c637,Riverdale Manufacturing,440e66a4-0438-0f8d-e300-f686285fe89e,Compressor Bank Meter,,,PowerFactor,PowerFactor,ratio,0.85,2026-08-06T07:00:00.000Z,,,"At 2026-08-06T07:00:00.000Z, Compressor Bank Meter (Riverdale Manufacturing) PowerFactor=0.85 ratio."
historical_reading,31a45db8-ceab-bc59-3d5b-7ca528c2c637,Riverdale Manufacturing,440e66a4-0438-0f8d-e300-f686285fe89e,Compressor Bank Meter,,,PowerConsumption,PowerConsumption,kWh,38.54,2026-08-06T07:00:00.000Z,,,"At 2026-08-06T07:00:00.000Z, Compressor Bank Meter (Riverdale Manufacturing) PowerConsumption=38.54 kWh."
historical_reading,31a45db8-ceab-bc59-3d5b-7ca528c2c637,Riverdale Manufacturing,440e66a4-0438-0f8d-e300-f686285fe89e,Compressor Bank Meter,,,VoltageA,VoltageA,V,231.6,2026-08-06T06:00:00.000Z,,,"At 2026-08-06T06:00:00.000Z, Compressor Bank Meter (Riverdale Manufacturing) VoltageA=231.6 V."
historical_reading,31a45db8-ceab-bc59-3d5b-7ca528c2c637,Riverdale Manufacturing,440e66a4-0438-0f8d-e300-f686285fe89e,Compressor Bank Meter,,,ActivePower,ActivePower,kW,5.56,2026-08-06T06:00:00.000Z,,,"At 2026-08-06T06:00:00.000Z, Compressor Bank Meter (Riverdale Manufacturing) ActivePower=5.56 kW."
historical_reading,31a45db8-ceab-bc59-3d5b-7ca528c2c637,Riverdale Manufacturing,440e66a4-0438-0f8d-e300-f686285fe89e,Compressor Bank Meter,,,PowerFactor,PowerFactor,ratio,0.87,2026-08-06T06:00:00.000Z,,,"At 2026-08-06T06:00:00.000Z, Compressor Bank Meter (Riverdale Manufacturing) PowerFactor=0.87 ratio."
historical_reading,31a45db8-ceab-bc59-3d5b-7ca528c2c637,Riverdale Manufacturing,440e66a4-0438-0f8d-e300-f686285fe89e,Compressor Bank Meter,,,PowerConsumption,PowerConsumption,kWh,38.62,2026-08-06T06:00:00.000Z,,,"At 2026-08-06T06:00:00.000Z, Compressor Bank Meter (Riverdale Manufacturing) PowerConsumption=38.62 kWh."
historical_reading,31a45db8-ceab-bc59-3d5b-7ca528c2c637,Riverdale Manufacturing,440e66a4-0438-0f8d-e300-f686285fe89e,Compressor Bank Meter,,,VoltageA,VoltageA,V,232.51,2026-08-06T05:00:00.000Z,,,"At 2026-08-06T05:00:00.000Z, Compressor Bank Meter (Riverdale Manufacturing) VoltageA=232.51 V."
historical_reading,31a45db8-ceab-bc59-3d5b-7ca528c2c637,Riverdale Manufacturing,440e66a4-0438-0f8d-e300-f686285fe89e,Compressor Bank Meter,,,ActivePower,ActivePower,kW,5.89,2026-08-06T05:00:00.000Z,,,"At 2026-08-06T05:00:00.000Z, Compressor Bank Meter (Riverdale Manufacturing) ActivePower=5.89 kW."
historical_reading,31a45db8-ceab-bc59-3d5b-7ca528c2c637,Riverdale Manufacturing,440e66a4-0438-0f8d-e300-f686285fe89e,Compressor Bank Meter,,,PowerFactor,PowerFactor,ratio,0.88,2026-08-06T05:00:00.000Z,,,"At 2026-08-06T05:00:00.000Z, Compressor Bank Meter (Riverdale Manufacturing) PowerFactor=0.88 ratio."
historical_reading,31a45db8-ceab-bc59-3d5b-7ca528c2c637,Riverdale Manufacturing,440e66a4-0438-0f8d-e300-f686285fe89e,Compressor Bank Meter,,,PowerConsumption,PowerConsumption,kWh,38.7,2026-08-06T05:00:00.000Z,,,"At 2026-08-06T05:00:00.000Z, Compressor Bank Meter (Riverdale Manufacturing) PowerConsumption=38.7 kWh."
historical_reading,31a45db8-ceab-bc59-3d5b-7ca528c2c637,Riverdale Manufacturing,440e66a4-0438-0f8d-e300-f686285fe89e,Compressor Bank Meter,,,VoltageA,VoltageA,V,232.82,2026-08-06T04:00:00.000Z,,,"At 2026-08-06T04:00:00.000Z, Compressor Bank Meter (Riverdale Manufacturing) VoltageA=232.82 V."
historical_reading,31a45db8-ceab-bc59-3d5b-7ca528c2c637,Riverdale Manufacturing,440e66a4-0438-0f8d-e300-f686285fe89e,Compressor Bank Meter,,,ActivePower,ActivePower,kW,6.19,2026-08-06T04:00:00.000Z,,,"At 2026-08-06T04:00:00.000Z, Compressor Bank Meter (Riverdale Manufacturing) ActivePower=6.19 kW."
historical_reading,31a45db8-ceab-bc59-3d5b-7ca528c2c637,Riverdale Manufacturing,440e66a4-0438-0f8d-e300-f686285fe89e,Compressor Bank Meter,,,PowerFactor,PowerFactor,ratio,0.9,2026-08-06T04:00:00.000Z,,,"At 2026-08-06T04:00:00.000Z, Compressor Bank Meter (Riverdale Manufacturing) PowerFactor=0.9 ratio."
historical_reading,31a45db8-ceab-bc59-3d5b-7ca528c2c637,Riverdale Manufacturing,440e66a4-0438-0f8d-e300-f686285fe89e,Compressor Bank Meter,,,PowerConsumption,PowerConsumption,kWh,38.78,2026-08-06T04:00:00.000Z,,,"At 2026-08-06T04:00:00.000Z, Compressor Bank Meter (Riverdale Manufacturing) PowerConsumption=38.78 kWh."
historical_reading,31a45db8-ceab-bc59-3d5b-7ca528c2c637,Riverdale Manufacturing,440e66a4-0438-0f8d-e300-f686285fe89e,Compressor Bank Meter,,,VoltageA,VoltageA,V,233.55,2026-08-06T02:00:00.000Z,,,"At 2026-08-06T02:00:00.000Z, Compressor Bank Meter (Riverdale Manufacturing) VoltageA=233.55 V."
historical_reading,31a45db8-ceab-bc59-3d5b-7ca528c2c637,Riverdale Manufacturing,440e66a4-0438-0f8d-e300-f686285fe89e,Compressor Bank Meter,,,ActivePower,ActivePower,kW,6.3,2026-08-06T02:00:00.000Z,,,"At 2026-08-06T02:00:00.000Z, Compressor Bank Meter (Riverdale Manufacturing) ActivePower=6.3 kW."
historical_reading,31a45db8-ceab-bc59-3d5b-7ca528c2c637,Riverdale Manufacturing,440e66a4-0438-0f8d-e300-f686285fe89e,Compressor Bank Meter,,,PowerFactor,PowerFactor,ratio,0.9,2026-08-06T02:00:00.000Z,,,"At 2026-08-06T02:00:00.000Z, Compressor Bank Meter (Riverdale Manufacturing) PowerFactor=0.9 ratio."
historical_reading,31a45db8-ceab-bc59-3d5b-7ca528c2c637,Riverdale Manufacturing,440e66a4-0438-0f8d-e300-f686285fe89e,Compressor Bank Meter,,,PowerConsumption,PowerConsumption,kWh,38.94,2026-08-06T02:00:00.000Z,,,"At 2026-08-06T02:00:00.000Z, Compressor Bank Meter (Riverdale Manufacturing) PowerConsumption=38.94 kWh."
historical_reading,31a45db8-ceab-bc59-3d5b-7ca528c2c637,Riverdale Manufacturing,440e66a4-0438-0f8d-e300-f686285fe89e,Compressor Bank Meter,,,VoltageA,VoltageA,V,232.07,2026-08-06T00:00:00.000Z,,,"At 2026-08-06T00:00:00.000Z, Compressor Bank Meter (Riverdale Manufacturing) VoltageA=232.07 V."
historical_reading,31a45db8-ceab-bc59-3d5b-7ca528c2c637,Riverdale Manufacturing,440e66a4-0438-0f8d-e300-f686285fe89e,Compressor Bank Meter,,,ActivePower,ActivePower,kW,5.42,2026-08-06T00:00:00.000Z,,,"At 2026-08-06T00:00:00.000Z, Compressor Bank Meter (Riverdale Manufacturing) ActivePower=5.42 kW."
historical_reading,31a45db8-ceab-bc59-3d5b-7ca528c2c637,Riverdale Manufacturing,440e66a4-0438-0f8d-e300-f686285fe89e,Compressor Bank Meter,,,PowerFactor,PowerFactor,ratio,0.87,2026-08-06T00:00:00.000Z,,,"At 2026-08-06T00:00:00.000Z, Compressor Bank Meter (Riverdale Manufacturing) PowerFactor=0.87 ratio."
historical_reading,31a45db8-ceab-bc59-3d5b-7ca528c2c637,Riverdale Manufacturing,440e66a4-0438-0f8d-e300-f686285fe89e,Compressor Bank Meter,,,PowerConsumption,PowerConsumption,kWh,39.1,2026-08-06T00:00:00.000Z,,,"At 2026-08-06T00:00:00.000Z, Compressor Bank Meter (Riverdale Manufacturing) PowerConsumption=39.1 kWh."
historical_reading,31a45db8-ceab-bc59-3d5b-7ca528c2c637,Riverdale Manufacturing,440e66a4-0438-0f8d-e300-f686285fe89e,Compressor Bank Meter,,,VoltageA,VoltageA,V,229.23,2026-08-05T22:00:00.000Z,,,"At 2026-08-05T22:00:00.000Z, Compressor Bank Meter (Riverdale Manufacturing) VoltageA=229.23 V."
historical_reading,31a45db8-ceab-bc59-3d5b-7ca528c2c637,Riverdale Manufacturing,440e66a4-0438-0f8d-e300-f686285fe89e,Compressor Bank Meter,,,ActivePower,ActivePower,kW,4.37,2026-08-05T22:00:00.000Z,,,"At 2026-08-05T22:00:00.000Z, Compressor Bank Meter (Riverdale Manufacturing) ActivePower=4.37 kW."
historical_reading,31a45db8-ceab-bc59-3d5b-7ca528c2c637,Riverdale Manufacturing,440e66a4-0438-0f8d-e300-f686285fe89e,Compressor Bank Meter,,,PowerFactor,PowerFactor,ratio,0.84,2026-08-05T22:00:00.000Z,,,"At 2026-08-05T22:00:00.000Z, Compressor Bank Meter (Riverdale Manufacturing) PowerFactor=0.84 ratio."
historical_reading,31a45db8-ceab-bc59-3d5b-7ca528c2c637,Riverdale Manufacturing,440e66a4-0438-0f8d-e300-f686285fe89e,Compressor Bank Meter,,,PowerConsumption,PowerConsumption,kWh,39.26,2026-08-05T22:00:00.000Z,,,"At 2026-08-05T22:00:00.000Z, Compressor Bank Meter (Riverdale Manufacturing) PowerConsumption=39.26 kWh."
historical_reading,31a45db8-ceab-bc59-3d5b-7ca528c2c637,Riverdale Manufacturing,77d1f9a2-f1c3-5104-6e19-f489ad2a9353,Warehouse Main Meter,,,VoltageA,VoltageA,V,234,2026-08-06T10:00:00.000Z,,,"At 2026-08-06T10:00:00.000Z, Warehouse Main Meter (Riverdale Manufacturing) VoltageA=234 V."
historical_reading,31a45db8-ceab-bc59-3d5b-7ca528c2c637,Riverdale Manufacturing,77d1f9a2-f1c3-5104-6e19-f489ad2a9353,Warehouse Main Meter,,,ActivePower,ActivePower,kW,6.45,2026-08-06T10:00:00.000Z,,,"At 2026-08-06T10:00:00.000Z, Warehouse Main Meter (Riverdale Manufacturing) ActivePower=6.45 kW."
historical_reading,31a45db8-ceab-bc59-3d5b-7ca528c2c637,Riverdale Manufacturing,77d1f9a2-f1c3-5104-6e19-f489ad2a9353,Warehouse Main Meter,,,PowerFactor,PowerFactor,ratio,0.89,2026-08-06T10:00:00.000Z,,,"At 2026-08-06T10:00:00.000Z, Warehouse Main Meter (Riverdale Manufacturing) PowerFactor=0.89 ratio."
historical_reading,31a45db8-ceab-bc59-3d5b-7ca528c2c637,Riverdale Manufacturing,77d1f9a2-f1c3-5104-6e19-f489ad2a9353,Warehouse Main Meter,,,PowerConsumption,PowerConsumption,kWh,45.7,2026-08-06T10:00:00.000Z,,,"At 2026-08-06T10:00:00.000Z, Warehouse Main Meter (Riverdale Manufacturing) PowerConsumption=45.7 kWh."
historical_reading,31a45db8-ceab-bc59-3d5b-7ca528c2c637,Riverdale Manufacturing,77d1f9a2-f1c3-5104-6e19-f489ad2a9353,Warehouse Main Meter,,,VoltageA,VoltageA,V,232.92,2026-08-06T09:00:00.000Z,,,"At 2026-08-06T09:00:00.000Z, Warehouse Main Meter (Riverdale Manufacturing) VoltageA=232.92 V."
historical_reading,31a45db8-ceab-bc59-3d5b-7ca528c2c637,Riverdale Manufacturing,77d1f9a2-f1c3-5104-6e19-f489ad2a9353,Warehouse Main Meter,,,ActivePower,ActivePower,kW,6.25,2026-08-06T09:00:00.000Z,,,"At 2026-08-06T09:00:00.000Z, Warehouse Main Meter (Riverdale Manufacturing) ActivePower=6.25 kW."
historical_reading,31a45db8-ceab-bc59-3d5b-7ca528c2c637,Riverdale Manufacturing,77d1f9a2-f1c3-5104-6e19-f489ad2a9353,Warehouse Main Meter,,,PowerFactor,PowerFactor,ratio,0.9,2026-08-06T09:00:00.000Z,,,"At 2026-08-06T09:00:00.000Z, Warehouse Main Meter (Riverdale Manufacturing) PowerFactor=0.9 ratio."
historical_reading,31a45db8-ceab-bc59-3d5b-7ca528c2c637,Riverdale Manufacturing,77d1f9a2-f1c3-5104-6e19-f489ad2a9353,Warehouse Main Meter,,,PowerConsumption,PowerConsumption,kWh,45.78,2026-08-06T09:00:00.000Z,,,"At 2026-08-06T09:00:00.000Z, Warehouse Main Meter (Riverdale Manufacturing) PowerConsumption=45.78 kWh."
historical_reading,31a45db8-ceab-bc59-3d5b-7ca528c2c637,Riverdale Manufacturing,77d1f9a2-f1c3-5104-6e19-f489ad2a9353,Warehouse Main Meter,,,VoltageA,VoltageA,V,232.05,2026-08-06T08:00:00.000Z,,,"At 2026-08-06T08:00:00.000Z, Warehouse Main Meter (Riverdale Manufacturing) VoltageA=232.05 V."
historical_reading,31a45db8-ceab-bc59-3d5b-7ca528c2c637,Riverdale Manufacturing,77d1f9a2-f1c3-5104-6e19-f489ad2a9353,Warehouse Main Meter,,,ActivePower,ActivePower,kW,6.01,2026-08-06T08:00:00.000Z,,,"At 2026-08-06T08:00:00.000Z, Warehouse Main Meter (Riverdale Manufacturing) ActivePower=6.01 kW."
historical_reading,31a45db8-ceab-bc59-3d5b-7ca528c2c637,Riverdale Manufacturing,77d1f9a2-f1c3-5104-6e19-f489ad2a9353,Warehouse Main Meter,,,PowerFactor,PowerFactor,ratio,0.88,2026-08-06T08:00:00.000Z,,,"At 2026-08-06T08:00:00.000Z, Warehouse Main Meter (Riverdale Manufacturing) PowerFactor=0.88 ratio."
historical_reading,31a45db8-ceab-bc59-3d5b-7ca528c2c637,Riverdale Manufacturing,77d1f9a2-f1c3-5104-6e19-f489ad2a9353,Warehouse Main Meter,,,PowerConsumption,PowerConsumption,kWh,45.86,2026-08-06T08:00:00.000Z,,,"At 2026-08-06T08:00:00.000Z, Warehouse Main Meter (Riverdale Manufacturing) PowerConsumption=45.86 kWh."
historical_reading,31a45db8-ceab-bc59-3d5b-7ca528c2c637,Riverdale Manufacturing,77d1f9a2-f1c3-5104-6e19-f489ad2a9353,Warehouse Main Meter,,,VoltageA,VoltageA,V,231.74,2026-08-06T07:00:00.000Z,,,"At 2026-08-06T07:00:00.000Z, Warehouse Main Meter (Riverdale Manufacturing) VoltageA=231.74 V."
historical_reading,31a45db8-ceab-bc59-3d5b-7ca528c2c637,Riverdale Manufacturing,77d1f9a2-f1c3-5104-6e19-f489ad2a9353,Warehouse Main Meter,,,ActivePower,ActivePower,kW,5.37,2026-08-06T07:00:00.000Z,,,"At 2026-08-06T07:00:00.000Z, Warehouse Main Meter (Riverdale Manufacturing) ActivePower=5.37 kW."
historical_reading,31a45db8-ceab-bc59-3d5b-7ca528c2c637,Riverdale Manufacturing,77d1f9a2-f1c3-5104-6e19-f489ad2a9353,Warehouse Main Meter,,,PowerFactor,PowerFactor,ratio,0.87,2026-08-06T07:00:00.000Z,,,"At 2026-08-06T07:00:00.000Z, Warehouse Main Meter (Riverdale Manufacturing) PowerFactor=0.87 ratio."
historical_reading,31a45db8-ceab-bc59-3d5b-7ca528c2c637,Riverdale Manufacturing,77d1f9a2-f1c3-5104-6e19-f489ad2a9353,Warehouse Main Meter,,,PowerConsumption,PowerConsumption,kWh,45.94,2026-08-06T07:00:00.000Z,,,"At 2026-08-06T07:00:00.000Z, Warehouse Main Meter (Riverdale Manufacturing) PowerConsumption=45.94 kWh."
historical_reading,31a45db8-ceab-bc59-3d5b-7ca528c2c637,Riverdale Manufacturing,77d1f9a2-f1c3-5104-6e19-f489ad2a9353,Warehouse Main Meter,,,VoltageA,VoltageA,V,229.57,2026-08-06T06:00:00.000Z,,,"At 2026-08-06T06:00:00.000Z, Warehouse Main Meter (Riverdale Manufacturing) VoltageA=229.57 V."
historical_reading,31a45db8-ceab-bc59-3d5b-7ca528c2c637,Riverdale Manufacturing,77d1f9a2-f1c3-5104-6e19-f489ad2a9353,Warehouse Main Meter,,,ActivePower,ActivePower,kW,5.04,2026-08-06T06:00:00.000Z,,,"At 2026-08-06T06:00:00.000Z, Warehouse Main Meter (Riverdale Manufacturing) ActivePower=5.04 kW."
historical_reading,31a45db8-ceab-bc59-3d5b-7ca528c2c637,Riverdale Manufacturing,77d1f9a2-f1c3-5104-6e19-f489ad2a9353,Warehouse Main Meter,,,PowerFactor,PowerFactor,ratio,0.85,2026-08-06T06:00:00.000Z,,,"At 2026-08-06T06:00:00.000Z, Warehouse Main Meter (Riverdale Manufacturing) PowerFactor=0.85 ratio."
historical_reading,31a45db8-ceab-bc59-3d5b-7ca528c2c637,Riverdale Manufacturing,77d1f9a2-f1c3-5104-6e19-f489ad2a9353,Warehouse Main Meter,,,PowerConsumption,PowerConsumption,kWh,46.02,2026-08-06T06:00:00.000Z,,,"At 2026-08-06T06:00:00.000Z, Warehouse Main Meter (Riverdale Manufacturing) PowerConsumption=46.02 kWh."
historical_reading,31a45db8-ceab-bc59-3d5b-7ca528c2c637,Riverdale Manufacturing,77d1f9a2-f1c3-5104-6e19-f489ad2a9353,Warehouse Main Meter,,,VoltageA,VoltageA,V,228.18,2026-08-06T05:00:00.000Z,,,"At 2026-08-06T05:00:00.000Z, Warehouse Main Meter (Riverdale Manufacturing) VoltageA=228.18 V."
historical_reading,31a45db8-ceab-bc59-3d5b-7ca528c2c637,Riverdale Manufacturing,77d1f9a2-f1c3-5104-6e19-f489ad2a9353,Warehouse Main Meter,,,ActivePower,ActivePower,kW,4.2,2026-08-06T05:00:00.000Z,,,"At 2026-08-06T05:00:00.000Z, Warehouse Main Meter (Riverdale Manufacturing) ActivePower=4.2 kW."
historical_reading,31a45db8-ceab-bc59-3d5b-7ca528c2c637,Riverdale Manufacturing,77d1f9a2-f1c3-5104-6e19-f489ad2a9353,Warehouse Main Meter,,,PowerFactor,PowerFactor,ratio,0.84,2026-08-06T05:00:00.000Z,,,"At 2026-08-06T05:00:00.000Z, Warehouse Main Meter (Riverdale Manufacturing) PowerFactor=0.84 ratio."
historical_reading,31a45db8-ceab-bc59-3d5b-7ca528c2c637,Riverdale Manufacturing,77d1f9a2-f1c3-5104-6e19-f489ad2a9353,Warehouse Main Meter,,,PowerConsumption,PowerConsumption,kWh,46.1,2026-08-06T05:00:00.000Z,,,"At 2026-08-06T05:00:00.000Z, Warehouse Main Meter (Riverdale Manufacturing) PowerConsumption=46.1 kWh."
historical_reading,31a45db8-ceab-bc59-3d5b-7ca528c2c637,Riverdale Manufacturing,77d1f9a2-f1c3-5104-6e19-f489ad2a9353,Warehouse Main Meter,,,VoltageA,VoltageA,V,227.62,2026-08-06T04:00:00.000Z,,,"At 2026-08-06T04:00:00.000Z, Warehouse Main Meter (Riverdale Manufacturing) VoltageA=227.62 V."
historical_reading,31a45db8-ceab-bc59-3d5b-7ca528c2c637,Riverdale Manufacturing,77d1f9a2-f1c3-5104-6e19-f489ad2a9353,Warehouse Main Meter,,,ActivePower,ActivePower,kW,4.08,2026-08-06T04:00:00.000Z,,,"At 2026-08-06T04:00:00.000Z, Warehouse Main Meter (Riverdale Manufacturing) ActivePower=4.08 kW."
historical_reading,31a45db8-ceab-bc59-3d5b-7ca528c2c637,Riverdale Manufacturing,77d1f9a2-f1c3-5104-6e19-f489ad2a9353,Warehouse Main Meter,,,PowerFactor,PowerFactor,ratio,0.82,2026-08-06T04:00:00.000Z,,,"At 2026-08-06T04:00:00.000Z, Warehouse Main Meter (Riverdale Manufacturing) PowerFactor=0.82 ratio."
historical_reading,31a45db8-ceab-bc59-3d5b-7ca528c2c637,Riverdale Manufacturing,77d1f9a2-f1c3-5104-6e19-f489ad2a9353,Warehouse Main Meter,,,PowerConsumption,PowerConsumption,kWh,46.18,2026-08-06T04:00:00.000Z,,,"At 2026-08-06T04:00:00.000Z, Warehouse Main Meter (Riverdale Manufacturing) PowerConsumption=46.18 kWh."
historical_reading,31a45db8-ceab-bc59-3d5b-7ca528c2c637,Riverdale Manufacturing,77d1f9a2-f1c3-5104-6e19-f489ad2a9353,Warehouse Main Meter,,,VoltageA,VoltageA,V,225.98,2026-08-06T02:00:00.000Z,,,"At 2026-08-06T02:00:00.000Z, Warehouse Main Meter (Riverdale Manufacturing) VoltageA=225.98 V."
historical_reading,31a45db8-ceab-bc59-3d5b-7ca528c2c637,Riverdale Manufacturing,77d1f9a2-f1c3-5104-6e19-f489ad2a9353,Warehouse Main Meter,,,ActivePower,ActivePower,kW,3.53,2026-08-06T02:00:00.000Z,,,"At 2026-08-06T02:00:00.000Z, Warehouse Main Meter (Riverdale Manufacturing) ActivePower=3.53 kW."
historical_reading,31a45db8-ceab-bc59-3d5b-7ca528c2c637,Riverdale Manufacturing,77d1f9a2-f1c3-5104-6e19-f489ad2a9353,Warehouse Main Meter,,,PowerFactor,PowerFactor,ratio,0.82,2026-08-06T02:00:00.000Z,,,"At 2026-08-06T02:00:00.000Z, Warehouse Main Meter (Riverdale Manufacturing) PowerFactor=0.82 ratio."
historical_reading,31a45db8-ceab-bc59-3d5b-7ca528c2c637,Riverdale Manufacturing,77d1f9a2-f1c3-5104-6e19-f489ad2a9353,Warehouse Main Meter,,,PowerConsumption,PowerConsumption,kWh,46.34,2026-08-06T02:00:00.000Z,,,"At 2026-08-06T02:00:00.000Z, Warehouse Main Meter (Riverdale Manufacturing) PowerConsumption=46.34 kWh."
historical_reading,31a45db8-ceab-bc59-3d5b-7ca528c2c637,Riverdale Manufacturing,77d1f9a2-f1c3-5104-6e19-f489ad2a9353,Warehouse Main Meter,,,VoltageA,VoltageA,V,227.94,2026-08-06T00:00:00.000Z,,,"At 2026-08-06T00:00:00.000Z, Warehouse Main Meter (Riverdale Manufacturing) VoltageA=227.94 V."
historical_reading,31a45db8-ceab-bc59-3d5b-7ca528c2c637,Riverdale Manufacturing,77d1f9a2-f1c3-5104-6e19-f489ad2a9353,Warehouse Main Meter,,,ActivePower,ActivePower,kW,4.27,2026-08-06T00:00:00.000Z,,,"At 2026-08-06T00:00:00.000Z, Warehouse Main Meter (Riverdale Manufacturing) ActivePower=4.27 kW."
historical_reading,31a45db8-ceab-bc59-3d5b-7ca528c2c637,Riverdale Manufacturing,77d1f9a2-f1c3-5104-6e19-f489ad2a9353,Warehouse Main Meter,,,PowerFactor,PowerFactor,ratio,0.83,2026-08-06T00:00:00.000Z,,,"At 2026-08-06T00:00:00.000Z, Warehouse Main Meter (Riverdale Manufacturing) PowerFactor=0.83 ratio."
historical_reading,31a45db8-ceab-bc59-3d5b-7ca528c2c637,Riverdale Manufacturing,77d1f9a2-f1c3-5104-6e19-f489ad2a9353,Warehouse Main Meter,,,PowerConsumption,PowerConsumption,kWh,46.5,2026-08-06T00:00:00.000Z,,,"At 2026-08-06T00:00:00.000Z, Warehouse Main Meter (Riverdale Manufacturing) PowerConsumption=46.5 kWh."
historical_reading,31a45db8-ceab-bc59-3d5b-7ca528c2c637,Riverdale Manufacturing,77d1f9a2-f1c3-5104-6e19-f489ad2a9353,Warehouse Main Meter,,,VoltageA,VoltageA,V,230.27,2026-08-05T22:00:00.000Z,,,"At 2026-08-05T22:00:00.000Z, Warehouse Main Meter (Riverdale Manufacturing) VoltageA=230.27 V."
historical_reading,31a45db8-ceab-bc59-3d5b-7ca528c2c637,Riverdale Manufacturing,77d1f9a2-f1c3-5104-6e19-f489ad2a9353,Warehouse Main Meter,,,ActivePower,ActivePower,kW,5.35,2026-08-05T22:00:00.000Z,,,"At 2026-08-05T22:00:00.000Z, Warehouse Main Meter (Riverdale Manufacturing) ActivePower=5.35 kW."
historical_reading,31a45db8-ceab-bc59-3d5b-7ca528c2c637,Riverdale Manufacturing,77d1f9a2-f1c3-5104-6e19-f489ad2a9353,Warehouse Main Meter,,,PowerFactor,PowerFactor,ratio,0.86,2026-08-05T22:00:00.000Z,,,"At 2026-08-05T22:00:00.000Z, Warehouse Main Meter (Riverdale Manufacturing) PowerFactor=0.86 ratio."
historical_reading,31a45db8-ceab-bc59-3d5b-7ca528c2c637,Riverdale Manufacturing,77d1f9a2-f1c3-5104-6e19-f489ad2a9353,Warehouse Main Meter,,,PowerConsumption,PowerConsumption,kWh,46.66,2026-08-05T22:00:00.000Z,,,"At 2026-08-05T22:00:00.000Z, Warehouse Main Meter (Riverdale Manufacturing) PowerConsumption=46.66 kWh."
