id,sensorReadingId,deviceId,deviceName,deviceConfigSlaveId,organizationId,organizationName,variableName,unit,value,timestamp
aa3c3a92-156a-27fe-6f7a-921bafb12172,c9d1c550-92e4-1a4a-32f1-f0d3bc790ad1,a0a447f8-db0a-2d48-0e7b-e8b8f43c52e9,Energy Meter 001,abc01f7a-b4a4-4f0e-2e5f-4e77d29e1839,260d819a-2473-7045-7f10-1a415c5df668,Greenfield Energy Co,VoltageA,V,228.82,2026-08-06T10:00:00.000Z
4e28d212-ebb1-947c-dfed-6408ed24d6aa,c9d1c550-92e4-1a4a-32f1-f0d3bc790ad1,a0a447f8-db0a-2d48-0e7b-e8b8f43c52e9,Energy Meter 001,abc01f7a-b4a4-4f0e-2e5f-4e77d29e1839,260d819a-2473-7045-7f10-1a415c5df668,Greenfield Energy Co,VoltageB,V,228.15,2026-08-06T10:00:00.000Z
9a6b1918-7eae-720b-4da9-abe6370a0391,c9d1c550-92e4-1a4a-32f1-f0d3bc790ad1,a0a447f8-db0a-2d48-0e7b-e8b8f43c52e9,Energy Meter 001,abc01f7a-b4a4-4f0e-2e5f-4e77d29e1839,260d819a-2473-7045-7f10-1a415c5df668,Greenfield Energy Co,VoltageC,V,230,2026-08-06T10:00:00.000Z
04a681ae-bcf5-e4fa-b7c7-8befc8de217f,c9d1c550-92e4-1a4a-32f1-f0d3bc790ad1,a0a447f8-db0a-2d48-0e7b-e8b8f43c52e9,Energy Meter 001,abc01f7a-b4a4-4f0e-2e5f-4e77d29e1839,260d819a-2473-7045-7f10-1a415c5df668,Greenfield Energy Co,CurrentA,A,22.36,2026-08-06T10:00:00.000Z
f64d1aa5-a577-906c-7891-d454d646e462,c9d1c550-92e4-1a4a-32f1-f0d3bc790ad1,a0a447f8-db0a-2d48-0e7b-e8b8f43c52e9,Energy Meter 001,abc01f7a-b4a4-4f0e-2e5f-4e77d29e1839,260d819a-2473-7045-7f10-1a415c5df668,Greenfield Energy Co,ActivePower,kW,4.73,2026-08-06T10:00:00.000Z
75ed3bc4-2a68-fae3-2425-1b075e5ee658,c9d1c550-92e4-1a4a-32f1-f0d3bc790ad1,a0a447f8-db0a-2d48-0e7b-e8b8f43c52e9,Energy Meter 001,abc01f7a-b4a4-4f0e-2e5f-4e77d29e1839,260d819a-2473-7045-7f10-1a415c5df668,Greenfield Energy Co,PowerFactor,ratio,0.85,2026-08-06T10:00:00.000Z
4bdbcb3b-dbc7-6675-734e-84aea30878ad,c9d1c550-92e4-1a4a-32f1-f0d3bc790ad1,a0a447f8-db0a-2d48-0e7b-e8b8f43c52e9,Energy Meter 001,abc01f7a-b4a4-4f0e-2e5f-4e77d29e1839,260d819a-2473-7045-7f10-1a415c5df668,Greenfield Energy Co,PowerConsumption,kWh,8.7,2026-08-06T10:00:00.000Z
a14c1c0c-451a-04da-4365-9fadb0fc8d4c,c9d1c550-92e4-1a4a-32f1-f0d3bc790ad1,a0a447f8-db0a-2d48-0e7b-e8b8f43c52e9,Energy Meter 001,abc01f7a-b4a4-4f0e-2e5f-4e77d29e1839,260d819a-2473-7045-7f10-1a415c5df668,Greenfield Energy Co,Frequency,Hz,49.95,2026-08-06T10:00:00.000Z
bbea5d31-14ba-28b3-b137-3537c6d47cf7,339b187d-0c9e-2691-4e10-00af248f33a7,a0a447f8-db0a-2d48-0e7b-e8b8f43c52e9,Energy Meter 001,abc01f7a-b4a4-4f0e-2e5f-4e77d29e1839,260d819a-2473-7045-7f10-1a415c5df668,Greenfield Energy Co,VoltageA,V,230.75,2026-08-06T09:00:00.000Z
eb2acedd-6b66-3231-b57b-ba3628fef930,339b187d-0c9e-2691-4e10-00af248f33a7,a0a447f8-db0a-2d48-0e7b-e8b8f43c52e9,Energy Meter 001,abc01f7a-b4a4-4f0e-2e5f-4e77d29e1839,260d819a-2473-7045-7f10-1a415c5df668,Greenfield Energy Co,VoltageB,V,229.24,2026-08-06T09:00:00.000Z
7e99bd2f-1a01-77b2-879a-cbda909d66fd,339b187d-0c9e-2691-4e10-00af248f33a7,a0a447f8-db0a-2d48-0e7b-e8b8f43c52e9,Energy Meter 001,abc01f7a-b4a4-4f0e-2e5f-4e77d29e1839,260d819a-2473-7045-7f10-1a415c5df668,Greenfield Energy Co,VoltageC,V,232.01,2026-08-06T09:00:00.000Z
a7acc19f-7608-cdc1-c31d-ff679fd943b1,339b187d-0c9e-2691-4e10-00af248f33a7,a0a447f8-db0a-2d48-0e7b-e8b8f43c52e9,Energy Meter 001,abc01f7a-b4a4-4f0e-2e5f-4e77d29e1839,260d819a-2473-7045-7f10-1a415c5df668,Greenfield Energy Co,CurrentA,A,24.77,2026-08-06T09:00:00.000Z
0498d12b-f7fd-450e-23b3-99b8887f89e5,339b187d-0c9e-2691-4e10-00af248f33a7,a0a447f8-db0a-2d48-0e7b-e8b8f43c52e9,Energy Meter 001,abc01f7a-b4a4-4f0e-2e5f-4e77d29e1839,260d819a-2473-7045-7f10-1a415c5df668,Greenfield Energy Co,ActivePower,kW,5.22,2026-08-06T09:00:00.000Z
b941bc61-86e3-d719-53bc-c8c2efd73da6,339b187d-0c9e-2691-4e10-00af248f33a7,a0a447f8-db0a-2d48-0e7b-e8b8f43c52e9,Energy Meter 001,abc01f7a-b4a4-4f0e-2e5f-4e77d29e1839,260d819a-2473-7045-7f10-1a415c5df668,Greenfield Energy Co,PowerFactor,ratio,0.86,2026-08-06T09:00:00.000Z
ffef0907-8d0d-4d1c-b8d1-81df35d8c65d,339b187d-0c9e-2691-4e10-00af248f33a7,a0a447f8-db0a-2d48-0e7b-e8b8f43c52e9,Energy Meter 001,abc01f7a-b4a4-4f0e-2e5f-4e77d29e1839,260d819a-2473-7045-7f10-1a415c5df668,Greenfield Energy Co,PowerConsumption,kWh,8.78,2026-08-06T09:00:00.000Z
aa283188-23d4-0a30-5211-f22a69e1128c,339b187d-0c9e-2691-4e10-00af248f33a7,a0a447f8-db0a-2d48-0e7b-e8b8f43c52e9,Energy Meter 001,abc01f7a-b4a4-4f0e-2e5f-4e77d29e1839,260d819a-2473-7045-7f10-1a415c5df668,Greenfield Energy Co,Frequency,Hz,50.03,2026-08-06T09:00:00.000Z
62b0d936-2e14-c485-b97a-61fc55658e33,592d88b2-4dee-d071-cde7-d6739c21c58e,a0a447f8-db0a-2d48-0e7b-e8b8f43c52e9,Energy Meter 001,abc01f7a-b4a4-4f0e-2e5f-4e77d29e1839,260d819a-2473-7045-7f10-1a415c5df668,Greenfield Energy Co,VoltageA,V,231.96,2026-08-06T08:00:00.000Z
53ca1181-cbc8-8806-61a1-052fd7c12945,592d88b2-4dee-d071-cde7-d6739c21c58e,a0a447f8-db0a-2d48-0e7b-e8b8f43c52e9,Energy Meter 001,abc01f7a-b4a4-4f0e-2e5f-4e77d29e1839,260d819a-2473-7045-7f10-1a415c5df668,Greenfield Energy Co,VoltageB,V,230.59,2026-08-06T08:00:00.000Z
8237e0f6-4c28-14b4-49b9-be5ad577516e,592d88b2-4dee-d071-cde7-d6739c21c58e,a0a447f8-db0a-2d48-0e7b-e8b8f43c52e9,Energy Meter 001,abc01f7a-b4a4-4f0e-2e5f-4e77d29e1839,260d819a-2473-7045-7f10-1a415c5df668,Greenfield Energy Co,VoltageC,V,232.43,2026-08-06T08:00:00.000Z
9a8c591c-8d09-8778-61bd-f1cf32bf4671,592d88b2-4dee-d071-cde7-d6739c21c58e,a0a447f8-db0a-2d48-0e7b-e8b8f43c52e9,Energy Meter 001,abc01f7a-b4a4-4f0e-2e5f-4e77d29e1839,260d819a-2473-7045-7f10-1a415c5df668,Greenfield Energy Co,CurrentA,A,25.82,2026-08-06T08:00:00.000Z
d124139d-4dff-d205-80f9-3d3b81072b1d,592d88b2-4dee-d071-cde7-d6739c21c58e,a0a447f8-db0a-2d48-0e7b-e8b8f43c52e9,Energy Meter 001,abc01f7a-b4a4-4f0e-2e5f-4e77d29e1839,260d819a-2473-7045-7f10-1a415c5df668,Greenfield Energy Co,ActivePower,kW,5.52,2026-08-06T08:00:00.000Z
770eb14b-377a-21c3-85e0-3e30b76c2af4,592d88b2-4dee-d071-cde7-d6739c21c58e,a0a447f8-db0a-2d48-0e7b-e8b8f43c52e9,Energy Meter 001,abc01f7a-b4a4-4f0e-2e5f-4e77d29e1839,260d819a-2473-7045-7f10-1a415c5df668,Greenfield Energy Co,PowerFactor,ratio,0.87,2026-08-06T08:00:00.000Z
4ace6986-b2f5-f3bc-4f36-d98592ce9167,592d88b2-4dee-d071-cde7-d6739c21c58e,a0a447f8-db0a-2d48-0e7b-e8b8f43c52e9,Energy Meter 001,abc01f7a-b4a4-4f0e-2e5f-4e77d29e1839,260d819a-2473-7045-7f10-1a415c5df668,Greenfield Energy Co,PowerConsumption,kWh,8.86,2026-08-06T08:00:00.000Z
b14b548a-2b76-655d-e1ef-da093c3d9210,592d88b2-4dee-d071-cde7-d6739c21c58e,a0a447f8-db0a-2d48-0e7b-e8b8f43c52e9,Energy Meter 001,abc01f7a-b4a4-4f0e-2e5f-4e77d29e1839,260d819a-2473-7045-7f10-1a415c5df668,Greenfield Energy Co,Frequency,Hz,50.07,2026-08-06T08:00:00.000Z
86940b37-db85-4dd3-67d8-218458d060c4,d009efcb-691a-c166-797d-50046e84440d,a0a447f8-db0a-2d48-0e7b-e8b8f43c52e9,Energy Meter 001,abc01f7a-b4a4-4f0e-2e5f-4e77d29e1839,260d819a-2473-7045-7f10-1a415c5df668,Greenfield Energy Co,VoltageA,V,233.24,2026-08-06T07:00:00.000Z
756e64f4-8e08-ec52-6166-a6c5ba3e7648,d009efcb-691a-c166-797d-50046e84440d,a0a447f8-db0a-2d48-0e7b-e8b8f43c52e9,Energy Meter 001,abc01f7a-b4a4-4f0e-2e5f-4e77d29e1839,260d819a-2473-7045-7f10-1a415c5df668,Greenfield Energy Co,VoltageB,V,232.08,2026-08-06T07:00:00.000Z
723ce060-815a-d0c8-b9d6-123e51adfbce,d009efcb-691a-c166-797d-50046e84440d,a0a447f8-db0a-2d48-0e7b-e8b8f43c52e9,Energy Meter 001,abc01f7a-b4a4-4f0e-2e5f-4e77d29e1839,260d819a-2473-7045-7f10-1a415c5df668,Greenfield Energy Co,VoltageC,V,234.3,2026-08-06T07:00:00.000Z
f1c6b764-fafd-6d87-cd2e-660e42e35d2d,d009efcb-691a-c166-797d-50046e84440d,a0a447f8-db0a-2d48-0e7b-e8b8f43c52e9,Energy Meter 001,abc01f7a-b4a4-4f0e-2e5f-4e77d29e1839,260d819a-2473-7045-7f10-1a415c5df668,Greenfield Energy Co,CurrentA,A,27.88,2026-08-06T07:00:00.000Z
af459424-6208-361f-8df2-662e7f8c221a,d009efcb-691a-c166-797d-50046e84440d,a0a447f8-db0a-2d48-0e7b-e8b8f43c52e9,Energy Meter 001,abc01f7a-b4a4-4f0e-2e5f-4e77d29e1839,260d819a-2473-7045-7f10-1a415c5df668,Greenfield Energy Co,ActivePower,kW,6.18,2026-08-06T07:00:00.000Z
1787a555-426b-07ec-7919-d8afcba31ea3,d009efcb-691a-c166-797d-50046e84440d,a0a447f8-db0a-2d48-0e7b-e8b8f43c52e9,Energy Meter 001,abc01f7a-b4a4-4f0e-2e5f-4e77d29e1839,260d819a-2473-7045-7f10-1a415c5df668,Greenfield Energy Co,PowerFactor,ratio,0.89,2026-08-06T07:00:00.000Z
387131f5-3ad8-50bf-be2b-b9b8a33a18af,d009efcb-691a-c166-797d-50046e84440d,a0a447f8-db0a-2d48-0e7b-e8b8f43c52e9,Energy Meter 001,abc01f7a-b4a4-4f0e-2e5f-4e77d29e1839,260d819a-2473-7045-7f10-1a415c5df668,Greenfield Energy Co,PowerConsumption,kWh,8.94,2026-08-06T07:00:00.000Z
52b63cdf-dbab-047c-4b8f-2264924fddba,d009efcb-691a-c166-797d-50046e84440d,a0a447f8-db0a-2d48-0e7b-e8b8f43c52e9,Energy Meter 001,abc01f7a-b4a4-4f0e-2e5f-4e77d29e1839,260d819a-2473-7045-7f10-1a415c5df668,Greenfield Energy Co,Frequency,Hz,50.11,2026-08-06T07:00:00.000Z
aa49d519-bf54-7e2c-31ca-f971125521ba,fe40c116-e27e-ba58-1469-bf11c542aa51,a0a447f8-db0a-2d48-0e7b-e8b8f43c52e9,Energy Meter 001,abc01f7a-b4a4-4f0e-2e5f-4e77d29e1839,260d819a-2473-7045-7f10-1a415c5df668,Greenfield Energy Co,VoltageA,V,233.78,2026-08-06T06:00:00.000Z
ff58c6ef-6e7f-43e3-7089-cd29a75e72d4,fe40c116-e27e-ba58-1469-bf11c542aa51,a0a447f8-db0a-2d48-0e7b-e8b8f43c52e9,Energy Meter 001,abc01f7a-b4a4-4f0e-2e5f-4e77d29e1839,260d819a-2473-7045-7f10-1a415c5df668,Greenfield Energy Co,VoltageB,V,232.53,2026-08-06T06:00:00.000Z
9b27f524-2d57-94da-7a62-6b38c1c05ab0,fe40c116-e27e-ba58-1469-bf11c542aa51,a0a447f8-db0a-2d48-0e7b-e8b8f43c52e9,Energy Meter 001,abc01f7a-b4a4-4f0e-2e5f-4e77d29e1839,260d819a-2473-7045-7f10-1a415c5df668,Greenfield Energy Co,VoltageC,V,234.81,2026-08-06T06:00:00.000Z
45c6366a-0167-77c6-51d8-efa337a4a6a9,fe40c116-e27e-ba58-1469-bf11c542aa51,a0a447f8-db0a-2d48-0e7b-e8b8f43c52e9,Energy Meter 001,abc01f7a-b4a4-4f0e-2e5f-4e77d29e1839,260d819a-2473-7045-7f10-1a415c5df668,Greenfield Energy Co,CurrentA,A,29.83,2026-08-06T06:00:00.000Z
9c7749fb-c9df-6c83-522a-501381053b79,fe40c116-e27e-ba58-1469-bf11c542aa51,a0a447f8-db0a-2d48-0e7b-e8b8f43c52e9,Energy Meter 001,abc01f7a-b4a4-4f0e-2e5f-4e77d29e1839,260d819a-2473-7045-7f10-1a415c5df668,Greenfield Energy Co,ActivePower,kW,6.21,2026-08-06T06:00:00.000Z
1907996d-965f-538f-5d9a-5ffa17f805c3,fe40c116-e27e-ba58-1469-bf11c542aa51,a0a447f8-db0a-2d48-0e7b-e8b8f43c52e9,Energy Meter 001,abc01f7a-b4a4-4f0e-2e5f-4e77d29e1839,260d819a-2473-7045-7f10-1a415c5df668,Greenfield Energy Co,PowerFactor,ratio,0.9,2026-08-06T06:00:00.000Z
b9792d00-8725-3915-b702-099d4a460f4d,fe40c116-e27e-ba58-1469-bf11c542aa51,a0a447f8-db0a-2d48-0e7b-e8b8f43c52e9,Energy Meter 001,abc01f7a-b4a4-4f0e-2e5f-4e77d29e1839,260d819a-2473-7045-7f10-1a415c5df668,Greenfield Energy Co,PowerConsumption,kWh,9.02,2026-08-06T06:00:00.000Z
a5648809-967e-c656-3254-9b983ea29ace,fe40c116-e27e-ba58-1469-bf11c542aa51,a0a447f8-db0a-2d48-0e7b-e8b8f43c52e9,Energy Meter 001,abc01f7a-b4a4-4f0e-2e5f-4e77d29e1839,260d819a-2473-7045-7f10-1a415c5df668,Greenfield Energy Co,Frequency,Hz,50.17,2026-08-06T06:00:00.000Z
0c344bf9-6bef-8bd6-4634-321418400d80,bd5f159d-4798-71aa-12ed-242797a8b10a,a0a447f8-db0a-2d48-0e7b-e8b8f43c52e9,Energy Meter 001,abc01f7a-b4a4-4f0e-2e5f-4e77d29e1839,260d819a-2473-7045-7f10-1a415c5df668,Greenfield Energy Co,VoltageA,V,233.9,2026-08-06T05:00:00.000Z
2cdd93e8-455f-6bc1-57cd-d4a40ff584d4,bd5f159d-4798-71aa-12ed-242797a8b10a,a0a447f8-db0a-2d48-0e7b-e8b8f43c52e9,Energy Meter 001,abc01f7a-b4a4-4f0e-2e5f-4e77d29e1839,260d819a-2473-7045-7f10-1a415c5df668,Greenfield Energy Co,VoltageB,V,233,2026-08-06T05:00:00.000Z
bcace8bc-5b51-ebe1-d69f-5c00ea9c054f,bd5f159d-4798-71aa-12ed-242797a8b10a,a0a447f8-db0a-2d48-0e7b-e8b8f43c52e9,Energy Meter 001,abc01f7a-b4a4-4f0e-2e5f-4e77d29e1839,260d819a-2473-7045-7f10-1a415c5df668,Greenfield Energy Co,VoltageC,V,234.14,2026-08-06T05:00:00.000Z
5c6b68b2-1a1a-4960-7f1c-2ed956f5c4d0,bd5f159d-4798-71aa-12ed-242797a8b10a,a0a447f8-db0a-2d48-0e7b-e8b8f43c52e9,Energy Meter 001,abc01f7a-b4a4-4f0e-2e5f-4e77d29e1839,260d819a-2473-7045-7f10-1a415c5df668,Greenfield Energy Co,CurrentA,A,29.7,2026-08-06T05:00:00.000Z
2276370a-ef22-ff07-4f8b-69f78a47e9b3,bd5f159d-4798-71aa-12ed-242797a8b10a,a0a447f8-db0a-2d48-0e7b-e8b8f43c52e9,Energy Meter 001,abc01f7a-b4a4-4f0e-2e5f-4e77d29e1839,260d819a-2473-7045-7f10-1a415c5df668,Greenfield Energy Co,ActivePower,kW,6.34,2026-08-06T05:00:00.000Z
422125ef-e81f-4b95-e916-aa8fcb0b2cf6,bd5f159d-4798-71aa-12ed-242797a8b10a,a0a447f8-db0a-2d48-0e7b-e8b8f43c52e9,Energy Meter 001,abc01f7a-b4a4-4f0e-2e5f-4e77d29e1839,260d819a-2473-7045-7f10-1a415c5df668,Greenfield Energy Co,PowerFactor,ratio,0.9,2026-08-06T05:00:00.000Z
48a2599a-c36a-cdc6-9fc5-45ac33e0a6df,bd5f159d-4798-71aa-12ed-242797a8b10a,a0a447f8-db0a-2d48-0e7b-e8b8f43c52e9,Energy Meter 001,abc01f7a-b4a4-4f0e-2e5f-4e77d29e1839,260d819a-2473-7045-7f10-1a415c5df668,Greenfield Energy Co,PowerConsumption,kWh,9.1,2026-08-06T05:00:00.000Z
0f03c703-b94e-e79a-12ef-430981dc08bd,bd5f159d-4798-71aa-12ed-242797a8b10a,a0a447f8-db0a-2d48-0e7b-e8b8f43c52e9,Energy Meter 001,abc01f7a-b4a4-4f0e-2e5f-4e77d29e1839,260d819a-2473-7045-7f10-1a415c5df668,Greenfield Energy Co,Frequency,Hz,50.12,2026-08-06T05:00:00.000Z
9bb8aef8-a22d-5668-fb00-f7886201b067,b9a2702a-6008-e57b-9713-f5f9a9f23f06,a0a447f8-db0a-2d48-0e7b-e8b8f43c52e9,Energy Meter 001,abc01f7a-b4a4-4f0e-2e5f-4e77d29e1839,260d819a-2473-7045-7f10-1a415c5df668,Greenfield Energy Co,VoltageA,V,232.95,2026-08-06T04:00:00.000Z
d91b17e8-e63d-f205-e268-46e9d77b45d3,b9a2702a-6008-e57b-9713-f5f9a9f23f06,a0a447f8-db0a-2d48-0e7b-e8b8f43c52e9,Energy Meter 001,abc01f7a-b4a4-4f0e-2e5f-4e77d29e1839,260d819a-2473-7045-7f10-1a415c5df668,Greenfield Energy Co,VoltageB,V,231.49,2026-08-06T04:00:00.000Z
7bb8f070-7b98-7595-c1f9-6741301838e0,b9a2702a-6008-e57b-9713-f5f9a9f23f06,a0a447f8-db0a-2d48-0e7b-e8b8f43c52e9,Energy Meter 001,abc01f7a-b4a4-4f0e-2e5f-4e77d29e1839,260d819a-2473-7045-7f10-1a415c5df668,Greenfield Energy Co,VoltageC,V,234.42,2026-08-06T04:00:00.000Z
040bd840-8e8f-e1ac-a301-45ecf0d9fd45,b9a2702a-6008-e57b-9713-f5f9a9f23f06,a0a447f8-db0a-2d48-0e7b-e8b8f43c52e9,Energy Meter 001,abc01f7a-b4a4-4f0e-2e5f-4e77d29e1839,260d819a-2473-7045-7f10-1a415c5df668,Greenfield Energy Co,CurrentA,A,27.95,2026-08-06T04:00:00.000Z
0d1ad768-3208-43af-edf0-69e4387049ab,b9a2702a-6008-e57b-9713-f5f9a9f23f06,a0a447f8-db0a-2d48-0e7b-e8b8f43c52e9,Energy Meter 001,abc01f7a-b4a4-4f0e-2e5f-4e77d29e1839,260d819a-2473-7045-7f10-1a415c5df668,Greenfield Energy Co,ActivePower,kW,6.08,2026-08-06T04:00:00.000Z
14cb4694-780e-086f-09ce-6fb40f86e2d0,b9a2702a-6008-e57b-9713-f5f9a9f23f06,a0a447f8-db0a-2d48-0e7b-e8b8f43c52e9,Energy Meter 001,abc01f7a-b4a4-4f0e-2e5f-4e77d29e1839,260d819a-2473-7045-7f10-1a415c5df668,Greenfield Energy Co,PowerFactor,ratio,0.9,2026-08-06T04:00:00.000Z
7879c126-e5ca-d020-d72a-5fd9bfd4a628,b9a2702a-6008-e57b-9713-f5f9a9f23f06,a0a447f8-db0a-2d48-0e7b-e8b8f43c52e9,Energy Meter 001,abc01f7a-b4a4-4f0e-2e5f-4e77d29e1839,260d819a-2473-7045-7f10-1a415c5df668,Greenfield Energy Co,PowerConsumption,kWh,9.18,2026-08-06T04:00:00.000Z
8eff1c24-03ee-8a68-0aee-305a88576b24,b9a2702a-6008-e57b-9713-f5f9a9f23f06,a0a447f8-db0a-2d48-0e7b-e8b8f43c52e9,Energy Meter 001,abc01f7a-b4a4-4f0e-2e5f-4e77d29e1839,260d819a-2473-7045-7f10-1a415c5df668,Greenfield Energy Co,Frequency,Hz,50.13,2026-08-06T04:00:00.000Z
efaa88a9-8157-6f37-6d30-8d8798aa40fa,a61559b0-eb5a-8034-778e-98c668ea8465,a0a447f8-db0a-2d48-0e7b-e8b8f43c52e9,Energy Meter 001,abc01f7a-b4a4-4f0e-2e5f-4e77d29e1839,260d819a-2473-7045-7f10-1a415c5df668,Greenfield Energy Co,VoltageA,V,230.84,2026-08-06T02:00:00.000Z
903f37d9-3afd-8dc7-f168-e25264e0c1a0,a61559b0-eb5a-8034-778e-98c668ea8465,a0a447f8-db0a-2d48-0e7b-e8b8f43c52e9,Energy Meter 001,abc01f7a-b4a4-4f0e-2e5f-4e77d29e1839,260d819a-2473-7045-7f10-1a415c5df668,Greenfield Energy Co,VoltageB,V,229.26,2026-08-06T02:00:00.000Z
0b2a4be8-41dc-7e61-a8dc-24afca564936,a61559b0-eb5a-8034-778e-98c668ea8465,a0a447f8-db0a-2d48-0e7b-e8b8f43c52e9,Energy Meter 001,abc01f7a-b4a4-4f0e-2e5f-4e77d29e1839,260d819a-2473-7045-7f10-1a415c5df668,Greenfield Energy Co,VoltageC,V,231.71,2026-08-06T02:00:00.000Z
d2b2f72d-adf0-b543-de01-18365f295c86,a61559b0-eb5a-8034-778e-98c668ea8465,a0a447f8-db0a-2d48-0e7b-e8b8f43c52e9,Energy Meter 001,abc01f7a-b4a4-4f0e-2e5f-4e77d29e1839,260d819a-2473-7045-7f10-1a415c5df668,Greenfield Energy Co,CurrentA,A,24.47,2026-08-06T02:00:00.000Z
02b67c2c-936f-a363-876d-14a9ad3e4fea,a61559b0-eb5a-8034-778e-98c668ea8465,a0a447f8-db0a-2d48-0e7b-e8b8f43c52e9,Energy Meter 001,abc01f7a-b4a4-4f0e-2e5f-4e77d29e1839,260d819a-2473-7045-7f10-1a415c5df668,Greenfield Energy Co,ActivePower,kW,5.46,2026-08-06T02:00:00.000Z
67aeac89-4719-ed1b-d2ad-c63fcd54489d,a61559b0-eb5a-8034-778e-98c668ea8465,a0a447f8-db0a-2d48-0e7b-e8b8f43c52e9,Energy Meter 001,abc01f7a-b4a4-4f0e-2e5f-4e77d29e1839,260d819a-2473-7045-7f10-1a415c5df668,Greenfield Energy Co,PowerFactor,ratio,0.86,2026-08-06T02:00:00.000Z
63bc29e4-0a4b-173f-cbb5-dd42d8a915d0,a61559b0-eb5a-8034-778e-98c668ea8465,a0a447f8-db0a-2d48-0e7b-e8b8f43c52e9,Energy Meter 001,abc01f7a-b4a4-4f0e-2e5f-4e77d29e1839,260d819a-2473-7045-7f10-1a415c5df668,Greenfield Energy Co,PowerConsumption,kWh,9.34,2026-08-06T02:00:00.000Z
a615f09d-c902-efb1-6e6d-ab9d2fb95f37,a61559b0-eb5a-8034-778e-98c668ea8465,a0a447f8-db0a-2d48-0e7b-e8b8f43c52e9,Energy Meter 001,abc01f7a-b4a4-4f0e-2e5f-4e77d29e1839,260d819a-2473-7045-7f10-1a415c5df668,Greenfield Energy Co,Frequency,Hz,50.01,2026-08-06T02:00:00.000Z
a688953a-42b6-5ebd-c494-c5138d939b89,991eb738-6fa5-d386-f6be-fa605d7be79f,a0a447f8-db0a-2d48-0e7b-e8b8f43c52e9,Energy Meter 001,abc01f7a-b4a4-4f0e-2e5f-4e77d29e1839,260d819a-2473-7045-7f10-1a415c5df668,Greenfield Energy Co,VoltageA,V,228.35,2026-08-06T00:00:00.000Z
e16dc3bb-083d-55b6-1144-b5562557db8a,991eb738-6fa5-d386-f6be-fa605d7be79f,a0a447f8-db0a-2d48-0e7b-e8b8f43c52e9,Energy Meter 001,abc01f7a-b4a4-4f0e-2e5f-4e77d29e1839,260d819a-2473-7045-7f10-1a415c5df668,Greenfield Energy Co,VoltageB,V,227.53,2026-08-06T00:00:00.000Z
1766be4c-cb90-6c8e-1538-d9221f108fbe,991eb738-6fa5-d386-f6be-fa605d7be79f,a0a447f8-db0a-2d48-0e7b-e8b8f43c52e9,Energy Meter 001,abc01f7a-b4a4-4f0e-2e5f-4e77d29e1839,260d819a-2473-7045-7f10-1a415c5df668,Greenfield Energy Co,VoltageC,V,229.29,2026-08-06T00:00:00.000Z
47f39438-62e6-eacb-e3ed-444a7481d992,991eb738-6fa5-d386-f6be-fa605d7be79f,a0a447f8-db0a-2d48-0e7b-e8b8f43c52e9,Energy Meter 001,abc01f7a-b4a4-4f0e-2e5f-4e77d29e1839,260d819a-2473-7045-7f10-1a415c5df668,Greenfield Energy Co,CurrentA,A,18.43,2026-08-06T00:00:00.000Z
893117ba-5f3d-2772-10c1-673edf90cbc4,991eb738-6fa5-d386-f6be-fa605d7be79f,a0a447f8-db0a-2d48-0e7b-e8b8f43c52e9,Energy Meter 001,abc01f7a-b4a4-4f0e-2e5f-4e77d29e1839,260d819a-2473-7045-7f10-1a415c5df668,Greenfield Energy Co,ActivePower,kW,4.11,2026-08-06T00:00:00.000Z
63bffee6-5bf5-2675-e080-15d6a8ee0071,991eb738-6fa5-d386-f6be-fa605d7be79f,a0a447f8-db0a-2d48-0e7b-e8b8f43c52e9,Energy Meter 001,abc01f7a-b4a4-4f0e-2e5f-4e77d29e1839,260d819a-2473-7045-7f10-1a415c5df668,Greenfield Energy Co,PowerFactor,ratio,0.84,2026-08-06T00:00:00.000Z
98e1c20e-35db-fa4a-40bc-bc543f1d3b66,991eb738-6fa5-d386-f6be-fa605d7be79f,a0a447f8-db0a-2d48-0e7b-e8b8f43c52e9,Energy Meter 001,abc01f7a-b4a4-4f0e-2e5f-4e77d29e1839,260d819a-2473-7045-7f10-1a415c5df668,Greenfield Energy Co,PowerConsumption,kWh,9.5,2026-08-06T00:00:00.000Z
af7b6258-bcba-cab4-2738-5db9083a7ee2,991eb738-6fa5-d386-f6be-fa605d7be79f,a0a447f8-db0a-2d48-0e7b-e8b8f43c52e9,Energy Meter 001,abc01f7a-b4a4-4f0e-2e5f-4e77d29e1839,260d819a-2473-7045-7f10-1a415c5df668,Greenfield Energy Co,Frequency,Hz,49.93,2026-08-06T00:00:00.000Z
c37bc227-2a49-21a3-37db-5f5ef9cd82ec,5138792c-8bc5-af22-c621-aa9c96554f23,a0a447f8-db0a-2d48-0e7b-e8b8f43c52e9,Energy Meter 001,abc01f7a-b4a4-4f0e-2e5f-4e77d29e1839,260d819a-2473-7045-7f10-1a415c5df668,Greenfield Energy Co,VoltageA,V,226.9,2026-08-05T22:00:00.000Z
f75aa089-9592-2c64-b405-e6cb385d03c9,5138792c-8bc5-af22-c621-aa9c96554f23,a0a447f8-db0a-2d48-0e7b-e8b8f43c52e9,Energy Meter 001,abc01f7a-b4a4-4f0e-2e5f-4e77d29e1839,260d819a-2473-7045-7f10-1a415c5df668,Greenfield Energy Co,VoltageB,V,225.88,2026-08-05T22:00:00.000Z
3518e6b8-4ef8-9c24-06b9-2a2d8828fa6e,5138792c-8bc5-af22-c621-aa9c96554f23,a0a447f8-db0a-2d48-0e7b-e8b8f43c52e9,Energy Meter 001,abc01f7a-b4a4-4f0e-2e5f-4e77d29e1839,260d819a-2473-7045-7f10-1a415c5df668,Greenfield Energy Co,VoltageC,V,226.96,2026-08-05T22:00:00.000Z
c2b4642d-2db0-6b7f-0cd7-75414ec294ad,5138792c-8bc5-af22-c621-aa9c96554f23,a0a447f8-db0a-2d48-0e7b-e8b8f43c52e9,Energy Meter 001,abc01f7a-b4a4-4f0e-2e5f-4e77d29e1839,260d819a-2473-7045-7f10-1a415c5df668,Greenfield Energy Co,CurrentA,A,16.89,2026-08-05T22:00:00.000Z
31319350-d7cc-3ee4-2b78-1199ffc30db8,5138792c-8bc5-af22-c621-aa9c96554f23,a0a447f8-db0a-2d48-0e7b-e8b8f43c52e9,Energy Meter 001,abc01f7a-b4a4-4f0e-2e5f-4e77d29e1839,260d819a-2473-7045-7f10-1a415c5df668,Greenfield Energy Co,ActivePower,kW,3.86,2026-08-05T22:00:00.000Z
9926307f-3714-7e39-2214-39fa4e10ed2f,5138792c-8bc5-af22-c621-aa9c96554f23,a0a447f8-db0a-2d48-0e7b-e8b8f43c52e9,Energy Meter 001,abc01f7a-b4a4-4f0e-2e5f-4e77d29e1839,260d819a-2473-7045-7f10-1a415c5df668,Greenfield Energy Co,PowerFactor,ratio,0.82,2026-08-05T22:00:00.000Z
534b86c9-5ae3-9520-8269-473f13d5aed3,5138792c-8bc5-af22-c621-aa9c96554f23,a0a447f8-db0a-2d48-0e7b-e8b8f43c52e9,Energy Meter 001,abc01f7a-b4a4-4f0e-2e5f-4e77d29e1839,260d819a-2473-7045-7f10-1a415c5df668,Greenfield Energy Co,PowerConsumption,kWh,9.66,2026-08-05T22:00:00.000Z
191761d1-f9ed-7b80-f5ea-af0dd0bbffc9,5138792c-8bc5-af22-c621-aa9c96554f23,a0a447f8-db0a-2d48-0e7b-e8b8f43c52e9,Energy Meter 001,abc01f7a-b4a4-4f0e-2e5f-4e77d29e1839,260d819a-2473-7045-7f10-1a415c5df668,Greenfield Energy Co,Frequency,Hz,49.86,2026-08-05T22:00:00.000Z
e397eafd-82c1-b38a-c257-1bfaf2a87506,ed2129f2-1829-90fa-7044-27fa1bda407b,ad0e1a81-3899-cf0d-3834-b15139c91c27,Energy Meter 002,76a4280b-3245-06b3-a5b2-4aa080748037,260d819a-2473-7045-7f10-1a415c5df668,Greenfield Energy Co,VoltageA,V,227.14,2026-08-06T10:00:00.000Z
4564e8b0-fed9-4a32-89e2-2dbeea920c6e,ed2129f2-1829-90fa-7044-27fa1bda407b,ad0e1a81-3899-cf0d-3834-b15139c91c27,Energy Meter 002,76a4280b-3245-06b3-a5b2-4aa080748037,260d819a-2473-7045-7f10-1a415c5df668,Greenfield Energy Co,VoltageB,V,225.98,2026-08-06T10:00:00.000Z
2589f812-8474-3c30-2212-035367bde73c,ed2129f2-1829-90fa-7044-27fa1bda407b,ad0e1a81-3899-cf0d-3834-b15139c91c27,Energy Meter 002,76a4280b-3245-06b3-a5b2-4aa080748037,260d819a-2473-7045-7f10-1a415c5df668,Greenfield Energy Co,VoltageC,V,227.98,2026-08-06T10:00:00.000Z
7f868551-0f67-044c-1c0d-c58898be222c,ed2129f2-1829-90fa-7044-27fa1bda407b,ad0e1a81-3899-cf0d-3834-b15139c91c27,Energy Meter 002,76a4280b-3245-06b3-a5b2-4aa080748037,260d819a-2473-7045-7f10-1a415c5df668,Greenfield Energy Co,CurrentA,A,16.77,2026-08-06T10:00:00.000Z
16bade46-5796-7749-03b6-38f95c6bc8c5,ed2129f2-1829-90fa-7044-27fa1bda407b,ad0e1a81-3899-cf0d-3834-b15139c91c27,Energy Meter 002,76a4280b-3245-06b3-a5b2-4aa080748037,260d819a-2473-7045-7f10-1a415c5df668,Greenfield Energy Co,ActivePower,kW,3.88,2026-08-06T10:00:00.000Z
610a9b7b-a4b9-fb68-8a33-e9a5135754e7,ed2129f2-1829-90fa-7044-27fa1bda407b,ad0e1a81-3899-cf0d-3834-b15139c91c27,Energy Meter 002,76a4280b-3245-06b3-a5b2-4aa080748037,260d819a-2473-7045-7f10-1a415c5df668,Greenfield Energy Co,PowerFactor,ratio,0.81,2026-08-06T10:00:00.000Z
5d14de50-e3e0-e910-b877-e53ad3e69274,ed2129f2-1829-90fa-7044-27fa1bda407b,ad0e1a81-3899-cf0d-3834-b15139c91c27,Energy Meter 002,76a4280b-3245-06b3-a5b2-4aa080748037,260d819a-2473-7045-7f10-1a415c5df668,Greenfield Energy Co,PowerConsumption,kWh,12.4,2026-08-06T10:00:00.000Z
d0dc965e-e292-a579-435c-aee0eef37a0c,ed2129f2-1829-90fa-7044-27fa1bda407b,ad0e1a81-3899-cf0d-3834-b15139c91c27,Energy Meter 002,76a4280b-3245-06b3-a5b2-4aa080748037,260d819a-2473-7045-7f10-1a415c5df668,Greenfield Energy Co,Frequency,Hz,49.86,2026-08-06T10:00:00.000Z
734da02a-45a2-16c5-d7c4-78858437d4b8,b7edd6f9-4c2d-4065-b8f7-796a1b5e15fe,ad0e1a81-3899-cf0d-3834-b15139c91c27,Energy Meter 002,76a4280b-3245-06b3-a5b2-4aa080748037,260d819a-2473-7045-7f10-1a415c5df668,Greenfield Energy Co,VoltageA,V,226.52,2026-08-06T09:00:00.000Z
627d27bc-92c3-fb39-fcad-176ce875c8dc,b7edd6f9-4c2d-4065-b8f7-796a1b5e15fe,ad0e1a81-3899-cf0d-3834-b15139c91c27,Energy Meter 002,76a4280b-3245-06b3-a5b2-4aa080748037,260d819a-2473-7045-7f10-1a415c5df668,Greenfield Energy Co,VoltageB,V,225.09,2026-08-06T09:00:00.000Z
5c33eb7a-78be-cf49-e795-97c0dca08ebf,b7edd6f9-4c2d-4065-b8f7-796a1b5e15fe,ad0e1a81-3899-cf0d-3834-b15139c91c27,Energy Meter 002,76a4280b-3245-06b3-a5b2-4aa080748037,260d819a-2473-7045-7f10-1a415c5df668,Greenfield Energy Co,VoltageC,V,226.99,2026-08-06T09:00:00.000Z
4fd82981-8971-b1eb-69d9-f796d17b9173,b7edd6f9-4c2d-4065-b8f7-796a1b5e15fe,ad0e1a81-3899-cf0d-3834-b15139c91c27,Energy Meter 002,76a4280b-3245-06b3-a5b2-4aa080748037,260d819a-2473-7045-7f10-1a415c5df668,Greenfield Energy Co,CurrentA,A,16.23,2026-08-06T09:00:00.000Z
02b2bf6f-13c2-89dc-624b-c78e3aa97294,b7edd6f9-4c2d-4065-b8f7-796a1b5e15fe,ad0e1a81-3899-cf0d-3834-b15139c91c27,Energy Meter 002,76a4280b-3245-06b3-a5b2-4aa080748037,260d819a-2473-7045-7f10-1a415c5df668,Greenfield Energy Co,ActivePower,kW,3.49,2026-08-06T09:00:00.000Z
7207b945-9aab-5a8d-55aa-8b4b5faea0ce,b7edd6f9-4c2d-4065-b8f7-796a1b5e15fe,ad0e1a81-3899-cf0d-3834-b15139c91c27,Energy Meter 002,76a4280b-3245-06b3-a5b2-4aa080748037,260d819a-2473-7045-7f10-1a415c5df668,Greenfield Energy Co,PowerFactor,ratio,0.82,2026-08-06T09:00:00.000Z
c39b5644-ee8e-d2fa-9960-29c7ea2dd128,b7edd6f9-4c2d-4065-b8f7-796a1b5e15fe,ad0e1a81-3899-cf0d-3834-b15139c91c27,Energy Meter 002,76a4280b-3245-06b3-a5b2-4aa080748037,260d819a-2473-7045-7f10-1a415c5df668,Greenfield Energy Co,PowerConsumption,kWh,12.48,2026-08-06T09:00:00.000Z
366f0bf6-e7e3-de43-732e-8d54cc8d40ea,b7edd6f9-4c2d-4065-b8f7-796a1b5e15fe,ad0e1a81-3899-cf0d-3834-b15139c91c27,Energy Meter 002,76a4280b-3245-06b3-a5b2-4aa080748037,260d819a-2473-7045-7f10-1a415c5df668,Greenfield Energy Co,Frequency,Hz,49.86,2026-08-06T09:00:00.000Z
6bf371d6-7cc0-4475-14b9-800a782948aa,49309571-eabf-4a38-5d3e-74efe0240cd2,ad0e1a81-3899-cf0d-3834-b15139c91c27,Energy Meter 002,76a4280b-3245-06b3-a5b2-4aa080748037,260d819a-2473-7045-7f10-1a415c5df668,Greenfield Energy Co,VoltageA,V,226.37,2026-08-06T08:00:00.000Z
5bfa33a3-300f-53f0-d2e7-c2c7b3a61d61,49309571-eabf-4a38-5d3e-74efe0240cd2,ad0e1a81-3899-cf0d-3834-b15139c91c27,Energy Meter 002,76a4280b-3245-06b3-a5b2-4aa080748037,260d819a-2473-7045-7f10-1a415c5df668,Greenfield Energy Co,VoltageB,V,225.38,2026-08-06T08:00:00.000Z
4d183ad0-ca0d-bcba-4c58-61450ed7a142,49309571-eabf-4a38-5d3e-74efe0240cd2,ad0e1a81-3899-cf0d-3834-b15139c91c27,Energy Meter 002,76a4280b-3245-06b3-a5b2-4aa080748037,260d819a-2473-7045-7f10-1a415c5df668,Greenfield Energy Co,VoltageC,V,227.21,2026-08-06T08:00:00.000Z
cada4a88-9a14-9182-a10a-4fdd5414883e,49309571-eabf-4a38-5d3e-74efe0240cd2,ad0e1a81-3899-cf0d-3834-b15139c91c27,Energy Meter 002,76a4280b-3245-06b3-a5b2-4aa080748037,260d819a-2473-7045-7f10-1a415c5df668,Greenfield Energy Co,CurrentA,A,17.65,2026-08-06T08:00:00.000Z
c9169e9c-8b48-b2ad-fc19-f342ddf742bf,49309571-eabf-4a38-5d3e-74efe0240cd2,ad0e1a81-3899-cf0d-3834-b15139c91c27,Energy Meter 002,76a4280b-3245-06b3-a5b2-4aa080748037,260d819a-2473-7045-7f10-1a415c5df668,Greenfield Energy Co,ActivePower,kW,3.98,2026-08-06T08:00:00.000Z
0193e311-7d2e-6db6-30af-4b57ff7f2baf,49309571-eabf-4a38-5d3e-74efe0240cd2,ad0e1a81-3899-cf0d-3834-b15139c91c27,Energy Meter 002,76a4280b-3245-06b3-a5b2-4aa080748037,260d819a-2473-7045-7f10-1a415c5df668,Greenfield Energy Co,PowerFactor,ratio,0.82,2026-08-06T08:00:00.000Z
50ce1778-99ff-4ebd-6ea9-704f88986089,49309571-eabf-4a38-5d3e-74efe0240cd2,ad0e1a81-3899-cf0d-3834-b15139c91c27,Energy Meter 002,76a4280b-3245-06b3-a5b2-4aa080748037,260d819a-2473-7045-7f10-1a415c5df668,Greenfield Energy Co,PowerConsumption,kWh,12.56,2026-08-06T08:00:00.000Z
8cf62362-3b33-cec2-3212-cf2716b2720e,49309571-eabf-4a38-5d3e-74efe0240cd2,ad0e1a81-3899-cf0d-3834-b15139c91c27,Energy Meter 002,76a4280b-3245-06b3-a5b2-4aa080748037,260d819a-2473-7045-7f10-1a415c5df668,Greenfield Energy Co,Frequency,Hz,49.86,2026-08-06T08:00:00.000Z
145848d6-43cb-6794-3b19-b28567414f86,f745e9ef-ed1d-2fe4-913e-aa710e13509e,ad0e1a81-3899-cf0d-3834-b15139c91c27,Energy Meter 002,76a4280b-3245-06b3-a5b2-4aa080748037,260d819a-2473-7045-7f10-1a415c5df668,Greenfield Energy Co,VoltageA,V,227.07,2026-08-06T07:00:00.000Z
986755e3-d9de-b0b0-2da4-d45ee297d8de,f745e9ef-ed1d-2fe4-913e-aa710e13509e,ad0e1a81-3899-cf0d-3834-b15139c91c27,Energy Meter 002,76a4280b-3245-06b3-a5b2-4aa080748037,260d819a-2473-7045-7f10-1a415c5df668,Greenfield Energy Co,VoltageB,V,226.05,2026-08-06T07:00:00.000Z
1bd34c5e-24cf-3592-5423-4de100f84767,f745e9ef-ed1d-2fe4-913e-aa710e13509e,ad0e1a81-3899-cf0d-3834-b15139c91c27,Energy Meter 002,76a4280b-3245-06b3-a5b2-4aa080748037,260d819a-2473-7045-7f10-1a415c5df668,Greenfield Energy Co,VoltageC,V,228.93,2026-08-06T07:00:00.000Z
97422fcf-b8ee-f009-003b-96c9760bf43e,f745e9ef-ed1d-2fe4-913e-aa710e13509e,ad0e1a81-3899-cf0d-3834-b15139c91c27,Energy Meter 002,76a4280b-3245-06b3-a5b2-4aa080748037,260d819a-2473-7045-7f10-1a415c5df668,Greenfield Energy Co,CurrentA,A,17.93,2026-08-06T07:00:00.000Z
59c515fd-fb09-8e35-53d2-3e8fc84cd225,f745e9ef-ed1d-2fe4-913e-aa710e13509e,ad0e1a81-3899-cf0d-3834-b15139c91c27,Energy Meter 002,76a4280b-3245-06b3-a5b2-4aa080748037,260d819a-2473-7045-7f10-1a415c5df668,Greenfield Energy Co,ActivePower,kW,4.05,2026-08-06T07:00:00.000Z
f9204b9b-0dd6-0739-f3f6-9ef4320910c9,f745e9ef-ed1d-2fe4-913e-aa710e13509e,ad0e1a81-3899-cf0d-3834-b15139c91c27,Energy Meter 002,76a4280b-3245-06b3-a5b2-4aa080748037,260d819a-2473-7045-7f10-1a415c5df668,Greenfield Energy Co,PowerFactor,ratio,0.83,2026-08-06T07:00:00.000Z
473ba1d3-c1a8-3944-c933-2b2700adcbe0,f745e9ef-ed1d-2fe4-913e-aa710e13509e,ad0e1a81-3899-cf0d-3834-b15139c91c27,Energy Meter 002,76a4280b-3245-06b3-a5b2-4aa080748037,260d819a-2473-7045-7f10-1a415c5df668,Greenfield Energy Co,PowerConsumption,kWh,12.64,2026-08-06T07:00:00.000Z
3cbea113-5852-1dea-ce46-4dc23ec6f1e4,f745e9ef-ed1d-2fe4-913e-aa710e13509e,ad0e1a81-3899-cf0d-3834-b15139c91c27,Energy Meter 002,76a4280b-3245-06b3-a5b2-4aa080748037,260d819a-2473-7045-7f10-1a415c5df668,Greenfield Energy Co,Frequency,Hz,49.89,2026-08-06T07:00:00.000Z
23d80a9c-f8a0-3fd7-045e-07c393ef6b6e,1e9c26a1-f7dc-8dac-1609-f57ce2b6462c,ad0e1a81-3899-cf0d-3834-b15139c91c27,Energy Meter 002,76a4280b-3245-06b3-a5b2-4aa080748037,260d819a-2473-7045-7f10-1a415c5df668,Greenfield Energy Co,VoltageA,V,229,2026-08-06T06:00:00.000Z
cea6474c-0d59-e2e9-6350-28f2d535aa7f,1e9c26a1-f7dc-8dac-1609-f57ce2b6462c,ad0e1a81-3899-cf0d-3834-b15139c91c27,Energy Meter 002,76a4280b-3245-06b3-a5b2-4aa080748037,260d819a-2473-7045-7f10-1a415c5df668,Greenfield Energy Co,VoltageB,V,227.49,2026-08-06T06:00:00.000Z
c380b2c6-93dd-74e2-5e49-ca8d8b92bda7,1e9c26a1-f7dc-8dac-1609-f57ce2b6462c,ad0e1a81-3899-cf0d-3834-b15139c91c27,Energy Meter 002,76a4280b-3245-06b3-a5b2-4aa080748037,260d819a-2473-7045-7f10-1a415c5df668,Greenfield Energy Co,VoltageC,V,229.42,2026-08-06T06:00:00.000Z
b0ab0deb-3e8d-0882-7e72-1095e8b47300,1e9c26a1-f7dc-8dac-1609-f57ce2b6462c,ad0e1a81-3899-cf0d-3834-b15139c91c27,Energy Meter 002,76a4280b-3245-06b3-a5b2-4aa080748037,260d819a-2473-7045-7f10-1a415c5df668,Greenfield Energy Co,CurrentA,A,21.7,2026-08-06T06:00:00.000Z
cb604d57-cd4d-f9b0-1f0d-fb88ee54248d,1e9c26a1-f7dc-8dac-1609-f57ce2b6462c,ad0e1a81-3899-cf0d-3834-b15139c91c27,Energy Meter 002,76a4280b-3245-06b3-a5b2-4aa080748037,260d819a-2473-7045-7f10-1a415c5df668,Greenfield Energy Co,ActivePower,kW,4.64,2026-08-06T06:00:00.000Z
0281695a-17c0-21dd-7204-8f70fce0deb4,1e9c26a1-f7dc-8dac-1609-f57ce2b6462c,ad0e1a81-3899-cf0d-3834-b15139c91c27,Energy Meter 002,76a4280b-3245-06b3-a5b2-4aa080748037,260d819a-2473-7045-7f10-1a415c5df668,Greenfield Energy Co,PowerFactor,ratio,0.83,2026-08-06T06:00:00.000Z
0550475f-9e04-9f55-f987-5500995be1bb,1e9c26a1-f7dc-8dac-1609-f57ce2b6462c,ad0e1a81-3899-cf0d-3834-b15139c91c27,Energy Meter 002,76a4280b-3245-06b3-a5b2-4aa080748037,260d819a-2473-7045-7f10-1a415c5df668,Greenfield Energy Co,PowerConsumption,kWh,12.72,2026-08-06T06:00:00.000Z
c8841e9e-6e3a-33ef-cde9-a6e86577c5dd,1e9c26a1-f7dc-8dac-1609-f57ce2b6462c,ad0e1a81-3899-cf0d-3834-b15139c91c27,Energy Meter 002,76a4280b-3245-06b3-a5b2-4aa080748037,260d819a-2473-7045-7f10-1a415c5df668,Greenfield Energy Co,Frequency,Hz,49.97,2026-08-06T06:00:00.000Z
d0448757-c0b1-5087-0699-1b1aeca60948,e20f0623-fbaa-d5da-1dc1-4121fd6cbdc5,ad0e1a81-3899-cf0d-3834-b15139c91c27,Energy Meter 002,76a4280b-3245-06b3-a5b2-4aa080748037,260d819a-2473-7045-7f10-1a415c5df668,Greenfield Energy Co,VoltageA,V,229.77,2026-08-06T05:00:00.000Z
1fceb368-cc28-0d85-a79d-fe42488771db,e20f0623-fbaa-d5da-1dc1-4121fd6cbdc5,ad0e1a81-3899-cf0d-3834-b15139c91c27,Energy Meter 002,76a4280b-3245-06b3-a5b2-4aa080748037,260d819a-2473-7045-7f10-1a415c5df668,Greenfield Energy Co,VoltageB,V,228.92,2026-08-06T05:00:00.000Z
c4e4376f-5a2c-a87e-09a3-495549425416,e20f0623-fbaa-d5da-1dc1-4121fd6cbdc5,ad0e1a81-3899-cf0d-3834-b15139c91c27,Energy Meter 002,76a4280b-3245-06b3-a5b2-4aa080748037,260d819a-2473-7045-7f10-1a415c5df668,Greenfield Energy Co,VoltageC,V,230.94,2026-08-06T05:00:00.000Z
eee99721-24c2-0b5f-ab84-a77064761192,e20f0623-fbaa-d5da-1dc1-4121fd6cbdc5,ad0e1a81-3899-cf0d-3834-b15139c91c27,Energy Meter 002,76a4280b-3245-06b3-a5b2-4aa080748037,260d819a-2473-7045-7f10-1a415c5df668,Greenfield Energy Co,CurrentA,A,24.2,2026-08-06T05:00:00.000Z
1efe7da7-e1bb-3b55-dd31-7d9dcfdd7c43,e20f0623-fbaa-d5da-1dc1-4121fd6cbdc5,ad0e1a81-3899-cf0d-3834-b15139c91c27,Energy Meter 002,76a4280b-3245-06b3-a5b2-4aa080748037,260d819a-2473-7045-7f10-1a415c5df668,Greenfield Energy Co,ActivePower,kW,5.19,2026-08-06T05:00:00.000Z
98f0a7bc-af6b-8710-2d32-21d03b2f966a,e20f0623-fbaa-d5da-1dc1-4121fd6cbdc5,ad0e1a81-3899-cf0d-3834-b15139c91c27,Energy Meter 002,76a4280b-3245-06b3-a5b2-4aa080748037,260d819a-2473-7045-7f10-1a415c5df668,Greenfield Energy Co,PowerFactor,ratio,0.86,2026-08-06T05:00:00.000Z
e0b3e9b3-b865-add8-4ff6-e3c5d9da0e85,e20f0623-fbaa-d5da-1dc1-4121fd6cbdc5,ad0e1a81-3899-cf0d-3834-b15139c91c27,Energy Meter 002,76a4280b-3245-06b3-a5b2-4aa080748037,260d819a-2473-7045-7f10-1a415c5df668,Greenfield Energy Co,PowerConsumption,kWh,12.8,2026-08-06T05:00:00.000Z
be312d81-31ad-7efd-56c6-ce073ba72c57,e20f0623-fbaa-d5da-1dc1-4121fd6cbdc5,ad0e1a81-3899-cf0d-3834-b15139c91c27,Energy Meter 002,76a4280b-3245-06b3-a5b2-4aa080748037,260d819a-2473-7045-7f10-1a415c5df668,Greenfield Energy Co,Frequency,Hz,49.98,2026-08-06T05:00:00.000Z
990ecb16-42e5-bc46-3f09-d1569f538ad4,6fbe2175-e0f6-a1e8-50a9-e0cfd76fb249,ad0e1a81-3899-cf0d-3834-b15139c91c27,Energy Meter 002,76a4280b-3245-06b3-a5b2-4aa080748037,260d819a-2473-7045-7f10-1a415c5df668,Greenfield Energy Co,VoltageA,V,231.88,2026-08-06T04:00:00.000Z
2770251f-244b-e5c6-6932-361b1b9ae945,6fbe2175-e0f6-a1e8-50a9-e0cfd76fb249,ad0e1a81-3899-cf0d-3834-b15139c91c27,Energy Meter 002,76a4280b-3245-06b3-a5b2-4aa080748037,260d819a-2473-7045-7f10-1a415c5df668,Greenfield Energy Co,VoltageB,V,230.46,2026-08-06T04:00:00.000Z
04531387-98ad-b41f-6ab5-f6a8969cd00f,6fbe2175-e0f6-a1e8-50a9-e0cfd76fb249,ad0e1a81-3899-cf0d-3834-b15139c91c27,Energy Meter 002,76a4280b-3245-06b3-a5b2-4aa080748037,260d819a-2473-7045-7f10-1a415c5df668,Greenfield Energy Co,VoltageC,V,233.01,2026-08-06T04:00:00.000Z
174892a1-1d49-9e18-4df3-1054fd45d956,6fbe2175-e0f6-a1e8-50a9-e0cfd76fb249,ad0e1a81-3899-cf0d-3834-b15139c91c27,Energy Meter 002,76a4280b-3245-06b3-a5b2-4aa080748037,260d819a-2473-7045-7f10-1a415c5df668,Greenfield Energy Co,CurrentA,A,24.81,2026-08-06T04:00:00.000Z
da778d54-e88c-0870-d77b-c616294bf6fd,6fbe2175-e0f6-a1e8-50a9-e0cfd76fb249,ad0e1a81-3899-cf0d-3834-b15139c91c27,Energy Meter 002,76a4280b-3245-06b3-a5b2-4aa080748037,260d819a-2473-7045-7f10-1a415c5df668,Greenfield Energy Co,ActivePower,kW,5.66,2026-08-06T04:00:00.000Z
6aca569a-1853-2b4b-d2f4-59a192e1e18f,6fbe2175-e0f6-a1e8-50a9-e0cfd76fb249,ad0e1a81-3899-cf0d-3834-b15139c91c27,Energy Meter 002,76a4280b-3245-06b3-a5b2-4aa080748037,260d819a-2473-7045-7f10-1a415c5df668,Greenfield Energy Co,PowerFactor,ratio,0.87,2026-08-06T04:00:00.000Z
f1caf607-7f09-0ba1-203f-2a0b89bd92b3,6fbe2175-e0f6-a1e8-50a9-e0cfd76fb249,ad0e1a81-3899-cf0d-3834-b15139c91c27,Energy Meter 002,76a4280b-3245-06b3-a5b2-4aa080748037,260d819a-2473-7045-7f10-1a415c5df668,Greenfield Energy Co,PowerConsumption,kWh,12.88,2026-08-06T04:00:00.000Z
ef9c3826-b353-a3c0-135c-63bef305a02d,6fbe2175-e0f6-a1e8-50a9-e0cfd76fb249,ad0e1a81-3899-cf0d-3834-b15139c91c27,Energy Meter 002,76a4280b-3245-06b3-a5b2-4aa080748037,260d819a-2473-7045-7f10-1a415c5df668,Greenfield Energy Co,Frequency,Hz,50.08,2026-08-06T04:00:00.000Z
cc5c9ff7-9c63-a298-f270-785dcda53c14,6626c1be-61b8-7aa4-cf11-f050bf104cfa,ad0e1a81-3899-cf0d-3834-b15139c91c27,Energy Meter 002,76a4280b-3245-06b3-a5b2-4aa080748037,260d819a-2473-7045-7f10-1a415c5df668,Greenfield Energy Co,VoltageA,V,233.14,2026-08-06T02:00:00.000Z
080274f7-5141-6f4d-9079-995ce0a9bba5,6626c1be-61b8-7aa4-cf11-f050bf104cfa,ad0e1a81-3899-cf0d-3834-b15139c91c27,Energy Meter 002,76a4280b-3245-06b3-a5b2-4aa080748037,260d819a-2473-7045-7f10-1a415c5df668,Greenfield Energy Co,VoltageB,V,232.12,2026-08-06T02:00:00.000Z
3fe93090-8a78-0a9d-97cc-3a563253cb4b,6626c1be-61b8-7aa4-cf11-f050bf104cfa,ad0e1a81-3899-cf0d-3834-b15139c91c27,Energy Meter 002,76a4280b-3245-06b3-a5b2-4aa080748037,260d819a-2473-7045-7f10-1a415c5df668,Greenfield Energy Co,VoltageC,V,234.84,2026-08-06T02:00:00.000Z
ad2b824b-6c65-aff2-2652-8395b17928ae,6626c1be-61b8-7aa4-cf11-f050bf104cfa,ad0e1a81-3899-cf0d-3834-b15139c91c27,Energy Meter 002,76a4280b-3245-06b3-a5b2-4aa080748037,260d819a-2473-7045-7f10-1a415c5df668,Greenfield Energy Co,CurrentA,A,29.68,2026-08-06T02:00:00.000Z
47496a96-3814-440d-e170-caeda9966cd6,6626c1be-61b8-7aa4-cf11-f050bf104cfa,ad0e1a81-3899-cf0d-3834-b15139c91c27,Energy Meter 002,76a4280b-3245-06b3-a5b2-4aa080748037,260d819a-2473-7045-7f10-1a415c5df668,Greenfield Energy Co,ActivePower,kW,6.08,2026-08-06T02:00:00.000Z
e3a4ade6-cbaa-e7ba-652f-eba0c2041706,6626c1be-61b8-7aa4-cf11-f050bf104cfa,ad0e1a81-3899-cf0d-3834-b15139c91c27,Energy Meter 002,76a4280b-3245-06b3-a5b2-4aa080748037,260d819a-2473-7045-7f10-1a415c5df668,Greenfield Energy Co,PowerFactor,ratio,0.9,2026-08-06T02:00:00.000Z
036c674a-a04e-29df-6d25-1d5cf5c7a4ba,6626c1be-61b8-7aa4-cf11-f050bf104cfa,ad0e1a81-3899-cf0d-3834-b15139c91c27,Energy Meter 002,76a4280b-3245-06b3-a5b2-4aa080748037,260d819a-2473-7045-7f10-1a415c5df668,Greenfield Energy Co,PowerConsumption,kWh,13.04,2026-08-06T02:00:00.000Z
f0dc47cb-e01a-d23d-a85b-13c81e1cbc26,6626c1be-61b8-7aa4-cf11-f050bf104cfa,ad0e1a81-3899-cf0d-3834-b15139c91c27,Energy Meter 002,76a4280b-3245-06b3-a5b2-4aa080748037,260d819a-2473-7045-7f10-1a415c5df668,Greenfield Energy Co,Frequency,Hz,50.13,2026-08-06T02:00:00.000Z
84bff5f7-f6c1-0b3f-67c1-d9ec3b741465,5a855c97-9ce0-5b96-fd20-db8ab9d4d8ab,ad0e1a81-3899-cf0d-3834-b15139c91c27,Energy Meter 002,76a4280b-3245-06b3-a5b2-4aa080748037,260d819a-2473-7045-7f10-1a415c5df668,Greenfield Energy Co,VoltageA,V,232.89,2026-08-06T00:00:00.000Z
a3d0cbe4-8858-f323-5e08-62e18fce4918,5a855c97-9ce0-5b96-fd20-db8ab9d4d8ab,ad0e1a81-3899-cf0d-3834-b15139c91c27,Energy Meter 002,76a4280b-3245-06b3-a5b2-4aa080748037,260d819a-2473-7045-7f10-1a415c5df668,Greenfield Energy Co,VoltageB,V,232.49,2026-08-06T00:00:00.000Z
e3ed90c5-8532-47ed-9e79-ed7ee918f83f,5a855c97-9ce0-5b96-fd20-db8ab9d4d8ab,ad0e1a81-3899-cf0d-3834-b15139c91c27,Energy Meter 002,76a4280b-3245-06b3-a5b2-4aa080748037,260d819a-2473-7045-7f10-1a415c5df668,Greenfield Energy Co,VoltageC,V,233.82,2026-08-06T00:00:00.000Z
22058c0b-1ec7-0ee6-e1b1-6597a525aa07,5a855c97-9ce0-5b96-fd20-db8ab9d4d8ab,ad0e1a81-3899-cf0d-3834-b15139c91c27,Energy Meter 002,76a4280b-3245-06b3-a5b2-4aa080748037,260d819a-2473-7045-7f10-1a415c5df668,Greenfield Energy Co,CurrentA,A,28.64,2026-08-06T00:00:00.000Z
72b47ab1-fd1e-0251-b36c-3f5f3cc70438,5a855c97-9ce0-5b96-fd20-db8ab9d4d8ab,ad0e1a81-3899-cf0d-3834-b15139c91c27,Energy Meter 002,76a4280b-3245-06b3-a5b2-4aa080748037,260d819a-2473-7045-7f10-1a415c5df668,Greenfield Energy Co,ActivePower,kW,6.42,2026-08-06T00:00:00.000Z
4acca040-2b1e-5cc5-6979-0b8711ab54a9,5a855c97-9ce0-5b96-fd20-db8ab9d4d8ab,ad0e1a81-3899-cf0d-3834-b15139c91c27,Energy Meter 002,76a4280b-3245-06b3-a5b2-4aa080748037,260d819a-2473-7045-7f10-1a415c5df668,Greenfield Energy Co,PowerFactor,ratio,0.89,2026-08-06T00:00:00.000Z
26384215-a853-f9e5-ee31-630e4610deb0,5a855c97-9ce0-5b96-fd20-db8ab9d4d8ab,ad0e1a81-3899-cf0d-3834-b15139c91c27,Energy Meter 002,76a4280b-3245-06b3-a5b2-4aa080748037,260d819a-2473-7045-7f10-1a415c5df668,Greenfield Energy Co,PowerConsumption,kWh,13.2,2026-08-06T00:00:00.000Z
c807b0dc-3568-b53d-7b75-140ba7164fa0,5a855c97-9ce0-5b96-fd20-db8ab9d4d8ab,ad0e1a81-3899-cf0d-3834-b15139c91c27,Energy Meter 002,76a4280b-3245-06b3-a5b2-4aa080748037,260d819a-2473-7045-7f10-1a415c5df668,Greenfield Energy Co,Frequency,Hz,50.13,2026-08-06T00:00:00.000Z
468ff5cc-c84a-a1d0-de97-9cc785765d5e,1820d5b9-dd86-19c0-ef5d-91bf10b10e46,ad0e1a81-3899-cf0d-3834-b15139c91c27,Energy Meter 002,76a4280b-3245-06b3-a5b2-4aa080748037,260d819a-2473-7045-7f10-1a415c5df668,Greenfield Energy Co,VoltageA,V,231.08,2026-08-05T22:00:00.000Z
853ceaed-71ea-9c21-2904-e8d4a19d700c,1820d5b9-dd86-19c0-ef5d-91bf10b10e46,ad0e1a81-3899-cf0d-3834-b15139c91c27,Energy Meter 002,76a4280b-3245-06b3-a5b2-4aa080748037,260d819a-2473-7045-7f10-1a415c5df668,Greenfield Energy Co,VoltageB,V,230.32,2026-08-05T22:00:00.000Z
920a1d45-0e1b-add4-c507-64a1c44d67d7,1820d5b9-dd86-19c0-ef5d-91bf10b10e46,ad0e1a81-3899-cf0d-3834-b15139c91c27,Energy Meter 002,76a4280b-3245-06b3-a5b2-4aa080748037,260d819a-2473-7045-7f10-1a415c5df668,Greenfield Energy Co,VoltageC,V,231.7,2026-08-05T22:00:00.000Z
08937ad1-76f9-aa2e-d87b-fb85611ee6ff,1820d5b9-dd86-19c0-ef5d-91bf10b10e46,ad0e1a81-3899-cf0d-3834-b15139c91c27,Energy Meter 002,76a4280b-3245-06b3-a5b2-4aa080748037,260d819a-2473-7045-7f10-1a415c5df668,Greenfield Energy Co,CurrentA,A,23.99,2026-08-05T22:00:00.000Z
4c297fe0-518e-db4c-ab31-c882d424cd39,1820d5b9-dd86-19c0-ef5d-91bf10b10e46,ad0e1a81-3899-cf0d-3834-b15139c91c27,Energy Meter 002,76a4280b-3245-06b3-a5b2-4aa080748037,260d819a-2473-7045-7f10-1a415c5df668,Greenfield Energy Co,ActivePower,kW,5.4,2026-08-05T22:00:00.000Z
498d0df9-5e36-1ebb-e92c-55fa6a363082,1820d5b9-dd86-19c0-ef5d-91bf10b10e46,ad0e1a81-3899-cf0d-3834-b15139c91c27,Energy Meter 002,76a4280b-3245-06b3-a5b2-4aa080748037,260d819a-2473-7045-7f10-1a415c5df668,Greenfield Energy Co,PowerFactor,ratio,0.87,2026-08-05T22:00:00.000Z
16c8b4da-aa75-7ddc-70f9-32181db080b1,1820d5b9-dd86-19c0-ef5d-91bf10b10e46,ad0e1a81-3899-cf0d-3834-b15139c91c27,Energy Meter 002,76a4280b-3245-06b3-a5b2-4aa080748037,260d819a-2473-7045-7f10-1a415c5df668,Greenfield Energy Co,PowerConsumption,kWh,13.36,2026-08-05T22:00:00.000Z
a478f640-c897-37cd-ae1d-3148fc96679e,1820d5b9-dd86-19c0-ef5d-91bf10b10e46,ad0e1a81-3899-cf0d-3834-b15139c91c27,Energy Meter 002,76a4280b-3245-06b3-a5b2-4aa080748037,260d819a-2473-7045-7f10-1a415c5df668,Greenfield Energy Co,Frequency,Hz,50.07,2026-08-05T22:00:00.000Z
5f6fb7f3-036e-afaf-6016-cb4ad8785e3d,b4c3ca8c-afdb-165b-1380-97599cc3e16e,50721269-e628-a519-53b1-711cf83e4517,Energy Meter 003,ffcba61c-41dc-0ad6-dfa0-e51a19826942,260d819a-2473-7045-7f10-1a415c5df668,Greenfield Energy Co,VoltageA,V,231.46,2026-08-06T10:00:00.000Z
deb78e89-5076-9c9b-890c-25635f03f51c,b4c3ca8c-afdb-165b-1380-97599cc3e16e,50721269-e628-a519-53b1-711cf83e4517,Energy Meter 003,ffcba61c-41dc-0ad6-dfa0-e51a19826942,260d819a-2473-7045-7f10-1a415c5df668,Greenfield Energy Co,VoltageB,V,230.64,2026-08-06T10:00:00.000Z
2dffff9d-eb4e-a90b-d7eb-194db1c0252b,b4c3ca8c-afdb-165b-1380-97599cc3e16e,50721269-e628-a519-53b1-711cf83e4517,Energy Meter 003,ffcba61c-41dc-0ad6-dfa0-e51a19826942,260d819a-2473-7045-7f10-1a415c5df668,Greenfield Energy Co,VoltageC,V,233.23,2026-08-06T10:00:00.000Z
cb18611a-3727-1ab8-a948-6c325423de2d,b4c3ca8c-afdb-165b-1380-97599cc3e16e,50721269-e628-a519-53b1-711cf83e4517,Energy Meter 003,ffcba61c-41dc-0ad6-dfa0-e51a19826942,260d819a-2473-7045-7f10-1a415c5df668,Greenfield Energy Co,CurrentA,A,26.45,2026-08-06T10:00:00.000Z
a1ba58f4-39b5-373f-6e9e-7d98a10dd105,b4c3ca8c-afdb-165b-1380-97599cc3e16e,50721269-e628-a519-53b1-711cf83e4517,Energy Meter 003,ffcba61c-41dc-0ad6-dfa0-e51a19826942,260d819a-2473-7045-7f10-1a415c5df668,Greenfield Energy Co,ActivePower,kW,5.56,2026-08-06T10:00:00.000Z
bfb336e9-7aea-cb7b-5a32-cdb2c4f1529d,b4c3ca8c-afdb-165b-1380-97599cc3e16e,50721269-e628-a519-53b1-711cf83e4517,Energy Meter 003,ffcba61c-41dc-0ad6-dfa0-e51a19826942,260d819a-2473-7045-7f10-1a415c5df668,Greenfield Energy Co,PowerFactor,ratio,0.88,2026-08-06T10:00:00.000Z
e56da0b0-da86-7cbc-64ae-da306df93f94,b4c3ca8c-afdb-165b-1380-97599cc3e16e,50721269-e628-a519-53b1-711cf83e4517,Energy Meter 003,ffcba61c-41dc-0ad6-dfa0-e51a19826942,260d819a-2473-7045-7f10-1a415c5df668,Greenfield Energy Co,PowerConsumption,kWh,16.1,2026-08-06T10:00:00.000Z
5863def1-9933-191e-cff0-19d27664db56,b4c3ca8c-afdb-165b-1380-97599cc3e16e,50721269-e628-a519-53b1-711cf83e4517,Energy Meter 003,ffcba61c-41dc-0ad6-dfa0-e51a19826942,260d819a-2473-7045-7f10-1a415c5df668,Greenfield Energy Co,Frequency,Hz,50.1,2026-08-06T10:00:00.000Z
ccb9e65c-df1a-cbf6-1e71-c1cf02b89c3b,234f89f9-e68c-c83f-aa5a-3bb44e11d271,50721269-e628-a519-53b1-711cf83e4517,Energy Meter 003,ffcba61c-41dc-0ad6-dfa0-e51a19826942,260d819a-2473-7045-7f10-1a415c5df668,Greenfield Energy Co,VoltageA,V,230.61,2026-08-06T09:00:00.000Z
585beee5-2437-1cd2-d446-b5da58291065,234f89f9-e68c-c83f-aa5a-3bb44e11d271,50721269-e628-a519-53b1-711cf83e4517,Energy Meter 003,ffcba61c-41dc-0ad6-dfa0-e51a19826942,260d819a-2473-7045-7f10-1a415c5df668,Greenfield Energy Co,VoltageB,V,229.6,2026-08-06T09:00:00.000Z
3e387799-e189-0387-3bad-278e456002d3,234f89f9-e68c-c83f-aa5a-3bb44e11d271,50721269-e628-a519-53b1-711cf83e4517,Energy Meter 003,ffcba61c-41dc-0ad6-dfa0-e51a19826942,260d819a-2473-7045-7f10-1a415c5df668,Greenfield Energy Co,VoltageC,V,232.02,2026-08-06T09:00:00.000Z
5b2c6326-33c6-ec45-27d3-4ccd6eb87c5d,234f89f9-e68c-c83f-aa5a-3bb44e11d271,50721269-e628-a519-53b1-711cf83e4517,Energy Meter 003,ffcba61c-41dc-0ad6-dfa0-e51a19826942,260d819a-2473-7045-7f10-1a415c5df668,Greenfield Energy Co,CurrentA,A,23.43,2026-08-06T09:00:00.000Z
6bf9690e-8ec2-6ca1-422b-2ef1aa275e64,234f89f9-e68c-c83f-aa5a-3bb44e11d271,50721269-e628-a519-53b1-711cf83e4517,Energy Meter 003,ffcba61c-41dc-0ad6-dfa0-e51a19826942,260d819a-2473-7045-7f10-1a415c5df668,Greenfield Energy Co,ActivePower,kW,5.03,2026-08-06T09:00:00.000Z
aef7f984-c4e7-23c7-6ed2-4d66294825eb,234f89f9-e68c-c83f-aa5a-3bb44e11d271,50721269-e628-a519-53b1-711cf83e4517,Energy Meter 003,ffcba61c-41dc-0ad6-dfa0-e51a19826942,260d819a-2473-7045-7f10-1a415c5df668,Greenfield Energy Co,PowerFactor,ratio,0.86,2026-08-06T09:00:00.000Z
4ecc1eb2-a7e1-4a49-f022-1de6ba96b904,234f89f9-e68c-c83f-aa5a-3bb44e11d271,50721269-e628-a519-53b1-711cf83e4517,Energy Meter 003,ffcba61c-41dc-0ad6-dfa0-e51a19826942,260d819a-2473-7045-7f10-1a415c5df668,Greenfield Energy Co,PowerConsumption,kWh,16.18,2026-08-06T09:00:00.000Z
29d8cde2-9393-d414-0502-d2414fa34387,234f89f9-e68c-c83f-aa5a-3bb44e11d271,50721269-e628-a519-53b1-711cf83e4517,Energy Meter 003,ffcba61c-41dc-0ad6-dfa0-e51a19826942,260d819a-2473-7045-7f10-1a415c5df668,Greenfield Energy Co,Frequency,Hz,50.02,2026-08-06T09:00:00.000Z
381238ff-a12e-40d3-0afe-72bf22bd636c,2408f272-4f49-9754-52f5-8ad3a4c52741,50721269-e628-a519-53b1-711cf83e4517,Energy Meter 003,ffcba61c-41dc-0ad6-dfa0-e51a19826942,260d819a-2473-7045-7f10-1a415c5df668,Greenfield Energy Co,VoltageA,V,228.5,2026-08-06T08:00:00.000Z
02ac39dc-2708-3b76-13c9-f360467e1c94,2408f272-4f49-9754-52f5-8ad3a4c52741,50721269-e628-a519-53b1-711cf83e4517,Energy Meter 003,ffcba61c-41dc-0ad6-dfa0-e51a19826942,260d819a-2473-7045-7f10-1a415c5df668,Greenfield Energy Co,VoltageB,V,227.49,2026-08-06T08:00:00.000Z
a437bcd2-7f23-29e1-4190-6a758119b91c,2408f272-4f49-9754-52f5-8ad3a4c52741,50721269-e628-a519-53b1-711cf83e4517,Energy Meter 003,ffcba61c-41dc-0ad6-dfa0-e51a19826942,260d819a-2473-7045-7f10-1a415c5df668,Greenfield Energy Co,VoltageC,V,230.24,2026-08-06T08:00:00.000Z
4b1c853c-c6a2-724d-78aa-c963f68e66f4,2408f272-4f49-9754-52f5-8ad3a4c52741,50721269-e628-a519-53b1-711cf83e4517,Energy Meter 003,ffcba61c-41dc-0ad6-dfa0-e51a19826942,260d819a-2473-7045-7f10-1a415c5df668,Greenfield Energy Co,CurrentA,A,21.97,2026-08-06T08:00:00.000Z
87f7cdc0-6212-3fa2-9db9-3acae05a16b4,2408f272-4f49-9754-52f5-8ad3a4c52741,50721269-e628-a519-53b1-711cf83e4517,Energy Meter 003,ffcba61c-41dc-0ad6-dfa0-e51a19826942,260d819a-2473-7045-7f10-1a415c5df668,Greenfield Energy Co,ActivePower,kW,4.69,2026-08-06T08:00:00.000Z
217976c5-b35e-c2c3-57f2-d3ee55b3cae5,2408f272-4f49-9754-52f5-8ad3a4c52741,50721269-e628-a519-53b1-711cf83e4517,Energy Meter 003,ffcba61c-41dc-0ad6-dfa0-e51a19826942,260d819a-2473-7045-7f10-1a415c5df668,Greenfield Energy Co,PowerFactor,ratio,0.85,2026-08-06T08:00:00.000Z
aed02004-6d22-f1e4-e1b5-3dc5e8ff10ff,2408f272-4f49-9754-52f5-8ad3a4c52741,50721269-e628-a519-53b1-711cf83e4517,Energy Meter 003,ffcba61c-41dc-0ad6-dfa0-e51a19826942,260d819a-2473-7045-7f10-1a415c5df668,Greenfield Energy Co,PowerConsumption,kWh,16.26,2026-08-06T08:00:00.000Z
799d5ddf-c75a-73f8-800d-7f8640cb5aba,2408f272-4f49-9754-52f5-8ad3a4c52741,50721269-e628-a519-53b1-711cf83e4517,Energy Meter 003,ffcba61c-41dc-0ad6-dfa0-e51a19826942,260d819a-2473-7045-7f10-1a415c5df668,Greenfield Energy Co,Frequency,Hz,49.96,2026-08-06T08:00:00.000Z
74496448-068f-2ea9-7b36-b8ad95074e95,39a66972-c059-2976-477c-56d667079df3,50721269-e628-a519-53b1-711cf83e4517,Energy Meter 003,ffcba61c-41dc-0ad6-dfa0-e51a19826942,260d819a-2473-7045-7f10-1a415c5df668,Greenfield Energy Co,VoltageA,V,228.04,2026-08-06T07:00:00.000Z
51a6f3db-0157-a0d6-5fb9-171ca03878dd,39a66972-c059-2976-477c-56d667079df3,50721269-e628-a519-53b1-711cf83e4517,Energy Meter 003,ffcba61c-41dc-0ad6-dfa0-e51a19826942,260d819a-2473-7045-7f10-1a415c5df668,Greenfield Energy Co,VoltageB,V,226.28,2026-08-06T07:00:00.000Z
1bd88ba6-3288-22b1-3642-9d2257ceae27,39a66972-c059-2976-477c-56d667079df3,50721269-e628-a519-53b1-711cf83e4517,Energy Meter 003,ffcba61c-41dc-0ad6-dfa0-e51a19826942,260d819a-2473-7045-7f10-1a415c5df668,Greenfield Energy Co,VoltageC,V,228.3,2026-08-06T07:00:00.000Z
72d00b82-1051-03ec-ccb1-009e75e826f4,39a66972-c059-2976-477c-56d667079df3,50721269-e628-a519-53b1-711cf83e4517,Energy Meter 003,ffcba61c-41dc-0ad6-dfa0-e51a19826942,260d819a-2473-7045-7f10-1a415c5df668,Greenfield Energy Co,CurrentA,A,18.56,2026-08-06T07:00:00.000Z
6ef67731-9d6d-a284-9d14-26f66f39ea3b,39a66972-c059-2976-477c-56d667079df3,50721269-e628-a519-53b1-711cf83e4517,Energy Meter 003,ffcba61c-41dc-0ad6-dfa0-e51a19826942,260d819a-2473-7045-7f10-1a415c5df668,Greenfield Energy Co,ActivePower,kW,4.15,2026-08-06T07:00:00.000Z
09133428-9db5-867a-5d61-361fd600c28b,39a66972-c059-2976-477c-56d667079df3,50721269-e628-a519-53b1-711cf83e4517,Energy Meter 003,ffcba61c-41dc-0ad6-dfa0-e51a19826942,260d819a-2473-7045-7f10-1a415c5df668,Greenfield Energy Co,PowerFactor,ratio,0.83,2026-08-06T07:00:00.000Z
aa7b0dce-bef4-d0de-2832-480d360af02b,39a66972-c059-2976-477c-56d667079df3,50721269-e628-a519-53b1-711cf83e4517,Energy Meter 003,ffcba61c-41dc-0ad6-dfa0-e51a19826942,260d819a-2473-7045-7f10-1a415c5df668,Greenfield Energy Co,PowerConsumption,kWh,16.34,2026-08-06T07:00:00.000Z
1deeaab4-3357-f595-0e0a-3c37f1992a10,39a66972-c059-2976-477c-56d667079df3,50721269-e628-a519-53b1-711cf83e4517,Energy Meter 003,ffcba61c-41dc-0ad6-dfa0-e51a19826942,260d819a-2473-7045-7f10-1a415c5df668,Greenfield Energy Co,Frequency,Hz,49.89,2026-08-06T07:00:00.000Z
4974f194-1733-624f-cafb-bf41de85f90d,a3f7e5af-44d8-6bcb-da4a-fba67d2f1015,50721269-e628-a519-53b1-711cf83e4517,Energy Meter 003,ffcba61c-41dc-0ad6-dfa0-e51a19826942,260d819a-2473-7045-7f10-1a415c5df668,Greenfield Energy Co,VoltageA,V,226.27,2026-08-06T06:00:00.000Z
6ebf7aa9-896b-022f-7857-06ca37d0adca,a3f7e5af-44d8-6bcb-da4a-fba67d2f1015,50721269-e628-a519-53b1-711cf83e4517,Energy Meter 003,ffcba61c-41dc-0ad6-dfa0-e51a19826942,260d819a-2473-7045-7f10-1a415c5df668,Greenfield Energy Co,VoltageB,V,225.26,2026-08-06T06:00:00.000Z
9a96f889-7965-ca54-7a7e-ea395a99bac9,a3f7e5af-44d8-6bcb-da4a-fba67d2f1015,50721269-e628-a519-53b1-711cf83e4517,Energy Meter 003,ffcba61c-41dc-0ad6-dfa0-e51a19826942,260d819a-2473-7045-7f10-1a415c5df668,Greenfield Energy Co,VoltageC,V,228.14,2026-08-06T06:00:00.000Z
53839143-fea0-c0de-5d99-b89bc420a0da,a3f7e5af-44d8-6bcb-da4a-fba67d2f1015,50721269-e628-a519-53b1-711cf83e4517,Energy Meter 003,ffcba61c-41dc-0ad6-dfa0-e51a19826942,260d819a-2473-7045-7f10-1a415c5df668,Greenfield Energy Co,CurrentA,A,16.85,2026-08-06T06:00:00.000Z
f58b8460-74a2-bdb4-f416-b1925c0966f1,a3f7e5af-44d8-6bcb-da4a-fba67d2f1015,50721269-e628-a519-53b1-711cf83e4517,Energy Meter 003,ffcba61c-41dc-0ad6-dfa0-e51a19826942,260d819a-2473-7045-7f10-1a415c5df668,Greenfield Energy Co,ActivePower,kW,3.79,2026-08-06T06:00:00.000Z
a4c578ed-f695-9eb9-88cf-820f33c0c6e9,a3f7e5af-44d8-6bcb-da4a-fba67d2f1015,50721269-e628-a519-53b1-711cf83e4517,Energy Meter 003,ffcba61c-41dc-0ad6-dfa0-e51a19826942,260d819a-2473-7045-7f10-1a415c5df668,Greenfield Energy Co,PowerFactor,ratio,0.82,2026-08-06T06:00:00.000Z
b17aa92e-b560-d996-2a22-315dd74468e6,a3f7e5af-44d8-6bcb-da4a-fba67d2f1015,50721269-e628-a519-53b1-711cf83e4517,Energy Meter 003,ffcba61c-41dc-0ad6-dfa0-e51a19826942,260d819a-2473-7045-7f10-1a415c5df668,Greenfield Energy Co,PowerConsumption,kWh,16.42,2026-08-06T06:00:00.000Z
fe146f3b-50e0-2dea-5dca-4ba1140a0d00,a3f7e5af-44d8-6bcb-da4a-fba67d2f1015,50721269-e628-a519-53b1-711cf83e4517,Energy Meter 003,ffcba61c-41dc-0ad6-dfa0-e51a19826942,260d819a-2473-7045-7f10-1a415c5df668,Greenfield Energy Co,Frequency,Hz,49.88,2026-08-06T06:00:00.000Z
523b8612-01b3-e3ac-8ddb-86aaaaaa4cc6,c7a78ecd-1674-f946-fa96-ff685642e4ac,50721269-e628-a519-53b1-711cf83e4517,Energy Meter 003,ffcba61c-41dc-0ad6-dfa0-e51a19826942,260d819a-2473-7045-7f10-1a415c5df668,Greenfield Energy Co,VoltageA,V,226.28,2026-08-06T05:00:00.000Z
b3f00db8-20e3-f8a8-d2e3-c599a966c153,c7a78ecd-1674-f946-fa96-ff685642e4ac,50721269-e628-a519-53b1-711cf83e4517,Energy Meter 003,ffcba61c-41dc-0ad6-dfa0-e51a19826942,260d819a-2473-7045-7f10-1a415c5df668,Greenfield Energy Co,VoltageB,V,225.47,2026-08-06T05:00:00.000Z
e2c0e92d-8718-0cb9-d6b0-0c2b2ba6921b,c7a78ecd-1674-f946-fa96-ff685642e4ac,50721269-e628-a519-53b1-711cf83e4517,Energy Meter 003,ffcba61c-41dc-0ad6-dfa0-e51a19826942,260d819a-2473-7045-7f10-1a415c5df668,Greenfield Energy Co,VoltageC,V,227.86,2026-08-06T05:00:00.000Z
d5b0d1cb-e6db-d280-dd2a-83959ab4d03b,c7a78ecd-1674-f946-fa96-ff685642e4ac,50721269-e628-a519-53b1-711cf83e4517,Energy Meter 003,ffcba61c-41dc-0ad6-dfa0-e51a19826942,260d819a-2473-7045-7f10-1a415c5df668,Greenfield Energy Co,CurrentA,A,15.9,2026-08-06T05:00:00.000Z
241807c6-e76a-273f-2bcf-a21c62af3058,c7a78ecd-1674-f946-fa96-ff685642e4ac,50721269-e628-a519-53b1-711cf83e4517,Energy Meter 003,ffcba61c-41dc-0ad6-dfa0-e51a19826942,260d819a-2473-7045-7f10-1a415c5df668,Greenfield Energy Co,ActivePower,kW,3.7,2026-08-06T05:00:00.000Z
35fca2ea-c0b2-bad2-0477-bfeb16ec83f7,c7a78ecd-1674-f946-fa96-ff685642e4ac,50721269-e628-a519-53b1-711cf83e4517,Energy Meter 003,ffcba61c-41dc-0ad6-dfa0-e51a19826942,260d819a-2473-7045-7f10-1a415c5df668,Greenfield Energy Co,PowerFactor,ratio,0.81,2026-08-06T05:00:00.000Z
7ed7de0b-bd53-937c-7d6c-384088585002,c7a78ecd-1674-f946-fa96-ff685642e4ac,50721269-e628-a519-53b1-711cf83e4517,Energy Meter 003,ffcba61c-41dc-0ad6-dfa0-e51a19826942,260d819a-2473-7045-7f10-1a415c5df668,Greenfield Energy Co,PowerConsumption,kWh,16.5,2026-08-06T05:00:00.000Z
6e3b6863-7e75-109d-ee9f-e6e9f07d0043,c7a78ecd-1674-f946-fa96-ff685642e4ac,50721269-e628-a519-53b1-711cf83e4517,Energy Meter 003,ffcba61c-41dc-0ad6-dfa0-e51a19826942,260d819a-2473-7045-7f10-1a415c5df668,Greenfield Energy Co,Frequency,Hz,49.85,2026-08-06T05:00:00.000Z
7d823871-6100-e954-0595-83aa1a769c6f,494f813d-5b23-7c6f-10fa-74bd51954fea,50721269-e628-a519-53b1-711cf83e4517,Energy Meter 003,ffcba61c-41dc-0ad6-dfa0-e51a19826942,260d819a-2473-7045-7f10-1a415c5df668,Greenfield Energy Co,VoltageA,V,226.22,2026-08-06T04:00:00.000Z
a4915449-b6e8-25f2-6a2b-051a8938c8f9,494f813d-5b23-7c6f-10fa-74bd51954fea,50721269-e628-a519-53b1-711cf83e4517,Energy Meter 003,ffcba61c-41dc-0ad6-dfa0-e51a19826942,260d819a-2473-7045-7f10-1a415c5df668,Greenfield Energy Co,VoltageB,V,225.54,2026-08-06T04:00:00.000Z
282c30cf-35b5-bd65-2ec5-1bf8ddb17e80,494f813d-5b23-7c6f-10fa-74bd51954fea,50721269-e628-a519-53b1-711cf83e4517,Energy Meter 003,ffcba61c-41dc-0ad6-dfa0-e51a19826942,260d819a-2473-7045-7f10-1a415c5df668,Greenfield Energy Co,VoltageC,V,227.29,2026-08-06T04:00:00.000Z
e89b4868-9961-0276-2ea3-332619f1e37d,494f813d-5b23-7c6f-10fa-74bd51954fea,50721269-e628-a519-53b1-711cf83e4517,Energy Meter 003,ffcba61c-41dc-0ad6-dfa0-e51a19826942,260d819a-2473-7045-7f10-1a415c5df668,Greenfield Energy Co,CurrentA,A,17.8,2026-08-06T04:00:00.000Z
d2ba58bc-6316-d634-e3bd-090347cc7f05,494f813d-5b23-7c6f-10fa-74bd51954fea,50721269-e628-a519-53b1-711cf83e4517,Energy Meter 003,ffcba61c-41dc-0ad6-dfa0-e51a19826942,260d819a-2473-7045-7f10-1a415c5df668,Greenfield Energy Co,ActivePower,kW,3.68,2026-08-06T04:00:00.000Z
de01f228-f945-9844-b933-e9dc840cf3c1,494f813d-5b23-7c6f-10fa-74bd51954fea,50721269-e628-a519-53b1-711cf83e4517,Energy Meter 003,ffcba61c-41dc-0ad6-dfa0-e51a19826942,260d819a-2473-7045-7f10-1a415c5df668,Greenfield Energy Co,PowerFactor,ratio,0.82,2026-08-06T04:00:00.000Z
ff271cef-9d1d-6955-9ca5-513c18cd2ddd,494f813d-5b23-7c6f-10fa-74bd51954fea,50721269-e628-a519-53b1-711cf83e4517,Energy Meter 003,ffcba61c-41dc-0ad6-dfa0-e51a19826942,260d819a-2473-7045-7f10-1a415c5df668,Greenfield Energy Co,PowerConsumption,kWh,16.58,2026-08-06T04:00:00.000Z
45114488-747b-8f03-0e66-706b0965de5d,494f813d-5b23-7c6f-10fa-74bd51954fea,50721269-e628-a519-53b1-711cf83e4517,Energy Meter 003,ffcba61c-41dc-0ad6-dfa0-e51a19826942,260d819a-2473-7045-7f10-1a415c5df668,Greenfield Energy Co,Frequency,Hz,49.88,2026-08-06T04:00:00.000Z
b7c10e08-9d52-4fb3-83fa-418530b158ef,24e2152a-eedf-2330-c2c8-24829e8b62d7,50721269-e628-a519-53b1-711cf83e4517,Energy Meter 003,ffcba61c-41dc-0ad6-dfa0-e51a19826942,260d819a-2473-7045-7f10-1a415c5df668,Greenfield Energy Co,VoltageA,V,228.48,2026-08-06T02:00:00.000Z
e7b32666-14f7-646f-8547-701457648506,24e2152a-eedf-2330-c2c8-24829e8b62d7,50721269-e628-a519-53b1-711cf83e4517,Energy Meter 003,ffcba61c-41dc-0ad6-dfa0-e51a19826942,260d819a-2473-7045-7f10-1a415c5df668,Greenfield Energy Co,VoltageB,V,227.8,2026-08-06T02:00:00.000Z
68f76836-4b9f-7dd9-daee-7a521ff6b55d,24e2152a-eedf-2330-c2c8-24829e8b62d7,50721269-e628-a519-53b1-711cf83e4517,Energy Meter 003,ffcba61c-41dc-0ad6-dfa0-e51a19826942,260d819a-2473-7045-7f10-1a415c5df668,Greenfield Energy Co,VoltageC,V,229.14,2026-08-06T02:00:00.000Z
84635c91-d640-5fc6-4a46-d43428ea0641,24e2152a-eedf-2330-c2c8-24829e8b62d7,50721269-e628-a519-53b1-711cf83e4517,Energy Meter 003,ffcba61c-41dc-0ad6-dfa0-e51a19826942,260d819a-2473-7045-7f10-1a415c5df668,Greenfield Energy Co,CurrentA,A,19.84,2026-08-06T02:00:00.000Z
720e38d4-437c-45e7-93e7-30ad38bfb781,24e2152a-eedf-2330-c2c8-24829e8b62d7,50721269-e628-a519-53b1-711cf83e4517,Energy Meter 003,ffcba61c-41dc-0ad6-dfa0-e51a19826942,260d819a-2473-7045-7f10-1a415c5df668,Greenfield Energy Co,ActivePower,kW,4.58,2026-08-06T02:00:00.000Z
04418f6b-a0c2-91e7-78b2-7a8ce5c9b221,24e2152a-eedf-2330-c2c8-24829e8b62d7,50721269-e628-a519-53b1-711cf83e4517,Energy Meter 003,ffcba61c-41dc-0ad6-dfa0-e51a19826942,260d819a-2473-7045-7f10-1a415c5df668,Greenfield Energy Co,PowerFactor,ratio,0.84,2026-08-06T02:00:00.000Z
1a020c1b-93fd-84c9-fa58-e13935ece147,24e2152a-eedf-2330-c2c8-24829e8b62d7,50721269-e628-a519-53b1-711cf83e4517,Energy Meter 003,ffcba61c-41dc-0ad6-dfa0-e51a19826942,260d819a-2473-7045-7f10-1a415c5df668,Greenfield Energy Co,PowerConsumption,kWh,16.74,2026-08-06T02:00:00.000Z
6d5c8dc6-d97e-3407-42bf-8d51ef04a477,24e2152a-eedf-2330-c2c8-24829e8b62d7,50721269-e628-a519-53b1-711cf83e4517,Energy Meter 003,ffcba61c-41dc-0ad6-dfa0-e51a19826942,260d819a-2473-7045-7f10-1a415c5df668,Greenfield Energy Co,Frequency,Hz,49.92,2026-08-06T02:00:00.000Z
0dacceea-495f-332c-23a3-1ac0899fd9a4,cb4e14e7-18f9-9c96-3b5a-f6124936240c,50721269-e628-a519-53b1-711cf83e4517,Energy Meter 003,ffcba61c-41dc-0ad6-dfa0-e51a19826942,260d819a-2473-7045-7f10-1a415c5df668,Greenfield Energy Co,VoltageA,V,231.26,2026-08-06T00:00:00.000Z
19e2e332-4832-08b6-cc13-41d2027906ef,cb4e14e7-18f9-9c96-3b5a-f6124936240c,50721269-e628-a519-53b1-711cf83e4517,Energy Meter 003,ffcba61c-41dc-0ad6-dfa0-e51a19826942,260d819a-2473-7045-7f10-1a415c5df668,Greenfield Energy Co,VoltageB,V,229.98,2026-08-06T00:00:00.000Z
e19a24c0-af81-0bb7-708d-86dc784d826b,cb4e14e7-18f9-9c96-3b5a-f6124936240c,50721269-e628-a519-53b1-711cf83e4517,Energy Meter 003,ffcba61c-41dc-0ad6-dfa0-e51a19826942,260d819a-2473-7045-7f10-1a415c5df668,Greenfield Energy Co,VoltageC,V,232.78,2026-08-06T00:00:00.000Z
614b0d2c-31a8-b51f-bd43-44b5a96f5d64,cb4e14e7-18f9-9c96-3b5a-f6124936240c,50721269-e628-a519-53b1-711cf83e4517,Energy Meter 003,ffcba61c-41dc-0ad6-dfa0-e51a19826942,260d819a-2473-7045-7f10-1a415c5df668,Greenfield Energy Co,CurrentA,A,24.87,2026-08-06T00:00:00.000Z
08de0749-0ce4-0901-52c6-ef7c6a154a11,cb4e14e7-18f9-9c96-3b5a-f6124936240c,50721269-e628-a519-53b1-711cf83e4517,Energy Meter 003,ffcba61c-41dc-0ad6-dfa0-e51a19826942,260d819a-2473-7045-7f10-1a415c5df668,Greenfield Energy Co,ActivePower,kW,5.28,2026-08-06T00:00:00.000Z
83cc52be-5e3d-70ba-6c75-3c0ce02c93b2,cb4e14e7-18f9-9c96-3b5a-f6124936240c,50721269-e628-a519-53b1-711cf83e4517,Energy Meter 003,ffcba61c-41dc-0ad6-dfa0-e51a19826942,260d819a-2473-7045-7f10-1a415c5df668,Greenfield Energy Co,PowerFactor,ratio,0.87,2026-08-06T00:00:00.000Z
8c1ff8bc-9ba4-ea00-efa3-3e1d2a3c0762,cb4e14e7-18f9-9c96-3b5a-f6124936240c,50721269-e628-a519-53b1-711cf83e4517,Energy Meter 003,ffcba61c-41dc-0ad6-dfa0-e51a19826942,260d819a-2473-7045-7f10-1a415c5df668,Greenfield Energy Co,PowerConsumption,kWh,16.9,2026-08-06T00:00:00.000Z
5a85737c-938b-4db2-1489-8c3fe177746c,cb4e14e7-18f9-9c96-3b5a-f6124936240c,50721269-e628-a519-53b1-711cf83e4517,Energy Meter 003,ffcba61c-41dc-0ad6-dfa0-e51a19826942,260d819a-2473-7045-7f10-1a415c5df668,Greenfield Energy Co,Frequency,Hz,50.07,2026-08-06T00:00:00.000Z
0b38022a-f391-1e88-8ace-e100021f9409,a895d10b-48d6-a4b8-dc1c-61ba5b82d28f,50721269-e628-a519-53b1-711cf83e4517,Energy Meter 003,ffcba61c-41dc-0ad6-dfa0-e51a19826942,260d819a-2473-7045-7f10-1a415c5df668,Greenfield Energy Co,VoltageA,V,233.86,2026-08-05T22:00:00.000Z
ef261b1a-67bc-02ab-42c9-7dbb3b6cbb79,a895d10b-48d6-a4b8-dc1c-61ba5b82d28f,50721269-e628-a519-53b1-711cf83e4517,Energy Meter 003,ffcba61c-41dc-0ad6-dfa0-e51a19826942,260d819a-2473-7045-7f10-1a415c5df668,Greenfield Energy Co,VoltageB,V,232.34,2026-08-05T22:00:00.000Z
ea7c2af7-dd0f-32f8-8b26-ac471ff7f7fb,a895d10b-48d6-a4b8-dc1c-61ba5b82d28f,50721269-e628-a519-53b1-711cf83e4517,Energy Meter 003,ffcba61c-41dc-0ad6-dfa0-e51a19826942,260d819a-2473-7045-7f10-1a415c5df668,Greenfield Energy Co,VoltageC,V,234.47,2026-08-05T22:00:00.000Z
801536ab-c065-5422-4910-f3b736cca747,a895d10b-48d6-a4b8-dc1c-61ba5b82d28f,50721269-e628-a519-53b1-711cf83e4517,Energy Meter 003,ffcba61c-41dc-0ad6-dfa0-e51a19826942,260d819a-2473-7045-7f10-1a415c5df668,Greenfield Energy Co,CurrentA,A,28.29,2026-08-05T22:00:00.000Z
cb778e4b-33b9-adfd-7ead-7389f93691df,a895d10b-48d6-a4b8-dc1c-61ba5b82d28f,50721269-e628-a519-53b1-711cf83e4517,Energy Meter 003,ffcba61c-41dc-0ad6-dfa0-e51a19826942,260d819a-2473-7045-7f10-1a415c5df668,Greenfield Energy Co,ActivePower,kW,6.37,2026-08-05T22:00:00.000Z
08139dd7-7180-cb64-8b72-cf36ae23f4d6,a895d10b-48d6-a4b8-dc1c-61ba5b82d28f,50721269-e628-a519-53b1-711cf83e4517,Energy Meter 003,ffcba61c-41dc-0ad6-dfa0-e51a19826942,260d819a-2473-7045-7f10-1a415c5df668,Greenfield Energy Co,PowerFactor,ratio,0.89,2026-08-05T22:00:00.000Z
02740d53-47d8-a2bf-7aa5-f69de6b46358,a895d10b-48d6-a4b8-dc1c-61ba5b82d28f,50721269-e628-a519-53b1-711cf83e4517,Energy Meter 003,ffcba61c-41dc-0ad6-dfa0-e51a19826942,260d819a-2473-7045-7f10-1a415c5df668,Greenfield Energy Co,PowerConsumption,kWh,17.06,2026-08-05T22:00:00.000Z
73d55b23-9250-6358-450c-69ec79ae06da,a895d10b-48d6-a4b8-dc1c-61ba5b82d28f,50721269-e628-a519-53b1-711cf83e4517,Energy Meter 003,ffcba61c-41dc-0ad6-dfa0-e51a19826942,260d819a-2473-7045-7f10-1a415c5df668,Greenfield Energy Co,Frequency,Hz,50.13,2026-08-05T22:00:00.000Z
c07d6cc6-5e30-babf-8670-23364d8b25b9,a1c61a8f-8730-ca9e-1ea1-0938cccffa6b,1f760f66-0ee2-5f4c-2f8f-7c6c3da709c3,HVAC Meter North,04124948-69e8-6454-6e26-34f9475d9666,260d819a-2473-7045-7f10-1a415c5df668,Greenfield Energy Co,VoltageA,V,228.24,2026-08-06T10:00:00.000Z
eae9daca-8422-f0a0-fbdc-d6e57480a450,a1c61a8f-8730-ca9e-1ea1-0938cccffa6b,1f760f66-0ee2-5f4c-2f8f-7c6c3da709c3,HVAC Meter North,04124948-69e8-6454-6e26-34f9475d9666,260d819a-2473-7045-7f10-1a415c5df668,Greenfield Energy Co,VoltageB,V,227.19,2026-08-06T10:00:00.000Z
2823e71d-1bcf-2a42-e564-2c789a7c8ad1,a1c61a8f-8730-ca9e-1ea1-0938cccffa6b,1f760f66-0ee2-5f4c-2f8f-7c6c3da709c3,HVAC Meter North,04124948-69e8-6454-6e26-34f9475d9666,260d819a-2473-7045-7f10-1a415c5df668,Greenfield Energy Co,VoltageC,V,228.99,2026-08-06T10:00:00.000Z
f5fe84a6-9088-454b-a639-44177407ee40,a1c61a8f-8730-ca9e-1ea1-0938cccffa6b,1f760f66-0ee2-5f4c-2f8f-7c6c3da709c3,HVAC Meter North,04124948-69e8-6454-6e26-34f9475d9666,260d819a-2473-7045-7f10-1a415c5df668,Greenfield Energy Co,CurrentA,A,18.47,2026-08-06T10:00:00.000Z
c6a3fc9b-d4f3-814c-c72b-f98298935c65,a1c61a8f-8730-ca9e-1ea1-0938cccffa6b,1f760f66-0ee2-5f4c-2f8f-7c6c3da709c3,HVAC Meter North,04124948-69e8-6454-6e26-34f9475d9666,260d819a-2473-7045-7f10-1a415c5df668,Greenfield Energy Co,ActivePower,kW,4.22,2026-08-06T10:00:00.000Z
c5297fd3-e8a7-c08b-5641-e3a932b6a5b3,a1c61a8f-8730-ca9e-1ea1-0938cccffa6b,1f760f66-0ee2-5f4c-2f8f-7c6c3da709c3,HVAC Meter North,04124948-69e8-6454-6e26-34f9475d9666,260d819a-2473-7045-7f10-1a415c5df668,Greenfield Energy Co,PowerFactor,ratio,0.83,2026-08-06T10:00:00.000Z
e3990e7a-1497-a089-09fc-7079c62740bb,a1c61a8f-8730-ca9e-1ea1-0938cccffa6b,1f760f66-0ee2-5f4c-2f8f-7c6c3da709c3,HVAC Meter North,04124948-69e8-6454-6e26-34f9475d9666,260d819a-2473-7045-7f10-1a415c5df668,Greenfield Energy Co,PowerConsumption,kWh,27.2,2026-08-06T10:00:00.000Z
d90a0251-6be1-e70d-6450-5bc053f9c984,a1c61a8f-8730-ca9e-1ea1-0938cccffa6b,1f760f66-0ee2-5f4c-2f8f-7c6c3da709c3,HVAC Meter North,04124948-69e8-6454-6e26-34f9475d9666,260d819a-2473-7045-7f10-1a415c5df668,Greenfield Energy Co,Frequency,Hz,49.89,2026-08-06T10:00:00.000Z
f3114ce6-55f2-4113-96ce-2a8a5c50e775,06ecec58-2beb-2a40-cd95-a229ad3a0a39,1f760f66-0ee2-5f4c-2f8f-7c6c3da709c3,HVAC Meter North,04124948-69e8-6454-6e26-34f9475d9666,260d819a-2473-7045-7f10-1a415c5df668,Greenfield Energy Co,VoltageA,V,226.31,2026-08-06T09:00:00.000Z
1429b04d-29d6-b9ab-639a-fb533b054afb,06ecec58-2beb-2a40-cd95-a229ad3a0a39,1f760f66-0ee2-5f4c-2f8f-7c6c3da709c3,HVAC Meter North,04124948-69e8-6454-6e26-34f9475d9666,260d819a-2473-7045-7f10-1a415c5df668,Greenfield Energy Co,VoltageB,V,226.14,2026-08-06T09:00:00.000Z
6b6f959a-df11-2a8f-8b13-eebe8ae94589,06ecec58-2beb-2a40-cd95-a229ad3a0a39,1f760f66-0ee2-5f4c-2f8f-7c6c3da709c3,HVAC Meter North,04124948-69e8-6454-6e26-34f9475d9666,260d819a-2473-7045-7f10-1a415c5df668,Greenfield Energy Co,VoltageC,V,227.49,2026-08-06T09:00:00.000Z
e7f0a9b3-a6bf-1734-b8bf-ec4e9453d51f,06ecec58-2beb-2a40-cd95-a229ad3a0a39,1f760f66-0ee2-5f4c-2f8f-7c6c3da709c3,HVAC Meter North,04124948-69e8-6454-6e26-34f9475d9666,260d819a-2473-7045-7f10-1a415c5df668,Greenfield Energy Co,CurrentA,A,17.88,2026-08-06T09:00:00.000Z
37a499d3-5b15-d4a7-64bf-ba339f197f8b,06ecec58-2beb-2a40-cd95-a229ad3a0a39,1f760f66-0ee2-5f4c-2f8f-7c6c3da709c3,HVAC Meter North,04124948-69e8-6454-6e26-34f9475d9666,260d819a-2473-7045-7f10-1a415c5df668,Greenfield Energy Co,ActivePower,kW,3.81,2026-08-06T09:00:00.000Z
988481bc-dc2f-f8c1-5990-8bfa98066a4b,06ecec58-2beb-2a40-cd95-a229ad3a0a39,1f760f66-0ee2-5f4c-2f8f-7c6c3da709c3,HVAC Meter North,04124948-69e8-6454-6e26-34f9475d9666,260d819a-2473-7045-7f10-1a415c5df668,Greenfield Energy Co,PowerFactor,ratio,0.82,2026-08-06T09:00:00.000Z
c2a021e5-b57e-3f1e-d0fa-eca478ffaea0,06ecec58-2beb-2a40-cd95-a229ad3a0a39,1f760f66-0ee2-5f4c-2f8f-7c6c3da709c3,HVAC Meter North,04124948-69e8-6454-6e26-34f9475d9666,260d819a-2473-7045-7f10-1a415c5df668,Greenfield Energy Co,PowerConsumption,kWh,27.28,2026-08-06T09:00:00.000Z
61dc7a29-a10b-8f5f-5859-6b2da85078f7,06ecec58-2beb-2a40-cd95-a229ad3a0a39,1f760f66-0ee2-5f4c-2f8f-7c6c3da709c3,HVAC Meter North,04124948-69e8-6454-6e26-34f9475d9666,260d819a-2473-7045-7f10-1a415c5df668,Greenfield Energy Co,Frequency,Hz,49.88,2026-08-06T09:00:00.000Z
ef1245e9-8599-5779-4c7d-39792cb9f418,552c32ec-f484-cea7-d195-ff1d00893357,1f760f66-0ee2-5f4c-2f8f-7c6c3da709c3,HVAC Meter North,04124948-69e8-6454-6e26-34f9475d9666,260d819a-2473-7045-7f10-1a415c5df668,Greenfield Energy Co,VoltageA,V,225.96,2026-08-06T08:00:00.000Z
461b1558-f185-e181-5733-c1138600938d,552c32ec-f484-cea7-d195-ff1d00893357,1f760f66-0ee2-5f4c-2f8f-7c6c3da709c3,HVAC Meter North,04124948-69e8-6454-6e26-34f9475d9666,260d819a-2473-7045-7f10-1a415c5df668,Greenfield Energy Co,VoltageB,V,224.88,2026-08-06T08:00:00.000Z
96c4b971-4c90-8917-6441-31337331113c,552c32ec-f484-cea7-d195-ff1d00893357,1f760f66-0ee2-5f4c-2f8f-7c6c3da709c3,HVAC Meter North,04124948-69e8-6454-6e26-34f9475d9666,260d819a-2473-7045-7f10-1a415c5df668,Greenfield Energy Co,VoltageC,V,227.49,2026-08-06T08:00:00.000Z
b4a65c7d-098a-a7ee-c069-82159c85e734,552c32ec-f484-cea7-d195-ff1d00893357,1f760f66-0ee2-5f4c-2f8f-7c6c3da709c3,HVAC Meter North,04124948-69e8-6454-6e26-34f9475d9666,260d819a-2473-7045-7f10-1a415c5df668,Greenfield Energy Co,CurrentA,A,16.94,2026-08-06T08:00:00.000Z
8d37c70d-9cda-5c81-59ed-df964c1e6f33,552c32ec-f484-cea7-d195-ff1d00893357,1f760f66-0ee2-5f4c-2f8f-7c6c3da709c3,HVAC Meter North,04124948-69e8-6454-6e26-34f9475d9666,260d819a-2473-7045-7f10-1a415c5df668,Greenfield Energy Co,ActivePower,kW,3.82,2026-08-06T08:00:00.000Z
2291671e-88d2-ee07-d4a3-1e03181cdacb,552c32ec-f484-cea7-d195-ff1d00893357,1f760f66-0ee2-5f4c-2f8f-7c6c3da709c3,HVAC Meter North,04124948-69e8-6454-6e26-34f9475d9666,260d819a-2473-7045-7f10-1a415c5df668,Greenfield Energy Co,PowerFactor,ratio,0.81,2026-08-06T08:00:00.000Z
4d311a6c-1935-0091-7169-eb0782fb1821,552c32ec-f484-cea7-d195-ff1d00893357,1f760f66-0ee2-5f4c-2f8f-7c6c3da709c3,HVAC Meter North,04124948-69e8-6454-6e26-34f9475d9666,260d819a-2473-7045-7f10-1a415c5df668,Greenfield Energy Co,PowerConsumption,kWh,27.36,2026-08-06T08:00:00.000Z
04761872-3f86-46ac-16fa-f0e85ea666b3,552c32ec-f484-cea7-d195-ff1d00893357,1f760f66-0ee2-5f4c-2f8f-7c6c3da709c3,HVAC Meter North,04124948-69e8-6454-6e26-34f9475d9666,260d819a-2473-7045-7f10-1a415c5df668,Greenfield Energy Co,Frequency,Hz,49.84,2026-08-06T08:00:00.000Z
9e723c27-f81e-80c9-ea7c-4376ad461b76,f03bece8-e82f-5c80-b6e0-2a985dd13979,1f760f66-0ee2-5f4c-2f8f-7c6c3da709c3,HVAC Meter North,04124948-69e8-6454-6e26-34f9475d9666,260d819a-2473-7045-7f10-1a415c5df668,Greenfield Energy Co,VoltageA,V,227.15,2026-08-06T07:00:00.000Z
41a74ab0-2857-024e-28d0-55eb3f675d02,f03bece8-e82f-5c80-b6e0-2a985dd13979,1f760f66-0ee2-5f4c-2f8f-7c6c3da709c3,HVAC Meter North,04124948-69e8-6454-6e26-34f9475d9666,260d819a-2473-7045-7f10-1a415c5df668,Greenfield Energy Co,VoltageB,V,225.3,2026-08-06T07:00:00.000Z
7890401c-ef69-6fe8-b4fa-e606f1230496,f03bece8-e82f-5c80-b6e0-2a985dd13979,1f760f66-0ee2-5f4c-2f8f-7c6c3da709c3,HVAC Meter North,04124948-69e8-6454-6e26-34f9475d9666,260d819a-2473-7045-7f10-1a415c5df668,Greenfield Energy Co,VoltageC,V,227.9,2026-08-06T07:00:00.000Z
877748e9-a693-7c08-ef3d-802fe0769cb7,f03bece8-e82f-5c80-b6e0-2a985dd13979,1f760f66-0ee2-5f4c-2f8f-7c6c3da709c3,HVAC Meter North,04124948-69e8-6454-6e26-34f9475d9666,260d819a-2473-7045-7f10-1a415c5df668,Greenfield Energy Co,CurrentA,A,16.05,2026-08-06T07:00:00.000Z
8760f031-9d90-d5f6-26b8-7c111e6d1cc7,f03bece8-e82f-5c80-b6e0-2a985dd13979,1f760f66-0ee2-5f4c-2f8f-7c6c3da709c3,HVAC Meter North,04124948-69e8-6454-6e26-34f9475d9666,260d819a-2473-7045-7f10-1a415c5df668,Greenfield Energy Co,ActivePower,kW,3.9,2026-08-06T07:00:00.000Z
1b66cebe-08a0-443a-1dfb-95ae13d71e2d,f03bece8-e82f-5c80-b6e0-2a985dd13979,1f760f66-0ee2-5f4c-2f8f-7c6c3da709c3,HVAC Meter North,04124948-69e8-6454-6e26-34f9475d9666,260d819a-2473-7045-7f10-1a415c5df668,Greenfield Energy Co,PowerFactor,ratio,0.81,2026-08-06T07:00:00.000Z
29b6e9b2-3314-d68e-2fcf-c9877e44b4e5,f03bece8-e82f-5c80-b6e0-2a985dd13979,1f760f66-0ee2-5f4c-2f8f-7c6c3da709c3,HVAC Meter North,04124948-69e8-6454-6e26-34f9475d9666,260d819a-2473-7045-7f10-1a415c5df668,Greenfield Energy Co,PowerConsumption,kWh,27.44,2026-08-06T07:00:00.000Z
9ff56b86-f9b3-b570-5875-6d19b965a579,f03bece8-e82f-5c80-b6e0-2a985dd13979,1f760f66-0ee2-5f4c-2f8f-7c6c3da709c3,HVAC Meter North,04124948-69e8-6454-6e26-34f9475d9666,260d819a-2473-7045-7f10-1a415c5df668,Greenfield Energy Co,Frequency,Hz,49.85,2026-08-06T07:00:00.000Z
70f000ce-f9c3-a050-838d-9bfa6c3b68ae,2307d71c-9d07-997a-1353-c54871278c1a,1f760f66-0ee2-5f4c-2f8f-7c6c3da709c3,HVAC Meter North,04124948-69e8-6454-6e26-34f9475d9666,260d819a-2473-7045-7f10-1a415c5df668,Greenfield Energy Co,VoltageA,V,226.98,2026-08-06T06:00:00.000Z
a40bd969-a9f3-5673-276f-5a4f2a67beea,2307d71c-9d07-997a-1353-c54871278c1a,1f760f66-0ee2-5f4c-2f8f-7c6c3da709c3,HVAC Meter North,04124948-69e8-6454-6e26-34f9475d9666,260d819a-2473-7045-7f10-1a415c5df668,Greenfield Energy Co,VoltageB,V,226.69,2026-08-06T06:00:00.000Z
e9e3b514-da0f-3939-9837-3a807e676055,2307d71c-9d07-997a-1353-c54871278c1a,1f760f66-0ee2-5f4c-2f8f-7c6c3da709c3,HVAC Meter North,04124948-69e8-6454-6e26-34f9475d9666,260d819a-2473-7045-7f10-1a415c5df668,Greenfield Energy Co,VoltageC,V,228.58,2026-08-06T06:00:00.000Z
634e4a6f-3c83-2818-79b0-f125ee21a383,2307d71c-9d07-997a-1353-c54871278c1a,1f760f66-0ee2-5f4c-2f8f-7c6c3da709c3,HVAC Meter North,04124948-69e8-6454-6e26-34f9475d9666,260d819a-2473-7045-7f10-1a415c5df668,Greenfield Energy Co,CurrentA,A,17.49,2026-08-06T06:00:00.000Z
cd08b69c-0733-111f-99db-f3b74d501426,2307d71c-9d07-997a-1353-c54871278c1a,1f760f66-0ee2-5f4c-2f8f-7c6c3da709c3,HVAC Meter North,04124948-69e8-6454-6e26-34f9475d9666,260d819a-2473-7045-7f10-1a415c5df668,Greenfield Energy Co,ActivePower,kW,4.04,2026-08-06T06:00:00.000Z
14bd06a0-cb12-441d-6b88-dbc1676576ef,2307d71c-9d07-997a-1353-c54871278c1a,1f760f66-0ee2-5f4c-2f8f-7c6c3da709c3,HVAC Meter North,04124948-69e8-6454-6e26-34f9475d9666,260d819a-2473-7045-7f10-1a415c5df668,Greenfield Energy Co,PowerFactor,ratio,0.82,2026-08-06T06:00:00.000Z
857dc5c3-c401-bcb8-3c4d-6780245eefcc,2307d71c-9d07-997a-1353-c54871278c1a,1f760f66-0ee2-5f4c-2f8f-7c6c3da709c3,HVAC Meter North,04124948-69e8-6454-6e26-34f9475d9666,260d819a-2473-7045-7f10-1a415c5df668,Greenfield Energy Co,PowerConsumption,kWh,27.52,2026-08-06T06:00:00.000Z
1b9e653c-fbd6-9739-a932-88b8bd263ee4,2307d71c-9d07-997a-1353-c54871278c1a,1f760f66-0ee2-5f4c-2f8f-7c6c3da709c3,HVAC Meter North,04124948-69e8-6454-6e26-34f9475d9666,260d819a-2473-7045-7f10-1a415c5df668,Greenfield Energy Co,Frequency,Hz,49.86,2026-08-06T06:00:00.000Z
4547bba4-91ae-9232-a8be-3ae00a46e8ba,8c9319b8-8202-cbd8-dcbd-3ff4deb673c1,1f760f66-0ee2-5f4c-2f8f-7c6c3da709c3,HVAC Meter North,04124948-69e8-6454-6e26-34f9475d9666,260d819a-2473-7045-7f10-1a415c5df668,Greenfield Energy Co,VoltageA,V,227.81,2026-08-06T05:00:00.000Z
149b1d1c-bb53-7af9-c3e2-5a8f631ff248,8c9319b8-8202-cbd8-dcbd-3ff4deb673c1,1f760f66-0ee2-5f4c-2f8f-7c6c3da709c3,HVAC Meter North,04124948-69e8-6454-6e26-34f9475d9666,260d819a-2473-7045-7f10-1a415c5df668,Greenfield Energy Co,VoltageB,V,227.81,2026-08-06T05:00:00.000Z
651ba99c-8777-3f64-6879-4db5fdb59514,8c9319b8-8202-cbd8-dcbd-3ff4deb673c1,1f760f66-0ee2-5f4c-2f8f-7c6c3da709c3,HVAC Meter North,04124948-69e8-6454-6e26-34f9475d9666,260d819a-2473-7045-7f10-1a415c5df668,Greenfield Energy Co,VoltageC,V,229.38,2026-08-06T05:00:00.000Z
537edde4-b196-f15a-0f6e-5f7c112bc117,8c9319b8-8202-cbd8-dcbd-3ff4deb673c1,1f760f66-0ee2-5f4c-2f8f-7c6c3da709c3,HVAC Meter North,04124948-69e8-6454-6e26-34f9475d9666,260d819a-2473-7045-7f10-1a415c5df668,Greenfield Energy Co,CurrentA,A,19.89,2026-08-06T05:00:00.000Z
e9a67c31-c0cf-bb06-c66c-634311fc004e,8c9319b8-8202-cbd8-dcbd-3ff4deb673c1,1f760f66-0ee2-5f4c-2f8f-7c6c3da709c3,HVAC Meter North,04124948-69e8-6454-6e26-34f9475d9666,260d819a-2473-7045-7f10-1a415c5df668,Greenfield Energy Co,ActivePower,kW,4.56,2026-08-06T05:00:00.000Z
4dc610c4-77c2-44e8-a48d-6e22bda471d3,8c9319b8-8202-cbd8-dcbd-3ff4deb673c1,1f760f66-0ee2-5f4c-2f8f-7c6c3da709c3,HVAC Meter North,04124948-69e8-6454-6e26-34f9475d9666,260d819a-2473-7045-7f10-1a415c5df668,Greenfield Energy Co,PowerFactor,ratio,0.84,2026-08-06T05:00:00.000Z
e244eabc-c389-a00f-d200-730aef540480,8c9319b8-8202-cbd8-dcbd-3ff4deb673c1,1f760f66-0ee2-5f4c-2f8f-7c6c3da709c3,HVAC Meter North,04124948-69e8-6454-6e26-34f9475d9666,260d819a-2473-7045-7f10-1a415c5df668,Greenfield Energy Co,PowerConsumption,kWh,27.6,2026-08-06T05:00:00.000Z
395512f9-9a8b-5347-0a1c-88abea206590,8c9319b8-8202-cbd8-dcbd-3ff4deb673c1,1f760f66-0ee2-5f4c-2f8f-7c6c3da709c3,HVAC Meter North,04124948-69e8-6454-6e26-34f9475d9666,260d819a-2473-7045-7f10-1a415c5df668,Greenfield Energy Co,Frequency,Hz,49.95,2026-08-06T05:00:00.000Z
7db0276e-6df7-8de5-9c71-f3fe6b120502,57d21ed7-f413-c055-4df0-b4399bbc6c91,1f760f66-0ee2-5f4c-2f8f-7c6c3da709c3,HVAC Meter North,04124948-69e8-6454-6e26-34f9475d9666,260d819a-2473-7045-7f10-1a415c5df668,Greenfield Energy Co,VoltageA,V,229.29,2026-08-06T04:00:00.000Z
1c373dec-90b5-3d83-d6dd-1e7a9689714f,57d21ed7-f413-c055-4df0-b4399bbc6c91,1f760f66-0ee2-5f4c-2f8f-7c6c3da709c3,HVAC Meter North,04124948-69e8-6454-6e26-34f9475d9666,260d819a-2473-7045-7f10-1a415c5df668,Greenfield Energy Co,VoltageB,V,228.64,2026-08-06T04:00:00.000Z
4622a724-0779-dc4a-611b-45f7abd3f65c,57d21ed7-f413-c055-4df0-b4399bbc6c91,1f760f66-0ee2-5f4c-2f8f-7c6c3da709c3,HVAC Meter North,04124948-69e8-6454-6e26-34f9475d9666,260d819a-2473-7045-7f10-1a415c5df668,Greenfield Energy Co,VoltageC,V,230.72,2026-08-06T04:00:00.000Z
cb7334bf-2b86-1cf9-acbd-d106bc88f883,57d21ed7-f413-c055-4df0-b4399bbc6c91,1f760f66-0ee2-5f4c-2f8f-7c6c3da709c3,HVAC Meter North,04124948-69e8-6454-6e26-34f9475d9666,260d819a-2473-7045-7f10-1a415c5df668,Greenfield Energy Co,CurrentA,A,21.82,2026-08-06T04:00:00.000Z
c139dc4f-5060-1f3b-32a0-143b5a28a585,57d21ed7-f413-c055-4df0-b4399bbc6c91,1f760f66-0ee2-5f4c-2f8f-7c6c3da709c3,HVAC Meter North,04124948-69e8-6454-6e26-34f9475d9666,260d819a-2473-7045-7f10-1a415c5df668,Greenfield Energy Co,ActivePower,kW,5.08,2026-08-06T04:00:00.000Z
b031283f-279a-c956-2d21-3761acd08558,57d21ed7-f413-c055-4df0-b4399bbc6c91,1f760f66-0ee2-5f4c-2f8f-7c6c3da709c3,HVAC Meter North,04124948-69e8-6454-6e26-34f9475d9666,260d819a-2473-7045-7f10-1a415c5df668,Greenfield Energy Co,PowerFactor,ratio,0.85,2026-08-06T04:00:00.000Z
532f20ca-cd48-368e-f6e1-0a3ba1d62e05,57d21ed7-f413-c055-4df0-b4399bbc6c91,1f760f66-0ee2-5f4c-2f8f-7c6c3da709c3,HVAC Meter North,04124948-69e8-6454-6e26-34f9475d9666,260d819a-2473-7045-7f10-1a415c5df668,Greenfield Energy Co,PowerConsumption,kWh,27.68,2026-08-06T04:00:00.000Z
af91f95c-5961-b545-7a66-e9b64cc74594,57d21ed7-f413-c055-4df0-b4399bbc6c91,1f760f66-0ee2-5f4c-2f8f-7c6c3da709c3,HVAC Meter North,04124948-69e8-6454-6e26-34f9475d9666,260d819a-2473-7045-7f10-1a415c5df668,Greenfield Energy Co,Frequency,Hz,50.01,2026-08-06T04:00:00.000Z
df82a6c3-6da6-d1e3-a60d-ee806ad6392a,ba3fa586-6fe7-adef-e5ab-92c28995684c,1f760f66-0ee2-5f4c-2f8f-7c6c3da709c3,HVAC Meter North,04124948-69e8-6454-6e26-34f9475d9666,260d819a-2473-7045-7f10-1a415c5df668,Greenfield Energy Co,VoltageA,V,232.19,2026-08-06T02:00:00.000Z
c868b246-d33e-3e8e-c158-2652aa358a7a,ba3fa586-6fe7-adef-e5ab-92c28995684c,1f760f66-0ee2-5f4c-2f8f-7c6c3da709c3,HVAC Meter North,04124948-69e8-6454-6e26-34f9475d9666,260d819a-2473-7045-7f10-1a415c5df668,Greenfield Energy Co,VoltageB,V,231.5,2026-08-06T02:00:00.000Z
48dd2862-b338-4a91-8948-b4c64f9fb640,ba3fa586-6fe7-adef-e5ab-92c28995684c,1f760f66-0ee2-5f4c-2f8f-7c6c3da709c3,HVAC Meter North,04124948-69e8-6454-6e26-34f9475d9666,260d819a-2473-7045-7f10-1a415c5df668,Greenfield Energy Co,VoltageC,V,232.91,2026-08-06T02:00:00.000Z
02332cac-695f-1ba6-6e1b-c057d171e834,ba3fa586-6fe7-adef-e5ab-92c28995684c,1f760f66-0ee2-5f4c-2f8f-7c6c3da709c3,HVAC Meter North,04124948-69e8-6454-6e26-34f9475d9666,260d819a-2473-7045-7f10-1a415c5df668,Greenfield Energy Co,CurrentA,A,26.42,2026-08-06T02:00:00.000Z
cb82ff62-80a3-9e13-30ff-205d3bdfe997,ba3fa586-6fe7-adef-e5ab-92c28995684c,1f760f66-0ee2-5f4c-2f8f-7c6c3da709c3,HVAC Meter North,04124948-69e8-6454-6e26-34f9475d9666,260d819a-2473-7045-7f10-1a415c5df668,Greenfield Energy Co,ActivePower,kW,6.03,2026-08-06T02:00:00.000Z
f1a3edc4-d209-10c5-a429-c2bbf9e3b571,ba3fa586-6fe7-adef-e5ab-92c28995684c,1f760f66-0ee2-5f4c-2f8f-7c6c3da709c3,HVAC Meter North,04124948-69e8-6454-6e26-34f9475d9666,260d819a-2473-7045-7f10-1a415c5df668,Greenfield Energy Co,PowerFactor,ratio,0.88,2026-08-06T02:00:00.000Z
d0f01255-7057-bff6-0681-783c179c1b55,ba3fa586-6fe7-adef-e5ab-92c28995684c,1f760f66-0ee2-5f4c-2f8f-7c6c3da709c3,HVAC Meter North,04124948-69e8-6454-6e26-34f9475d9666,260d819a-2473-7045-7f10-1a415c5df668,Greenfield Energy Co,PowerConsumption,kWh,27.84,2026-08-06T02:00:00.000Z
738b22a9-13e2-8b46-9505-0f60cd6384b1,ba3fa586-6fe7-adef-e5ab-92c28995684c,1f760f66-0ee2-5f4c-2f8f-7c6c3da709c3,HVAC Meter North,04124948-69e8-6454-6e26-34f9475d9666,260d819a-2473-7045-7f10-1a415c5df668,Greenfield Energy Co,Frequency,Hz,50.12,2026-08-06T02:00:00.000Z
769cce6e-f5c4-3974-afeb-4e46028a98e0,5ae2a4c0-e990-585b-cb7a-96cab2470fd8,1f760f66-0ee2-5f4c-2f8f-7c6c3da709c3,HVAC Meter North,04124948-69e8-6454-6e26-34f9475d9666,260d819a-2473-7045-7f10-1a415c5df668,Greenfield Energy Co,VoltageA,V,233.86,2026-08-06T00:00:00.000Z
94a00cd5-e658-0399-7411-edd75d9e22bb,5ae2a4c0-e990-585b-cb7a-96cab2470fd8,1f760f66-0ee2-5f4c-2f8f-7c6c3da709c3,HVAC Meter North,04124948-69e8-6454-6e26-34f9475d9666,260d819a-2473-7045-7f10-1a415c5df668,Greenfield Energy Co,VoltageB,V,232.77,2026-08-06T00:00:00.000Z
ff5cdacc-d652-c8c5-dedd-f222b2b4a371,5ae2a4c0-e990-585b-cb7a-96cab2470fd8,1f760f66-0ee2-5f4c-2f8f-7c6c3da709c3,HVAC Meter North,04124948-69e8-6454-6e26-34f9475d9666,260d819a-2473-7045-7f10-1a415c5df668,Greenfield Energy Co,VoltageC,V,234.49,2026-08-06T00:00:00.000Z
d6b7d893-0084-c962-214c-89d96a315818,5ae2a4c0-e990-585b-cb7a-96cab2470fd8,1f760f66-0ee2-5f4c-2f8f-7c6c3da709c3,HVAC Meter North,04124948-69e8-6454-6e26-34f9475d9666,260d819a-2473-7045-7f10-1a415c5df668,Greenfield Energy Co,CurrentA,A,29.03,2026-08-06T00:00:00.000Z
65bd4bbd-b5a5-d4a1-63a4-bd7b522336ad,5ae2a4c0-e990-585b-cb7a-96cab2470fd8,1f760f66-0ee2-5f4c-2f8f-7c6c3da709c3,HVAC Meter North,04124948-69e8-6454-6e26-34f9475d9666,260d819a-2473-7045-7f10-1a415c5df668,Greenfield Energy Co,ActivePower,kW,6.15,2026-08-06T00:00:00.000Z
29540af6-1d3d-0f01-0ea0-165864ebea79,5ae2a4c0-e990-585b-cb7a-96cab2470fd8,1f760f66-0ee2-5f4c-2f8f-7c6c3da709c3,HVAC Meter North,04124948-69e8-6454-6e26-34f9475d9666,260d819a-2473-7045-7f10-1a415c5df668,Greenfield Energy Co,PowerFactor,ratio,0.89,2026-08-06T00:00:00.000Z
4c652179-3dd0-7271-4f22-f9954a7b67be,5ae2a4c0-e990-585b-cb7a-96cab2470fd8,1f760f66-0ee2-5f4c-2f8f-7c6c3da709c3,HVAC Meter North,04124948-69e8-6454-6e26-34f9475d9666,260d819a-2473-7045-7f10-1a415c5df668,Greenfield Energy Co,PowerConsumption,kWh,28,2026-08-06T00:00:00.000Z
2fdd12bf-f487-bb58-b6ec-8fe27dd3d7d2,5ae2a4c0-e990-585b-cb7a-96cab2470fd8,1f760f66-0ee2-5f4c-2f8f-7c6c3da709c3,HVAC Meter North,04124948-69e8-6454-6e26-34f9475d9666,260d819a-2473-7045-7f10-1a415c5df668,Greenfield Energy Co,Frequency,Hz,50.16,2026-08-06T00:00:00.000Z
97e1b459-c224-a5d1-6e16-23d81cc05206,12eed38b-72d9-cf97-533d-7eac40fe3740,1f760f66-0ee2-5f4c-2f8f-7c6c3da709c3,HVAC Meter North,04124948-69e8-6454-6e26-34f9475d9666,260d819a-2473-7045-7f10-1a415c5df668,Greenfield Energy Co,VoltageA,V,232.54,2026-08-05T22:00:00.000Z
24b813cf-16b0-e91a-a64c-fac835ca81b2,12eed38b-72d9-cf97-533d-7eac40fe3740,1f760f66-0ee2-5f4c-2f8f-7c6c3da709c3,HVAC Meter North,04124948-69e8-6454-6e26-34f9475d9666,260d819a-2473-7045-7f10-1a415c5df668,Greenfield Energy Co,VoltageB,V,231.23,2026-08-05T22:00:00.000Z
7b39d2fe-262a-fc63-ac29-16196ef3967b,12eed38b-72d9-cf97-533d-7eac40fe3740,1f760f66-0ee2-5f4c-2f8f-7c6c3da709c3,HVAC Meter North,04124948-69e8-6454-6e26-34f9475d9666,260d819a-2473-7045-7f10-1a415c5df668,Greenfield Energy Co,VoltageC,V,233.11,2026-08-05T22:00:00.000Z
066d50b9-a021-5cdf-9048-6de7d7b5bf1c,12eed38b-72d9-cf97-533d-7eac40fe3740,1f760f66-0ee2-5f4c-2f8f-7c6c3da709c3,HVAC Meter North,04124948-69e8-6454-6e26-34f9475d9666,260d819a-2473-7045-7f10-1a415c5df668,Greenfield Energy Co,CurrentA,A,27.94,2026-08-05T22:00:00.000Z
bbaccac2-247c-a91b-dd70-57b309711203,12eed38b-72d9-cf97-533d-7eac40fe3740,1f760f66-0ee2-5f4c-2f8f-7c6c3da709c3,HVAC Meter North,04124948-69e8-6454-6e26-34f9475d9666,260d819a-2473-7045-7f10-1a415c5df668,Greenfield Energy Co,ActivePower,kW,6.02,2026-08-05T22:00:00.000Z
a4a296a1-34e1-4f8c-06d2-f71093d7d81b,12eed38b-72d9-cf97-533d-7eac40fe3740,1f760f66-0ee2-5f4c-2f8f-7c6c3da709c3,HVAC Meter North,04124948-69e8-6454-6e26-34f9475d9666,260d819a-2473-7045-7f10-1a415c5df668,Greenfield Energy Co,PowerFactor,ratio,0.88,2026-08-05T22:00:00.000Z
184d9889-2d22-d4bb-b8da-b1cac04eb33a,12eed38b-72d9-cf97-533d-7eac40fe3740,1f760f66-0ee2-5f4c-2f8f-7c6c3da709c3,HVAC Meter North,04124948-69e8-6454-6e26-34f9475d9666,260d819a-2473-7045-7f10-1a415c5df668,Greenfield Energy Co,PowerConsumption,kWh,28.16,2026-08-05T22:00:00.000Z
f518ff09-5fe7-dacd-1aa9-4bafe839e11b,12eed38b-72d9-cf97-533d-7eac40fe3740,1f760f66-0ee2-5f4c-2f8f-7c6c3da709c3,HVAC Meter North,04124948-69e8-6454-6e26-34f9475d9666,260d819a-2473-7045-7f10-1a415c5df668,Greenfield Energy Co,Frequency,Hz,50.09,2026-08-05T22:00:00.000Z
fc8bef9b-74ea-fcf4-d74e-a76c6f06b892,23d7fa75-bf21-cab8-4dc3-9eac9d37c7a7,5740cbe5-bac2-1d22-7f9c-e298a8ffc9b8,Press Line Meter A,34f8b660-eb91-a585-124f-772b134bc402,31a45db8-ceab-bc59-3d5b-7ca528c2c637,Riverdale Manufacturing,VoltageA,V,233.53,2026-08-06T10:00:00.000Z
0b68900b-6d2b-547d-2ed1-4d555b2f4eb2,23d7fa75-bf21-cab8-4dc3-9eac9d37c7a7,5740cbe5-bac2-1d22-7f9c-e298a8ffc9b8,Press Line Meter A,34f8b660-eb91-a585-124f-772b134bc402,31a45db8-ceab-bc59-3d5b-7ca528c2c637,Riverdale Manufacturing,VoltageB,V,231.57,2026-08-06T10:00:00.000Z
2527e6bd-29a1-28e1-e3cc-b70bed1e510f,23d7fa75-bf21-cab8-4dc3-9eac9d37c7a7,5740cbe5-bac2-1d22-7f9c-e298a8ffc9b8,Press Line Meter A,34f8b660-eb91-a585-124f-772b134bc402,31a45db8-ceab-bc59-3d5b-7ca528c2c637,Riverdale Manufacturing,VoltageC,V,234.66,2026-08-06T10:00:00.000Z
802d07f7-5131-398a-ef31-ad1760b5a480,23d7fa75-bf21-cab8-4dc3-9eac9d37c7a7,5740cbe5-bac2-1d22-7f9c-e298a8ffc9b8,Press Line Meter A,34f8b660-eb91-a585-124f-772b134bc402,31a45db8-ceab-bc59-3d5b-7ca528c2c637,Riverdale Manufacturing,CurrentA,A,29.15,2026-08-06T10:00:00.000Z
300ef624-7281-5177-b7c7-1878e428ab91,23d7fa75-bf21-cab8-4dc3-9eac9d37c7a7,5740cbe5-bac2-1d22-7f9c-e298a8ffc9b8,Press Line Meter A,34f8b660-eb91-a585-124f-772b134bc402,31a45db8-ceab-bc59-3d5b-7ca528c2c637,Riverdale Manufacturing,ActivePower,kW,6.33,2026-08-06T10:00:00.000Z
afc056ee-c94e-bfd7-dc7a-994d2d8bcfcb,23d7fa75-bf21-cab8-4dc3-9eac9d37c7a7,5740cbe5-bac2-1d22-7f9c-e298a8ffc9b8,Press Line Meter A,34f8b660-eb91-a585-124f-772b134bc402,31a45db8-ceab-bc59-3d5b-7ca528c2c637,Riverdale Manufacturing,PowerFactor,ratio,0.89,2026-08-06T10:00:00.000Z
0026fe00-5187-f5a9-8cf7-e3194099261c,23d7fa75-bf21-cab8-4dc3-9eac9d37c7a7,5740cbe5-bac2-1d22-7f9c-e298a8ffc9b8,Press Line Meter A,34f8b660-eb91-a585-124f-772b134bc402,31a45db8-ceab-bc59-3d5b-7ca528c2c637,Riverdale Manufacturing,PowerConsumption,kWh,30.9,2026-08-06T10:00:00.000Z
e8ac9a56-2e78-a18a-5ae8-1ca61571b5df,23d7fa75-bf21-cab8-4dc3-9eac9d37c7a7,5740cbe5-bac2-1d22-7f9c-e298a8ffc9b8,Press Line Meter A,34f8b660-eb91-a585-124f-772b134bc402,31a45db8-ceab-bc59-3d5b-7ca528c2c637,Riverdale Manufacturing,Frequency,Hz,50.12,2026-08-06T10:00:00.000Z
30a2bf12-83eb-434f-12ed-e5439759b528,6a55f54f-99a8-bf1c-f2c6-3ba8db079bbb,5740cbe5-bac2-1d22-7f9c-e298a8ffc9b8,Press Line Meter A,34f8b660-eb91-a585-124f-772b134bc402,31a45db8-ceab-bc59-3d5b-7ca528c2c637,Riverdale Manufacturing,VoltageA,V,232.22,2026-08-06T09:00:00.000Z
f10e19c2-6544-62f0-9aa0-972c2f0647a9,6a55f54f-99a8-bf1c-f2c6-3ba8db079bbb,5740cbe5-bac2-1d22-7f9c-e298a8ffc9b8,Press Line Meter A,34f8b660-eb91-a585-124f-772b134bc402,31a45db8-ceab-bc59-3d5b-7ca528c2c637,Riverdale Manufacturing,VoltageB,V,230.68,2026-08-06T09:00:00.000Z
58087728-160f-6d85-e8bc-01499cb957e7,6a55f54f-99a8-bf1c-f2c6-3ba8db079bbb,5740cbe5-bac2-1d22-7f9c-e298a8ffc9b8,Press Line Meter A,34f8b660-eb91-a585-124f-772b134bc402,31a45db8-ceab-bc59-3d5b-7ca528c2c637,Riverdale Manufacturing,VoltageC,V,233.2,2026-08-06T09:00:00.000Z
dc4d6917-2d1a-fc61-4306-61748ec7626b,6a55f54f-99a8-bf1c-f2c6-3ba8db079bbb,5740cbe5-bac2-1d22-7f9c-e298a8ffc9b8,Press Line Meter A,34f8b660-eb91-a585-124f-772b134bc402,31a45db8-ceab-bc59-3d5b-7ca528c2c637,Riverdale Manufacturing,CurrentA,A,27.2,2026-08-06T09:00:00.000Z
4faa718f-4d8d-504d-afb0-eb8e2159da1d,6a55f54f-99a8-bf1c-f2c6-3ba8db079bbb,5740cbe5-bac2-1d22-7f9c-e298a8ffc9b8,Press Line Meter A,34f8b660-eb91-a585-124f-772b134bc402,31a45db8-ceab-bc59-3d5b-7ca528c2c637,Riverdale Manufacturing,ActivePower,kW,5.88,2026-08-06T09:00:00.000Z
20e3c0e8-54ee-0e58-4ced-6efc60f42528,6a55f54f-99a8-bf1c-f2c6-3ba8db079bbb,5740cbe5-bac2-1d22-7f9c-e298a8ffc9b8,Press Line Meter A,34f8b660-eb91-a585-124f-772b134bc402,31a45db8-ceab-bc59-3d5b-7ca528c2c637,Riverdale Manufacturing,PowerFactor,ratio,0.88,2026-08-06T09:00:00.000Z
e364cb83-1695-7ff9-efc4-7c0d4de93819,6a55f54f-99a8-bf1c-f2c6-3ba8db079bbb,5740cbe5-bac2-1d22-7f9c-e298a8ffc9b8,Press Line Meter A,34f8b660-eb91-a585-124f-772b134bc402,31a45db8-ceab-bc59-3d5b-7ca528c2c637,Riverdale Manufacturing,PowerConsumption,kWh,30.98,2026-08-06T09:00:00.000Z
c9052fd1-5c1b-945b-fa7e-a4f9b463b728,6a55f54f-99a8-bf1c-f2c6-3ba8db079bbb,5740cbe5-bac2-1d22-7f9c-e298a8ffc9b8,Press Line Meter A,34f8b660-eb91-a585-124f-772b134bc402,31a45db8-ceab-bc59-3d5b-7ca528c2c637,Riverdale Manufacturing,Frequency,Hz,50.07,2026-08-06T09:00:00.000Z
4abd5631-f43e-0ec0-67bb-7bbc45ed86b6,4e167a41-7257-8527-f865-730afb5c84c6,5740cbe5-bac2-1d22-7f9c-e298a8ffc9b8,Press Line Meter A,34f8b660-eb91-a585-124f-772b134bc402,31a45db8-ceab-bc59-3d5b-7ca528c2c637,Riverdale Manufacturing,VoltageA,V,230.97,2026-08-06T08:00:00.000Z
5ca6cdf0-c8b5-d3c7-7d7e-28dda3e10a82,4e167a41-7257-8527-f865-730afb5c84c6,5740cbe5-bac2-1d22-7f9c-e298a8ffc9b8,Press Line Meter A,34f8b660-eb91-a585-124f-772b134bc402,31a45db8-ceab-bc59-3d5b-7ca528c2c637,Riverdale Manufacturing,VoltageB,V,229.93,2026-08-06T08:00:00.000Z
abdc96c1-aef1-e3d8-9beb-1090b47b188e,4e167a41-7257-8527-f865-730afb5c84c6,5740cbe5-bac2-1d22-7f9c-e298a8ffc9b8,Press Line Meter A,34f8b660-eb91-a585-124f-772b134bc402,31a45db8-ceab-bc59-3d5b-7ca528c2c637,Riverdale Manufacturing,VoltageC,V,232.32,2026-08-06T08:00:00.000Z
2cd1b141-4ca0-0810-deef-e3ac33795995,4e167a41-7257-8527-f865-730afb5c84c6,5740cbe5-bac2-1d22-7f9c-e298a8ffc9b8,Press Line Meter A,34f8b660-eb91-a585-124f-772b134bc402,31a45db8-ceab-bc59-3d5b-7ca528c2c637,Riverdale Manufacturing,CurrentA,A,25.45,2026-08-06T08:00:00.000Z
b179b7c0-eb6d-7637-428c-30f06b7c3495,4e167a41-7257-8527-f865-730afb5c84c6,5740cbe5-bac2-1d22-7f9c-e298a8ffc9b8,Press Line Meter A,34f8b660-eb91-a585-124f-772b134bc402,31a45db8-ceab-bc59-3d5b-7ca528c2c637,Riverdale Manufacturing,ActivePower,kW,5.23,2026-08-06T08:00:00.000Z
041a7264-0b57-dde7-ff06-51cef6eb0787,4e167a41-7257-8527-f865-730afb5c84c6,5740cbe5-bac2-1d22-7f9c-e298a8ffc9b8,Press Line Meter A,34f8b660-eb91-a585-124f-772b134bc402,31a45db8-ceab-bc59-3d5b-7ca528c2c637,Riverdale Manufacturing,PowerFactor,ratio,0.86,2026-08-06T08:00:00.000Z
5cd9b9f3-3d69-9c6f-8b14-1149097ed10c,4e167a41-7257-8527-f865-730afb5c84c6,5740cbe5-bac2-1d22-7f9c-e298a8ffc9b8,Press Line Meter A,34f8b660-eb91-a585-124f-772b134bc402,31a45db8-ceab-bc59-3d5b-7ca528c2c637,Riverdale Manufacturing,PowerConsumption,kWh,31.06,2026-08-06T08:00:00.000Z
bd644073-2755-e868-abac-2df792efe7a0,4e167a41-7257-8527-f865-730afb5c84c6,5740cbe5-bac2-1d22-7f9c-e298a8ffc9b8,Press Line Meter A,34f8b660-eb91-a585-124f-772b134bc402,31a45db8-ceab-bc59-3d5b-7ca528c2c637,Riverdale Manufacturing,Frequency,Hz,50.03,2026-08-06T08:00:00.000Z
485d5d8b-f85e-0331-22f3-c85ab6a4f451,dd32d1f3-ef98-894a-8990-c7d5aa621248,5740cbe5-bac2-1d22-7f9c-e298a8ffc9b8,Press Line Meter A,34f8b660-eb91-a585-124f-772b134bc402,31a45db8-ceab-bc59-3d5b-7ca528c2c637,Riverdale Manufacturing,VoltageA,V,229.83,2026-08-06T07:00:00.000Z
dfd3c332-96a9-d85b-2b1d-93dd4d9963a7,dd32d1f3-ef98-894a-8990-c7d5aa621248,5740cbe5-bac2-1d22-7f9c-e298a8ffc9b8,Press Line Meter A,34f8b660-eb91-a585-124f-772b134bc402,31a45db8-ceab-bc59-3d5b-7ca528c2c637,Riverdale Manufacturing,VoltageB,V,228.86,2026-08-06T07:00:00.000Z
273ffcd4-e6b1-241a-ddc5-20c9622b98cb,dd32d1f3-ef98-894a-8990-c7d5aa621248,5740cbe5-bac2-1d22-7f9c-e298a8ffc9b8,Press Line Meter A,34f8b660-eb91-a585-124f-772b134bc402,31a45db8-ceab-bc59-3d5b-7ca528c2c637,Riverdale Manufacturing,VoltageC,V,230.55,2026-08-06T07:00:00.000Z
b8504ea7-1efe-99d9-4bf3-179d590a9844,dd32d1f3-ef98-894a-8990-c7d5aa621248,5740cbe5-bac2-1d22-7f9c-e298a8ffc9b8,Press Line Meter A,34f8b660-eb91-a585-124f-772b134bc402,31a45db8-ceab-bc59-3d5b-7ca528c2c637,Riverdale Manufacturing,CurrentA,A,22.12,2026-08-06T07:00:00.000Z
9321df91-b289-ac32-c9c2-2d8df5e120c3,dd32d1f3-ef98-894a-8990-c7d5aa621248,5740cbe5-bac2-1d22-7f9c-e298a8ffc9b8,Press Line Meter A,34f8b660-eb91-a585-124f-772b134bc402,31a45db8-ceab-bc59-3d5b-7ca528c2c637,Riverdale Manufacturing,ActivePower,kW,4.7,2026-08-06T07:00:00.000Z
534af1c0-e40f-1913-7d52-8e69436a9947,dd32d1f3-ef98-894a-8990-c7d5aa621248,5740cbe5-bac2-1d22-7f9c-e298a8ffc9b8,Press Line Meter A,34f8b660-eb91-a585-124f-772b134bc402,31a45db8-ceab-bc59-3d5b-7ca528c2c637,Riverdale Manufacturing,PowerFactor,ratio,0.85,2026-08-06T07:00:00.000Z
f6ce21bf-2e0d-e0e7-b905-f35dac8d56eb,dd32d1f3-ef98-894a-8990-c7d5aa621248,5740cbe5-bac2-1d22-7f9c-e298a8ffc9b8,Press Line Meter A,34f8b660-eb91-a585-124f-772b134bc402,31a45db8-ceab-bc59-3d5b-7ca528c2c637,Riverdale Manufacturing,PowerConsumption,kWh,31.14,2026-08-06T07:00:00.000Z
0d63a2e6-0090-58ba-3417-b010eccea188,dd32d1f3-ef98-894a-8990-c7d5aa621248,5740cbe5-bac2-1d22-7f9c-e298a8ffc9b8,Press Line Meter A,34f8b660-eb91-a585-124f-772b134bc402,31a45db8-ceab-bc59-3d5b-7ca528c2c637,Riverdale Manufacturing,Frequency,Hz,49.99,2026-08-06T07:00:00.000Z
1aec1247-d74d-5197-7edd-611d3ff510b0,c792a5bb-4c4d-5952-4f6d-8a209d46d40e,5740cbe5-bac2-1d22-7f9c-e298a8ffc9b8,Press Line Meter A,34f8b660-eb91-a585-124f-772b134bc402,31a45db8-ceab-bc59-3d5b-7ca528c2c637,Riverdale Manufacturing,VoltageA,V,228.4,2026-08-06T06:00:00.000Z
35de185e-e2b0-75f3-b16f-d008f4f942f4,c792a5bb-4c4d-5952-4f6d-8a209d46d40e,5740cbe5-bac2-1d22-7f9c-e298a8ffc9b8,Press Line Meter A,34f8b660-eb91-a585-124f-772b134bc402,31a45db8-ceab-bc59-3d5b-7ca528c2c637,Riverdale Manufacturing,VoltageB,V,227.37,2026-08-06T06:00:00.000Z
bf7424d7-3784-1704-6aab-50cb8e0cd03b,c792a5bb-4c4d-5952-4f6d-8a209d46d40e,5740cbe5-bac2-1d22-7f9c-e298a8ffc9b8,Press Line Meter A,34f8b660-eb91-a585-124f-772b134bc402,31a45db8-ceab-bc59-3d5b-7ca528c2c637,Riverdale Manufacturing,VoltageC,V,228.88,2026-08-06T06:00:00.000Z
d7097fae-4269-bb23-ab1a-9c06aae8aff3,c792a5bb-4c4d-5952-4f6d-8a209d46d40e,5740cbe5-bac2-1d22-7f9c-e298a8ffc9b8,Press Line Meter A,34f8b660-eb91-a585-124f-772b134bc402,31a45db8-ceab-bc59-3d5b-7ca528c2c637,Riverdale Manufacturing,CurrentA,A,19.36,2026-08-06T06:00:00.000Z
382e183c-4700-e561-538b-a2c7ef6d7669,c792a5bb-4c4d-5952-4f6d-8a209d46d40e,5740cbe5-bac2-1d22-7f9c-e298a8ffc9b8,Press Line Meter A,34f8b660-eb91-a585-124f-772b134bc402,31a45db8-ceab-bc59-3d5b-7ca528c2c637,Riverdale Manufacturing,ActivePower,kW,4.37,2026-08-06T06:00:00.000Z
1ba3dc65-b447-7067-aba9-e0988ce1f246,c792a5bb-4c4d-5952-4f6d-8a209d46d40e,5740cbe5-bac2-1d22-7f9c-e298a8ffc9b8,Press Line Meter A,34f8b660-eb91-a585-124f-772b134bc402,31a45db8-ceab-bc59-3d5b-7ca528c2c637,Riverdale Manufacturing,PowerFactor,ratio,0.83,2026-08-06T06:00:00.000Z
d0d3e4cf-877a-b19f-7adf-0e3c81541200,c792a5bb-4c4d-5952-4f6d-8a209d46d40e,5740cbe5-bac2-1d22-7f9c-e298a8ffc9b8,Press Line Meter A,34f8b660-eb91-a585-124f-772b134bc402,31a45db8-ceab-bc59-3d5b-7ca528c2c637,Riverdale Manufacturing,PowerConsumption,kWh,31.22,2026-08-06T06:00:00.000Z
19e85611-99ee-924f-c1a8-094379593daa,c792a5bb-4c4d-5952-4f6d-8a209d46d40e,5740cbe5-bac2-1d22-7f9c-e298a8ffc9b8,Press Line Meter A,34f8b660-eb91-a585-124f-772b134bc402,31a45db8-ceab-bc59-3d5b-7ca528c2c637,Riverdale Manufacturing,Frequency,Hz,49.91,2026-08-06T06:00:00.000Z
a69499b3-d0f3-78d0-0d96-af00363a26dd,b072933e-e593-1ebb-2c06-c7e65bbace3c,5740cbe5-bac2-1d22-7f9c-e298a8ffc9b8,Press Line Meter A,34f8b660-eb91-a585-124f-772b134bc402,31a45db8-ceab-bc59-3d5b-7ca528c2c637,Riverdale Manufacturing,VoltageA,V,226.65,2026-08-06T05:00:00.000Z
71e3905c-2e75-41e1-839b-400c1849555a,b072933e-e593-1ebb-2c06-c7e65bbace3c,5740cbe5-bac2-1d22-7f9c-e298a8ffc9b8,Press Line Meter A,34f8b660-eb91-a585-124f-772b134bc402,31a45db8-ceab-bc59-3d5b-7ca528c2c637,Riverdale Manufacturing,VoltageB,V,226.47,2026-08-06T05:00:00.000Z
9106469e-7372-a63a-617c-044e79662366,b072933e-e593-1ebb-2c06-c7e65bbace3c,5740cbe5-bac2-1d22-7f9c-e298a8ffc9b8,Press Line Meter A,34f8b660-eb91-a585-124f-772b134bc402,31a45db8-ceab-bc59-3d5b-7ca528c2c637,Riverdale Manufacturing,VoltageC,V,228.03,2026-08-06T05:00:00.000Z
1daff810-d5cd-6540-4f17-f9bafc15adf8,b072933e-e593-1ebb-2c06-c7e65bbace3c,5740cbe5-bac2-1d22-7f9c-e298a8ffc9b8,Press Line Meter A,34f8b660-eb91-a585-124f-772b134bc402,31a45db8-ceab-bc59-3d5b-7ca528c2c637,Riverdale Manufacturing,CurrentA,A,17.22,2026-08-06T05:00:00.000Z
4e4cf8e6-2a15-1621-1bed-6f8c51f1c922,b072933e-e593-1ebb-2c06-c7e65bbace3c,5740cbe5-bac2-1d22-7f9c-e298a8ffc9b8,Press Line Meter A,34f8b660-eb91-a585-124f-772b134bc402,31a45db8-ceab-bc59-3d5b-7ca528c2c637,Riverdale Manufacturing,ActivePower,kW,3.84,2026-08-06T05:00:00.000Z
730b7afa-8de6-abfc-0620-227585c821c4,b072933e-e593-1ebb-2c06-c7e65bbace3c,5740cbe5-bac2-1d22-7f9c-e298a8ffc9b8,Press Line Meter A,34f8b660-eb91-a585-124f-772b134bc402,31a45db8-ceab-bc59-3d5b-7ca528c2c637,Riverdale Manufacturing,PowerFactor,ratio,0.82,2026-08-06T05:00:00.000Z
212bb2b1-1d53-9d1a-6d44-f926df193a8a,b072933e-e593-1ebb-2c06-c7e65bbace3c,5740cbe5-bac2-1d22-7f9c-e298a8ffc9b8,Press Line Meter A,34f8b660-eb91-a585-124f-772b134bc402,31a45db8-ceab-bc59-3d5b-7ca528c2c637,Riverdale Manufacturing,PowerConsumption,kWh,31.3,2026-08-06T05:00:00.000Z
062281fe-81e3-4336-9706-8297d7e63326,b072933e-e593-1ebb-2c06-c7e65bbace3c,5740cbe5-bac2-1d22-7f9c-e298a8ffc9b8,Press Line Meter A,34f8b660-eb91-a585-124f-772b134bc402,31a45db8-ceab-bc59-3d5b-7ca528c2c637,Riverdale Manufacturing,Frequency,Hz,49.88,2026-08-06T05:00:00.000Z
22e00436-d7a6-d9ef-1ac2-87a4c8521826,03205932-eb43-b371-4ac6-c223206c5846,5740cbe5-bac2-1d22-7f9c-e298a8ffc9b8,Press Line Meter A,34f8b660-eb91-a585-124f-772b134bc402,31a45db8-ceab-bc59-3d5b-7ca528c2c637,Riverdale Manufacturing,VoltageA,V,227.03,2026-08-06T04:00:00.000Z
30a74d3b-1d3b-e61f-3607-1bf04820c48e,03205932-eb43-b371-4ac6-c223206c5846,5740cbe5-bac2-1d22-7f9c-e298a8ffc9b8,Press Line Meter A,34f8b660-eb91-a585-124f-772b134bc402,31a45db8-ceab-bc59-3d5b-7ca528c2c637,Riverdale Manufacturing,VoltageB,V,225.31,2026-08-06T04:00:00.000Z
4b789a4f-de11-b2fd-bc98-e62849161ee1,03205932-eb43-b371-4ac6-c223206c5846,5740cbe5-bac2-1d22-7f9c-e298a8ffc9b8,Press Line Meter A,34f8b660-eb91-a585-124f-772b134bc402,31a45db8-ceab-bc59-3d5b-7ca528c2c637,Riverdale Manufacturing,VoltageC,V,227.49,2026-08-06T04:00:00.000Z
d2038196-11b9-f1ba-fe54-30cecc65d46f,03205932-eb43-b371-4ac6-c223206c5846,5740cbe5-bac2-1d22-7f9c-e298a8ffc9b8,Press Line Meter A,34f8b660-eb91-a585-124f-772b134bc402,31a45db8-ceab-bc59-3d5b-7ca528c2c637,Riverdale Manufacturing,CurrentA,A,16.09,2026-08-06T04:00:00.000Z
f39a0d16-7dc3-ce35-89d7-ed0bd5936183,03205932-eb43-b371-4ac6-c223206c5846,5740cbe5-bac2-1d22-7f9c-e298a8ffc9b8,Press Line Meter A,34f8b660-eb91-a585-124f-772b134bc402,31a45db8-ceab-bc59-3d5b-7ca528c2c637,Riverdale Manufacturing,ActivePower,kW,3.73,2026-08-06T04:00:00.000Z
38c8bf41-c8fa-86a6-a040-6db671a46d75,03205932-eb43-b371-4ac6-c223206c5846,5740cbe5-bac2-1d22-7f9c-e298a8ffc9b8,Press Line Meter A,34f8b660-eb91-a585-124f-772b134bc402,31a45db8-ceab-bc59-3d5b-7ca528c2c637,Riverdale Manufacturing,PowerFactor,ratio,0.81,2026-08-06T04:00:00.000Z
dd728a79-a950-b0f0-d2a1-214c7d6fde13,03205932-eb43-b371-4ac6-c223206c5846,5740cbe5-bac2-1d22-7f9c-e298a8ffc9b8,Press Line Meter A,34f8b660-eb91-a585-124f-772b134bc402,31a45db8-ceab-bc59-3d5b-7ca528c2c637,Riverdale Manufacturing,PowerConsumption,kWh,31.38,2026-08-06T04:00:00.000Z
df98a996-3cf7-d7b7-2be5-072cc9da1778,03205932-eb43-b371-4ac6-c223206c5846,5740cbe5-bac2-1d22-7f9c-e298a8ffc9b8,Press Line Meter A,34f8b660-eb91-a585-124f-772b134bc402,31a45db8-ceab-bc59-3d5b-7ca528c2c637,Riverdale Manufacturing,Frequency,Hz,49.85,2026-08-06T04:00:00.000Z
a71cafc4-82d0-178f-1103-90a1b13f7c24,4a0f42f6-ff55-393f-7a5d-c49d70615ec0,5740cbe5-bac2-1d22-7f9c-e298a8ffc9b8,Press Line Meter A,34f8b660-eb91-a585-124f-772b134bc402,31a45db8-ceab-bc59-3d5b-7ca528c2c637,Riverdale Manufacturing,VoltageA,V,226.59,2026-08-06T02:00:00.000Z
fdd135b0-528d-666a-33cf-1c5bf90c88b7,4a0f42f6-ff55-393f-7a5d-c49d70615ec0,5740cbe5-bac2-1d22-7f9c-e298a8ffc9b8,Press Line Meter A,34f8b660-eb91-a585-124f-772b134bc402,31a45db8-ceab-bc59-3d5b-7ca528c2c637,Riverdale Manufacturing,VoltageB,V,225.69,2026-08-06T02:00:00.000Z
2c15f0a8-d12c-c696-c2fd-3cd4a7520e13,4a0f42f6-ff55-393f-7a5d-c49d70615ec0,5740cbe5-bac2-1d22-7f9c-e298a8ffc9b8,Press Line Meter A,34f8b660-eb91-a585-124f-772b134bc402,31a45db8-ceab-bc59-3d5b-7ca528c2c637,Riverdale Manufacturing,VoltageC,V,228.18,2026-08-06T02:00:00.000Z
f0a9bed5-f1f4-9ad3-3e6f-31911c44f259,4a0f42f6-ff55-393f-7a5d-c49d70615ec0,5740cbe5-bac2-1d22-7f9c-e298a8ffc9b8,Press Line Meter A,34f8b660-eb91-a585-124f-772b134bc402,31a45db8-ceab-bc59-3d5b-7ca528c2c637,Riverdale Manufacturing,CurrentA,A,18.62,2026-08-06T02:00:00.000Z
3184e625-5600-9fff-7f76-467dac980af5,4a0f42f6-ff55-393f-7a5d-c49d70615ec0,5740cbe5-bac2-1d22-7f9c-e298a8ffc9b8,Press Line Meter A,34f8b660-eb91-a585-124f-772b134bc402,31a45db8-ceab-bc59-3d5b-7ca528c2c637,Riverdale Manufacturing,ActivePower,kW,3.73,2026-08-06T02:00:00.000Z
c93b8a35-edaf-5298-4f19-56b076ffaf3e,4a0f42f6-ff55-393f-7a5d-c49d70615ec0,5740cbe5-bac2-1d22-7f9c-e298a8ffc9b8,Press Line Meter A,34f8b660-eb91-a585-124f-772b134bc402,31a45db8-ceab-bc59-3d5b-7ca528c2c637,Riverdale Manufacturing,PowerFactor,ratio,0.82,2026-08-06T02:00:00.000Z
7afa1941-e0c9-2d31-b5a3-67006124115a,4a0f42f6-ff55-393f-7a5d-c49d70615ec0,5740cbe5-bac2-1d22-7f9c-e298a8ffc9b8,Press Line Meter A,34f8b660-eb91-a585-124f-772b134bc402,31a45db8-ceab-bc59-3d5b-7ca528c2c637,Riverdale Manufacturing,PowerConsumption,kWh,31.54,2026-08-06T02:00:00.000Z
0adbc98c-3b5c-f3e4-2e16-b4448d272302,4a0f42f6-ff55-393f-7a5d-c49d70615ec0,5740cbe5-bac2-1d22-7f9c-e298a8ffc9b8,Press Line Meter A,34f8b660-eb91-a585-124f-772b134bc402,31a45db8-ceab-bc59-3d5b-7ca528c2c637,Riverdale Manufacturing,Frequency,Hz,49.9,2026-08-06T02:00:00.000Z
a58da744-2219-0c42-1c63-e0d0ce63482b,47b8b833-81c2-41c7-365f-60866ef4b2cd,5740cbe5-bac2-1d22-7f9c-e298a8ffc9b8,Press Line Meter A,34f8b660-eb91-a585-124f-772b134bc402,31a45db8-ceab-bc59-3d5b-7ca528c2c637,Riverdale Manufacturing,VoltageA,V,229.51,2026-08-06T00:00:00.000Z
79152a4d-dae3-b50b-980b-3ecc1607331f,47b8b833-81c2-41c7-365f-60866ef4b2cd,5740cbe5-bac2-1d22-7f9c-e298a8ffc9b8,Press Line Meter A,34f8b660-eb91-a585-124f-772b134bc402,31a45db8-ceab-bc59-3d5b-7ca528c2c637,Riverdale Manufacturing,VoltageB,V,228.26,2026-08-06T00:00:00.000Z
7e308ccc-b2a0-18ae-9e10-348b9e286569,47b8b833-81c2-41c7-365f-60866ef4b2cd,5740cbe5-bac2-1d22-7f9c-e298a8ffc9b8,Press Line Meter A,34f8b660-eb91-a585-124f-772b134bc402,31a45db8-ceab-bc59-3d5b-7ca528c2c637,Riverdale Manufacturing,VoltageC,V,230.5,2026-08-06T00:00:00.000Z
cf9f347f-8f2e-e487-261f-3c392543f3d9,47b8b833-81c2-41c7-365f-60866ef4b2cd,5740cbe5-bac2-1d22-7f9c-e298a8ffc9b8,Press Line Meter A,34f8b660-eb91-a585-124f-772b134bc402,31a45db8-ceab-bc59-3d5b-7ca528c2c637,Riverdale Manufacturing,CurrentA,A,21.63,2026-08-06T00:00:00.000Z
87578182-1baf-5837-1d9a-1cf6a2582c53,47b8b833-81c2-41c7-365f-60866ef4b2cd,5740cbe5-bac2-1d22-7f9c-e298a8ffc9b8,Press Line Meter A,34f8b660-eb91-a585-124f-772b134bc402,31a45db8-ceab-bc59-3d5b-7ca528c2c637,Riverdale Manufacturing,ActivePower,kW,4.88,2026-08-06T00:00:00.000Z
7b601854-c242-deb3-b983-648168cacd94,47b8b833-81c2-41c7-365f-60866ef4b2cd,5740cbe5-bac2-1d22-7f9c-e298a8ffc9b8,Press Line Meter A,34f8b660-eb91-a585-124f-772b134bc402,31a45db8-ceab-bc59-3d5b-7ca528c2c637,Riverdale Manufacturing,PowerFactor,ratio,0.85,2026-08-06T00:00:00.000Z
f9e8ccbb-5e88-9439-4250-32575e5f0395,47b8b833-81c2-41c7-365f-60866ef4b2cd,5740cbe5-bac2-1d22-7f9c-e298a8ffc9b8,Press Line Meter A,34f8b660-eb91-a585-124f-772b134bc402,31a45db8-ceab-bc59-3d5b-7ca528c2c637,Riverdale Manufacturing,PowerConsumption,kWh,31.7,2026-08-06T00:00:00.000Z
989d00e5-3457-6a94-3bac-a8e6301a8f30,47b8b833-81c2-41c7-365f-60866ef4b2cd,5740cbe5-bac2-1d22-7f9c-e298a8ffc9b8,Press Line Meter A,34f8b660-eb91-a585-124f-772b134bc402,31a45db8-ceab-bc59-3d5b-7ca528c2c637,Riverdale Manufacturing,Frequency,Hz,49.96,2026-08-06T00:00:00.000Z
d9010031-caa6-ffce-2f00-a718731a3808,ff02dc70-9c8f-3a64-1e61-8be335538b5d,5740cbe5-bac2-1d22-7f9c-e298a8ffc9b8,Press Line Meter A,34f8b660-eb91-a585-124f-772b134bc402,31a45db8-ceab-bc59-3d5b-7ca528c2c637,Riverdale Manufacturing,VoltageA,V,232.21,2026-08-05T22:00:00.000Z
41fedc9c-6832-fc09-3c89-cccab7ac1c7c,ff02dc70-9c8f-3a64-1e61-8be335538b5d,5740cbe5-bac2-1d22-7f9c-e298a8ffc9b8,Press Line Meter A,34f8b660-eb91-a585-124f-772b134bc402,31a45db8-ceab-bc59-3d5b-7ca528c2c637,Riverdale Manufacturing,VoltageB,V,231.6,2026-08-05T22:00:00.000Z
91b0d83f-c706-04a3-4a58-c7bee073d322,ff02dc70-9c8f-3a64-1e61-8be335538b5d,5740cbe5-bac2-1d22-7f9c-e298a8ffc9b8,Press Line Meter A,34f8b660-eb91-a585-124f-772b134bc402,31a45db8-ceab-bc59-3d5b-7ca528c2c637,Riverdale Manufacturing,VoltageC,V,232.51,2026-08-05T22:00:00.000Z
879f183e-2cd7-7dbb-4d10-4d1712d6065b,ff02dc70-9c8f-3a64-1e61-8be335538b5d,5740cbe5-bac2-1d22-7f9c-e298a8ffc9b8,Press Line Meter A,34f8b660-eb91-a585-124f-772b134bc402,31a45db8-ceab-bc59-3d5b-7ca528c2c637,Riverdale Manufacturing,CurrentA,A,27.18,2026-08-05T22:00:00.000Z
6ca2adb5-04c8-85b1-2093-efc3cb70ddff,ff02dc70-9c8f-3a64-1e61-8be335538b5d,5740cbe5-bac2-1d22-7f9c-e298a8ffc9b8,Press Line Meter A,34f8b660-eb91-a585-124f-772b134bc402,31a45db8-ceab-bc59-3d5b-7ca528c2c637,Riverdale Manufacturing,ActivePower,kW,5.62,2026-08-05T22:00:00.000Z
fc906dd5-dcb0-f988-1bea-361ce6970c34,ff02dc70-9c8f-3a64-1e61-8be335538b5d,5740cbe5-bac2-1d22-7f9c-e298a8ffc9b8,Press Line Meter A,34f8b660-eb91-a585-124f-772b134bc402,31a45db8-ceab-bc59-3d5b-7ca528c2c637,Riverdale Manufacturing,PowerFactor,ratio,0.88,2026-08-05T22:00:00.000Z
517ab9cf-55cc-e302-28a2-7cc435b4ecf3,ff02dc70-9c8f-3a64-1e61-8be335538b5d,5740cbe5-bac2-1d22-7f9c-e298a8ffc9b8,Press Line Meter A,34f8b660-eb91-a585-124f-772b134bc402,31a45db8-ceab-bc59-3d5b-7ca528c2c637,Riverdale Manufacturing,PowerConsumption,kWh,31.86,2026-08-05T22:00:00.000Z
9edaa544-8b81-1044-b4e4-ed093e7213db,ff02dc70-9c8f-3a64-1e61-8be335538b5d,5740cbe5-bac2-1d22-7f9c-e298a8ffc9b8,Press Line Meter A,34f8b660-eb91-a585-124f-772b134bc402,31a45db8-ceab-bc59-3d5b-7ca528c2c637,Riverdale Manufacturing,Frequency,Hz,50.07,2026-08-05T22:00:00.000Z
cccdaec0-5aed-f0e1-1610-43a3111baf0e,271a568f-f777-99f3-4a33-26327e03466a,91311ab0-8211-0ab2-8073-871b4d42ee7e,Press Line Meter B,6fabf6fd-97f5-e95d-65b1-a07757b94bf5,31a45db8-ceab-bc59-3d5b-7ca528c2c637,Riverdale Manufacturing,VoltageA,V,231.66,2026-08-06T10:00:00.000Z
950a2b18-249b-d64e-5a52-aaa5de4aeaa5,271a568f-f777-99f3-4a33-26327e03466a,91311ab0-8211-0ab2-8073-871b4d42ee7e,Press Line Meter B,6fabf6fd-97f5-e95d-65b1-a07757b94bf5,31a45db8-ceab-bc59-3d5b-7ca528c2c637,Riverdale Manufacturing,VoltageB,V,230.94,2026-08-06T10:00:00.000Z
48efbae1-a83e-1353-7245-339a77a124e2,271a568f-f777-99f3-4a33-26327e03466a,91311ab0-8211-0ab2-8073-871b4d42ee7e,Press Line Meter B,6fabf6fd-97f5-e95d-65b1-a07757b94bf5,31a45db8-ceab-bc59-3d5b-7ca528c2c637,Riverdale Manufacturing,VoltageC,V,232.12,2026-08-06T10:00:00.000Z
e96160e0-2e05-8a54-425b-b25ef0c0db50,271a568f-f777-99f3-4a33-26327e03466a,91311ab0-8211-0ab2-8073-871b4d42ee7e,Press Line Meter B,6fabf6fd-97f5-e95d-65b1-a07757b94bf5,31a45db8-ceab-bc59-3d5b-7ca528c2c637,Riverdale Manufacturing,CurrentA,A,26.38,2026-08-06T10:00:00.000Z
895a77a2-922d-9ee9-0591-aa1d10c7ee6f,271a568f-f777-99f3-4a33-26327e03466a,91311ab0-8211-0ab2-8073-871b4d42ee7e,Press Line Meter B,6fabf6fd-97f5-e95d-65b1-a07757b94bf5,31a45db8-ceab-bc59-3d5b-7ca528c2c637,Riverdale Manufacturing,ActivePower,kW,5.42,2026-08-06T10:00:00.000Z
cc35a019-16a7-74e6-8f6f-cb351fb5980e,271a568f-f777-99f3-4a33-26327e03466a,91311ab0-8211-0ab2-8073-871b4d42ee7e,Press Line Meter B,6fabf6fd-97f5-e95d-65b1-a07757b94bf5,31a45db8-ceab-bc59-3d5b-7ca528c2c637,Riverdale Manufacturing,PowerFactor,ratio,0.88,2026-08-06T10:00:00.000Z
4c722c85-6b53-e6ec-df18-abf247a1563f,271a568f-f777-99f3-4a33-26327e03466a,91311ab0-8211-0ab2-8073-871b4d42ee7e,Press Line Meter B,6fabf6fd-97f5-e95d-65b1-a07757b94bf5,31a45db8-ceab-bc59-3d5b-7ca528c2c637,Riverdale Manufacturing,PowerConsumption,kWh,34.6,2026-08-06T10:00:00.000Z
99d6b54f-e453-c550-07fb-5d96e2af59ea,271a568f-f777-99f3-4a33-26327e03466a,91311ab0-8211-0ab2-8073-871b4d42ee7e,Press Line Meter B,6fabf6fd-97f5-e95d-65b1-a07757b94bf5,31a45db8-ceab-bc59-3d5b-7ca528c2c637,Riverdale Manufacturing,Frequency,Hz,50.05,2026-08-06T10:00:00.000Z
584fc207-1970-dd8e-a39c-c00e3d0879c4,2588107d-2646-51d1-18e9-1ac0e95c69bd,91311ab0-8211-0ab2-8073-871b4d42ee7e,Press Line Meter B,6fabf6fd-97f5-e95d-65b1-a07757b94bf5,31a45db8-ceab-bc59-3d5b-7ca528c2c637,Riverdale Manufacturing,VoltageA,V,232.16,2026-08-06T09:00:00.000Z
bd8cdfcf-f9e0-0099-c480-179939251461,2588107d-2646-51d1-18e9-1ac0e95c69bd,91311ab0-8211-0ab2-8073-871b4d42ee7e,Press Line Meter B,6fabf6fd-97f5-e95d-65b1-a07757b94bf5,31a45db8-ceab-bc59-3d5b-7ca528c2c637,Riverdale Manufacturing,VoltageB,V,231.87,2026-08-06T09:00:00.000Z
92043cda-9727-4052-51ec-39ca8163360a,2588107d-2646-51d1-18e9-1ac0e95c69bd,91311ab0-8211-0ab2-8073-871b4d42ee7e,Press Line Meter B,6fabf6fd-97f5-e95d-65b1-a07757b94bf5,31a45db8-ceab-bc59-3d5b-7ca528c2c637,Riverdale Manufacturing,VoltageC,V,233.55,2026-08-06T09:00:00.000Z
83bb30b1-4929-1019-aefb-f42631d96b44,2588107d-2646-51d1-18e9-1ac0e95c69bd,91311ab0-8211-0ab2-8073-871b4d42ee7e,Press Line Meter B,6fabf6fd-97f5-e95d-65b1-a07757b94bf5,31a45db8-ceab-bc59-3d5b-7ca528c2c637,Riverdale Manufacturing,CurrentA,A,27.66,2026-08-06T09:00:00.000Z
4cad08e9-49a8-9c65-5361-be6802c69596,2588107d-2646-51d1-18e9-1ac0e95c69bd,91311ab0-8211-0ab2-8073-871b4d42ee7e,Press Line Meter B,6fabf6fd-97f5-e95d-65b1-a07757b94bf5,31a45db8-ceab-bc59-3d5b-7ca528c2c637,Riverdale Manufacturing,ActivePower,kW,5.82,2026-08-06T09:00:00.000Z
b283f8a3-798b-05bc-f28c-8e2f38f42d81,2588107d-2646-51d1-18e9-1ac0e95c69bd,91311ab0-8211-0ab2-8073-871b4d42ee7e,Press Line Meter B,6fabf6fd-97f5-e95d-65b1-a07757b94bf5,31a45db8-ceab-bc59-3d5b-7ca528c2c637,Riverdale Manufacturing,PowerFactor,ratio,0.89,2026-08-06T09:00:00.000Z
9c9b1858-a14f-168e-3d0a-0875aa5e9a5a,2588107d-2646-51d1-18e9-1ac0e95c69bd,91311ab0-8211-0ab2-8073-871b4d42ee7e,Press Line Meter B,6fabf6fd-97f5-e95d-65b1-a07757b94bf5,31a45db8-ceab-bc59-3d5b-7ca528c2c637,Riverdale Manufacturing,PowerConsumption,kWh,34.68,2026-08-06T09:00:00.000Z
81320a94-abc8-b227-7828-583422a5f515,2588107d-2646-51d1-18e9-1ac0e95c69bd,91311ab0-8211-0ab2-8073-871b4d42ee7e,Press Line Meter B,6fabf6fd-97f5-e95d-65b1-a07757b94bf5,31a45db8-ceab-bc59-3d5b-7ca528c2c637,Riverdale Manufacturing,Frequency,Hz,50.09,2026-08-06T09:00:00.000Z
6da742f6-bb8a-b535-c7c8-4ade87e3511f,fe41fc39-55d5-d081-f286-084b6151bdaf,91311ab0-8211-0ab2-8073-871b4d42ee7e,Press Line Meter B,6fabf6fd-97f5-e95d-65b1-a07757b94bf5,31a45db8-ceab-bc59-3d5b-7ca528c2c637,Riverdale Manufacturing,VoltageA,V,233.16,2026-08-06T08:00:00.000Z
7653d47a-cc61-6a07-22ef-19e98d226d87,fe41fc39-55d5-d081-f286-084b6151bdaf,91311ab0-8211-0ab2-8073-871b4d42ee7e,Press Line Meter B,6fabf6fd-97f5-e95d-65b1-a07757b94bf5,31a45db8-ceab-bc59-3d5b-7ca528c2c637,Riverdale Manufacturing,VoltageB,V,232.65,2026-08-06T08:00:00.000Z
72ffd1e2-550a-3218-45b1-27162408ec9d,fe41fc39-55d5-d081-f286-084b6151bdaf,91311ab0-8211-0ab2-8073-871b4d42ee7e,Press Line Meter B,6fabf6fd-97f5-e95d-65b1-a07757b94bf5,31a45db8-ceab-bc59-3d5b-7ca528c2c637,Riverdale Manufacturing,VoltageC,V,234.86,2026-08-06T08:00:00.000Z
1cdde759-bf4e-0b90-d635-7ad8da6467c1,fe41fc39-55d5-d081-f286-084b6151bdaf,91311ab0-8211-0ab2-8073-871b4d42ee7e,Press Line Meter B,6fabf6fd-97f5-e95d-65b1-a07757b94bf5,31a45db8-ceab-bc59-3d5b-7ca528c2c637,Riverdale Manufacturing,CurrentA,A,30.26,2026-08-06T08:00:00.000Z
680ba34f-3b0c-b0e3-375d-c5b8ca80c7f4,fe41fc39-55d5-d081-f286-084b6151bdaf,91311ab0-8211-0ab2-8073-871b4d42ee7e,Press Line Meter B,6fabf6fd-97f5-e95d-65b1-a07757b94bf5,31a45db8-ceab-bc59-3d5b-7ca528c2c637,Riverdale Manufacturing,ActivePower,kW,6.18,2026-08-06T08:00:00.000Z
7662bff5-6b5b-b36a-bda0-0e365f731056,fe41fc39-55d5-d081-f286-084b6151bdaf,91311ab0-8211-0ab2-8073-871b4d42ee7e,Press Line Meter B,6fabf6fd-97f5-e95d-65b1-a07757b94bf5,31a45db8-ceab-bc59-3d5b-7ca528c2c637,Riverdale Manufacturing,PowerFactor,ratio,0.9,2026-08-06T08:00:00.000Z
621163d6-3205-a91c-6120-7f09b8128961,fe41fc39-55d5-d081-f286-084b6151bdaf,91311ab0-8211-0ab2-8073-871b4d42ee7e,Press Line Meter B,6fabf6fd-97f5-e95d-65b1-a07757b94bf5,31a45db8-ceab-bc59-3d5b-7ca528c2c637,Riverdale Manufacturing,PowerConsumption,kWh,34.76,2026-08-06T08:00:00.000Z
56e0566b-f7fb-f222-a29f-7e0d979dcdbb,fe41fc39-55d5-d081-f286-084b6151bdaf,91311ab0-8211-0ab2-8073-871b4d42ee7e,Press Line Meter B,6fabf6fd-97f5-e95d-65b1-a07757b94bf5,31a45db8-ceab-bc59-3d5b-7ca528c2c637,Riverdale Manufacturing,Frequency,Hz,50.14,2026-08-06T08:00:00.000Z
195ab393-a2dd-b723-972a-ac98e204c9ea,22783ef3-4d90-1fb6-528b-7e88d27c4065,91311ab0-8211-0ab2-8073-871b4d42ee7e,Press Line Meter B,6fabf6fd-97f5-e95d-65b1-a07757b94bf5,31a45db8-ceab-bc59-3d5b-7ca528c2c637,Riverdale Manufacturing,VoltageA,V,233.74,2026-08-06T07:00:00.000Z
2d70d11e-8718-b56a-637c-b0b8bb781058,22783ef3-4d90-1fb6-528b-7e88d27c4065,91311ab0-8211-0ab2-8073-871b4d42ee7e,Press Line Meter B,6fabf6fd-97f5-e95d-65b1-a07757b94bf5,31a45db8-ceab-bc59-3d5b-7ca528c2c637,Riverdale Manufacturing,VoltageB,V,233.06,2026-08-06T07:00:00.000Z
736a0f5b-c3ed-3a1a-d20b-545a2adf58cd,22783ef3-4d90-1fb6-528b-7e88d27c4065,91311ab0-8211-0ab2-8073-871b4d42ee7e,Press Line Meter B,6fabf6fd-97f5-e95d-65b1-a07757b94bf5,31a45db8-ceab-bc59-3d5b-7ca528c2c637,Riverdale Manufacturing,VoltageC,V,235.16,2026-08-06T07:00:00.000Z
e5c82b84-400c-2e86-c466-cef6e874c016,22783ef3-4d90-1fb6-528b-7e88d27c4065,91311ab0-8211-0ab2-8073-871b4d42ee7e,Press Line Meter B,6fabf6fd-97f5-e95d-65b1-a07757b94bf5,31a45db8-ceab-bc59-3d5b-7ca528c2c637,Riverdale Manufacturing,CurrentA,A,29.42,2026-08-06T07:00:00.000Z
783d0c72-8912-00d5-d1ed-3f3b52363d20,22783ef3-4d90-1fb6-528b-7e88d27c4065,91311ab0-8211-0ab2-8073-871b4d42ee7e,Press Line Meter B,6fabf6fd-97f5-e95d-65b1-a07757b94bf5,31a45db8-ceab-bc59-3d5b-7ca528c2c637,Riverdale Manufacturing,ActivePower,kW,6.37,2026-08-06T07:00:00.000Z
d8fc02ab-d871-c016-ae39-024b69775b63,22783ef3-4d90-1fb6-528b-7e88d27c4065,91311ab0-8211-0ab2-8073-871b4d42ee7e,Press Line Meter B,6fabf6fd-97f5-e95d-65b1-a07757b94bf5,31a45db8-ceab-bc59-3d5b-7ca528c2c637,Riverdale Manufacturing,PowerFactor,ratio,0.89,2026-08-06T07:00:00.000Z
5e47c8a5-c04b-d107-54de-d510d0341dac,22783ef3-4d90-1fb6-528b-7e88d27c4065,91311ab0-8211-0ab2-8073-871b4d42ee7e,Press Line Meter B,6fabf6fd-97f5-e95d-65b1-a07757b94bf5,31a45db8-ceab-bc59-3d5b-7ca528c2c637,Riverdale Manufacturing,PowerConsumption,kWh,34.84,2026-08-06T07:00:00.000Z
157a8345-afbd-7a5c-10a9-484168b6a80f,22783ef3-4d90-1fb6-528b-7e88d27c4065,91311ab0-8211-0ab2-8073-871b4d42ee7e,Press Line Meter B,6fabf6fd-97f5-e95d-65b1-a07757b94bf5,31a45db8-ceab-bc59-3d5b-7ca528c2c637,Riverdale Manufacturing,Frequency,Hz,50.15,2026-08-06T07:00:00.000Z
acaa3673-f82b-c5c2-e657-50b551a03bd4,edd77ad4-e01d-c312-e4a4-c414dcc2a10d,91311ab0-8211-0ab2-8073-871b4d42ee7e,Press Line Meter B,6fabf6fd-97f5-e95d-65b1-a07757b94bf5,31a45db8-ceab-bc59-3d5b-7ca528c2c637,Riverdale Manufacturing,VoltageA,V,232.97,2026-08-06T06:00:00.000Z
faa7b825-4ada-2e03-a503-10c2ae0eec34,edd77ad4-e01d-c312-e4a4-c414dcc2a10d,91311ab0-8211-0ab2-8073-871b4d42ee7e,Press Line Meter B,6fabf6fd-97f5-e95d-65b1-a07757b94bf5,31a45db8-ceab-bc59-3d5b-7ca528c2c637,Riverdale Manufacturing,VoltageB,V,232.67,2026-08-06T06:00:00.000Z
db707f47-7722-ed68-9d75-00fb54ae5fb4,edd77ad4-e01d-c312-e4a4-c414dcc2a10d,91311ab0-8211-0ab2-8073-871b4d42ee7e,Press Line Meter B,6fabf6fd-97f5-e95d-65b1-a07757b94bf5,31a45db8-ceab-bc59-3d5b-7ca528c2c637,Riverdale Manufacturing,VoltageC,V,233.74,2026-08-06T06:00:00.000Z
5d70af89-ae64-96ad-ddc2-31455feb3c0b,edd77ad4-e01d-c312-e4a4-c414dcc2a10d,91311ab0-8211-0ab2-8073-871b4d42ee7e,Press Line Meter B,6fabf6fd-97f5-e95d-65b1-a07757b94bf5,31a45db8-ceab-bc59-3d5b-7ca528c2c637,Riverdale Manufacturing,CurrentA,A,29.59,2026-08-06T06:00:00.000Z
4443d72e-cdd2-fc72-27fe-816c8c65a243,edd77ad4-e01d-c312-e4a4-c414dcc2a10d,91311ab0-8211-0ab2-8073-871b4d42ee7e,Press Line Meter B,6fabf6fd-97f5-e95d-65b1-a07757b94bf5,31a45db8-ceab-bc59-3d5b-7ca528c2c637,Riverdale Manufacturing,ActivePower,kW,6.33,2026-08-06T06:00:00.000Z
006dfe76-6354-8e97-0388-4dc09ac7a6fb,edd77ad4-e01d-c312-e4a4-c414dcc2a10d,91311ab0-8211-0ab2-8073-871b4d42ee7e,Press Line Meter B,6fabf6fd-97f5-e95d-65b1-a07757b94bf5,31a45db8-ceab-bc59-3d5b-7ca528c2c637,Riverdale Manufacturing,PowerFactor,ratio,0.89,2026-08-06T06:00:00.000Z
74f9b570-60df-69a6-fe60-78b6ef45bb3c,edd77ad4-e01d-c312-e4a4-c414dcc2a10d,91311ab0-8211-0ab2-8073-871b4d42ee7e,Press Line Meter B,6fabf6fd-97f5-e95d-65b1-a07757b94bf5,31a45db8-ceab-bc59-3d5b-7ca528c2c637,Riverdale Manufacturing,PowerConsumption,kWh,34.92,2026-08-06T06:00:00.000Z
d5b6f38f-8ce0-0a0e-5133-051bb27ba37b,edd77ad4-e01d-c312-e4a4-c414dcc2a10d,91311ab0-8211-0ab2-8073-871b4d42ee7e,Press Line Meter B,6fabf6fd-97f5-e95d-65b1-a07757b94bf5,31a45db8-ceab-bc59-3d5b-7ca528c2c637,Riverdale Manufacturing,Frequency,Hz,50.14,2026-08-06T06:00:00.000Z
5b4c0b86-c48d-ccf1-9292-c753da7087e0,6c886219-d938-28ef-276b-4fbb4dab60ea,91311ab0-8211-0ab2-8073-871b4d42ee7e,Press Line Meter B,6fabf6fd-97f5-e95d-65b1-a07757b94bf5,31a45db8-ceab-bc59-3d5b-7ca528c2c637,Riverdale Manufacturing,VoltageA,V,232.81,2026-08-06T05:00:00.000Z
33e071a1-5d1a-39fc-1ffa-859b647142b2,6c886219-d938-28ef-276b-4fbb4dab60ea,91311ab0-8211-0ab2-8073-871b4d42ee7e,Press Line Meter B,6fabf6fd-97f5-e95d-65b1-a07757b94bf5,31a45db8-ceab-bc59-3d5b-7ca528c2c637,Riverdale Manufacturing,VoltageB,V,231.39,2026-08-06T05:00:00.000Z
5cf8aa98-803f-dc61-1f07-8dd8034d1c58,6c886219-d938-28ef-276b-4fbb4dab60ea,91311ab0-8211-0ab2-8073-871b4d42ee7e,Press Line Meter B,6fabf6fd-97f5-e95d-65b1-a07757b94bf5,31a45db8-ceab-bc59-3d5b-7ca528c2c637,Riverdale Manufacturing,VoltageC,V,233.79,2026-08-06T05:00:00.000Z
148f416c-bda0-1128-3908-cafd84c1fb3f,6c886219-d938-28ef-276b-4fbb4dab60ea,91311ab0-8211-0ab2-8073-871b4d42ee7e,Press Line Meter B,6fabf6fd-97f5-e95d-65b1-a07757b94bf5,31a45db8-ceab-bc59-3d5b-7ca528c2c637,Riverdale Manufacturing,CurrentA,A,27.32,2026-08-06T05:00:00.000Z
346c0fe9-7c6e-8e47-02c7-2ec2d9bc64dc,6c886219-d938-28ef-276b-4fbb4dab60ea,91311ab0-8211-0ab2-8073-871b4d42ee7e,Press Line Meter B,6fabf6fd-97f5-e95d-65b1-a07757b94bf5,31a45db8-ceab-bc59-3d5b-7ca528c2c637,Riverdale Manufacturing,ActivePower,kW,5.92,2026-08-06T05:00:00.000Z
bdbadf77-f5c0-ef17-0cdd-a83343cceacb,6c886219-d938-28ef-276b-4fbb4dab60ea,91311ab0-8211-0ab2-8073-871b4d42ee7e,Press Line Meter B,6fabf6fd-97f5-e95d-65b1-a07757b94bf5,31a45db8-ceab-bc59-3d5b-7ca528c2c637,Riverdale Manufacturing,PowerFactor,ratio,0.88,2026-08-06T05:00:00.000Z
c4bc1a6a-92e9-02f4-73c5-4ea58aa4215e,6c886219-d938-28ef-276b-4fbb4dab60ea,91311ab0-8211-0ab2-8073-871b4d42ee7e,Press Line Meter B,6fabf6fd-97f5-e95d-65b1-a07757b94bf5,31a45db8-ceab-bc59-3d5b-7ca528c2c637,Riverdale Manufacturing,PowerConsumption,kWh,35,2026-08-06T05:00:00.000Z
6e7c3da8-afdc-53d8-04fe-ac5d87cdb68e,6c886219-d938-28ef-276b-4fbb4dab60ea,91311ab0-8211-0ab2-8073-871b4d42ee7e,Press Line Meter B,6fabf6fd-97f5-e95d-65b1-a07757b94bf5,31a45db8-ceab-bc59-3d5b-7ca528c2c637,Riverdale Manufacturing,Frequency,Hz,50.09,2026-08-06T05:00:00.000Z
b71ec387-3613-345c-f468-8cddd357ce25,8c0147d7-34b8-18d6-9d9f-29ce0ec3c0d1,91311ab0-8211-0ab2-8073-871b4d42ee7e,Press Line Meter B,6fabf6fd-97f5-e95d-65b1-a07757b94bf5,31a45db8-ceab-bc59-3d5b-7ca528c2c637,Riverdale Manufacturing,VoltageA,V,231.69,2026-08-06T04:00:00.000Z
e616e646-8817-ff58-f767-0f9ab3599b8a,8c0147d7-34b8-18d6-9d9f-29ce0ec3c0d1,91311ab0-8211-0ab2-8073-871b4d42ee7e,Press Line Meter B,6fabf6fd-97f5-e95d-65b1-a07757b94bf5,31a45db8-ceab-bc59-3d5b-7ca528c2c637,Riverdale Manufacturing,VoltageB,V,230.58,2026-08-06T04:00:00.000Z
f6d4a00a-327c-4cba-0ac6-9652425bc756,8c0147d7-34b8-18d6-9d9f-29ce0ec3c0d1,91311ab0-8211-0ab2-8073-871b4d42ee7e,Press Line Meter B,6fabf6fd-97f5-e95d-65b1-a07757b94bf5,31a45db8-ceab-bc59-3d5b-7ca528c2c637,Riverdale Manufacturing,VoltageC,V,231.97,2026-08-06T04:00:00.000Z
a8d8bcf3-dd88-3544-1d93-1a2d141ddd9e,8c0147d7-34b8-18d6-9d9f-29ce0ec3c0d1,91311ab0-8211-0ab2-8073-871b4d42ee7e,Press Line Meter B,6fabf6fd-97f5-e95d-65b1-a07757b94bf5,31a45db8-ceab-bc59-3d5b-7ca528c2c637,Riverdale Manufacturing,CurrentA,A,25.97,2026-08-06T04:00:00.000Z
071e0aa0-7e1b-1808-ab50-3f873e08447e,8c0147d7-34b8-18d6-9d9f-29ce0ec3c0d1,91311ab0-8211-0ab2-8073-871b4d42ee7e,Press Line Meter B,6fabf6fd-97f5-e95d-65b1-a07757b94bf5,31a45db8-ceab-bc59-3d5b-7ca528c2c637,Riverdale Manufacturing,ActivePower,kW,5.56,2026-08-06T04:00:00.000Z
440431d6-3f73-1234-0bac-c2009fdd4380,8c0147d7-34b8-18d6-9d9f-29ce0ec3c0d1,91311ab0-8211-0ab2-8073-871b4d42ee7e,Press Line Meter B,6fabf6fd-97f5-e95d-65b1-a07757b94bf5,31a45db8-ceab-bc59-3d5b-7ca528c2c637,Riverdale Manufacturing,PowerFactor,ratio,0.87,2026-08-06T04:00:00.000Z
607f306e-cb79-f872-c9f1-66a35ee339a7,8c0147d7-34b8-18d6-9d9f-29ce0ec3c0d1,91311ab0-8211-0ab2-8073-871b4d42ee7e,Press Line Meter B,6fabf6fd-97f5-e95d-65b1-a07757b94bf5,31a45db8-ceab-bc59-3d5b-7ca528c2c637,Riverdale Manufacturing,PowerConsumption,kWh,35.08,2026-08-06T04:00:00.000Z
df0f9e9b-7092-3640-881f-5e7155f3821b,8c0147d7-34b8-18d6-9d9f-29ce0ec3c0d1,91311ab0-8211-0ab2-8073-871b4d42ee7e,Press Line Meter B,6fabf6fd-97f5-e95d-65b1-a07757b94bf5,31a45db8-ceab-bc59-3d5b-7ca528c2c637,Riverdale Manufacturing,Frequency,Hz,50.05,2026-08-06T04:00:00.000Z
7ed6b6ea-8eee-f0c4-fea4-dd66fd14e817,3757df00-569e-90ec-4039-1aab99a034af,91311ab0-8211-0ab2-8073-871b4d42ee7e,Press Line Meter B,6fabf6fd-97f5-e95d-65b1-a07757b94bf5,31a45db8-ceab-bc59-3d5b-7ca528c2c637,Riverdale Manufacturing,VoltageA,V,228.37,2026-08-06T02:00:00.000Z
b17cc71b-eb29-4238-66b4-914c64635db4,3757df00-569e-90ec-4039-1aab99a034af,91311ab0-8211-0ab2-8073-871b4d42ee7e,Press Line Meter B,6fabf6fd-97f5-e95d-65b1-a07757b94bf5,31a45db8-ceab-bc59-3d5b-7ca528c2c637,Riverdale Manufacturing,VoltageB,V,227.22,2026-08-06T02:00:00.000Z
3a9f0627-ca73-de7b-a927-8336eac0d6fb,3757df00-569e-90ec-4039-1aab99a034af,91311ab0-8211-0ab2-8073-871b4d42ee7e,Press Line Meter B,6fabf6fd-97f5-e95d-65b1-a07757b94bf5,31a45db8-ceab-bc59-3d5b-7ca528c2c637,Riverdale Manufacturing,VoltageC,V,229.72,2026-08-06T02:00:00.000Z
4d7ecec6-8100-5220-b1d0-dd1343829271,3757df00-569e-90ec-4039-1aab99a034af,91311ab0-8211-0ab2-8073-871b4d42ee7e,Press Line Meter B,6fabf6fd-97f5-e95d-65b1-a07757b94bf5,31a45db8-ceab-bc59-3d5b-7ca528c2c637,Riverdale Manufacturing,CurrentA,A,19.51,2026-08-06T02:00:00.000Z
2ee615ee-f3ae-fb22-ca4f-2652bcdeee55,3757df00-569e-90ec-4039-1aab99a034af,91311ab0-8211-0ab2-8073-871b4d42ee7e,Press Line Meter B,6fabf6fd-97f5-e95d-65b1-a07757b94bf5,31a45db8-ceab-bc59-3d5b-7ca528c2c637,Riverdale Manufacturing,ActivePower,kW,4.24,2026-08-06T02:00:00.000Z
9e359776-a3ec-80a0-e596-f4ce690a4954,3757df00-569e-90ec-4039-1aab99a034af,91311ab0-8211-0ab2-8073-871b4d42ee7e,Press Line Meter B,6fabf6fd-97f5-e95d-65b1-a07757b94bf5,31a45db8-ceab-bc59-3d5b-7ca528c2c637,Riverdale Manufacturing,PowerFactor,ratio,0.84,2026-08-06T02:00:00.000Z
21b3a7af-5142-5193-063e-885c9580803d,3757df00-569e-90ec-4039-1aab99a034af,91311ab0-8211-0ab2-8073-871b4d42ee7e,Press Line Meter B,6fabf6fd-97f5-e95d-65b1-a07757b94bf5,31a45db8-ceab-bc59-3d5b-7ca528c2c637,Riverdale Manufacturing,PowerConsumption,kWh,35.24,2026-08-06T02:00:00.000Z
5c59f7d1-eda4-7817-0923-5aa25b14c99b,3757df00-569e-90ec-4039-1aab99a034af,91311ab0-8211-0ab2-8073-871b4d42ee7e,Press Line Meter B,6fabf6fd-97f5-e95d-65b1-a07757b94bf5,31a45db8-ceab-bc59-3d5b-7ca528c2c637,Riverdale Manufacturing,Frequency,Hz,49.92,2026-08-06T02:00:00.000Z
d48606e7-09c5-4aab-62be-9a5639ee4813,9b56a31b-ab6e-db1b-5bb5-df11b6172085,91311ab0-8211-0ab2-8073-871b4d42ee7e,Press Line Meter B,6fabf6fd-97f5-e95d-65b1-a07757b94bf5,31a45db8-ceab-bc59-3d5b-7ca528c2c637,Riverdale Manufacturing,VoltageA,V,226.28,2026-08-06T00:00:00.000Z
fbd28e4f-5c36-6ba7-bb03-e79251b92dbd,9b56a31b-ab6e-db1b-5bb5-df11b6172085,91311ab0-8211-0ab2-8073-871b4d42ee7e,Press Line Meter B,6fabf6fd-97f5-e95d-65b1-a07757b94bf5,31a45db8-ceab-bc59-3d5b-7ca528c2c637,Riverdale Manufacturing,VoltageB,V,225.71,2026-08-06T00:00:00.000Z
da6afe61-0e5c-cae1-62c8-d1ac5b662985,9b56a31b-ab6e-db1b-5bb5-df11b6172085,91311ab0-8211-0ab2-8073-871b4d42ee7e,Press Line Meter B,6fabf6fd-97f5-e95d-65b1-a07757b94bf5,31a45db8-ceab-bc59-3d5b-7ca528c2c637,Riverdale Manufacturing,VoltageC,V,227.6,2026-08-06T00:00:00.000Z
fdf3c302-205a-c295-1774-9ad6d5f34e92,9b56a31b-ab6e-db1b-5bb5-df11b6172085,91311ab0-8211-0ab2-8073-871b4d42ee7e,Press Line Meter B,6fabf6fd-97f5-e95d-65b1-a07757b94bf5,31a45db8-ceab-bc59-3d5b-7ca528c2c637,Riverdale Manufacturing,CurrentA,A,16.78,2026-08-06T00:00:00.000Z
7a65d691-d9dc-ea65-ecd6-25860704ac97,9b56a31b-ab6e-db1b-5bb5-df11b6172085,91311ab0-8211-0ab2-8073-871b4d42ee7e,Press Line Meter B,6fabf6fd-97f5-e95d-65b1-a07757b94bf5,31a45db8-ceab-bc59-3d5b-7ca528c2c637,Riverdale Manufacturing,ActivePower,kW,3.87,2026-08-06T00:00:00.000Z
cc1c859d-c009-4581-c111-6562b5ddded4,9b56a31b-ab6e-db1b-5bb5-df11b6172085,91311ab0-8211-0ab2-8073-871b4d42ee7e,Press Line Meter B,6fabf6fd-97f5-e95d-65b1-a07757b94bf5,31a45db8-ceab-bc59-3d5b-7ca528c2c637,Riverdale Manufacturing,PowerFactor,ratio,0.81,2026-08-06T00:00:00.000Z
333d534b-942d-ea37-9bb6-d91eab28cea5,9b56a31b-ab6e-db1b-5bb5-df11b6172085,91311ab0-8211-0ab2-8073-871b4d42ee7e,Press Line Meter B,6fabf6fd-97f5-e95d-65b1-a07757b94bf5,31a45db8-ceab-bc59-3d5b-7ca528c2c637,Riverdale Manufacturing,PowerConsumption,kWh,35.4,2026-08-06T00:00:00.000Z
a4f840c3-460f-697a-c2b4-fe5bff0d4afa,9b56a31b-ab6e-db1b-5bb5-df11b6172085,91311ab0-8211-0ab2-8073-871b4d42ee7e,Press Line Meter B,6fabf6fd-97f5-e95d-65b1-a07757b94bf5,31a45db8-ceab-bc59-3d5b-7ca528c2c637,Riverdale Manufacturing,Frequency,Hz,49.85,2026-08-06T00:00:00.000Z
b0c00538-7542-ab4f-1d9f-d7133d7380ac,c59bfa2e-d661-134e-bcef-5223399e5ac0,91311ab0-8211-0ab2-8073-871b4d42ee7e,Press Line Meter B,6fabf6fd-97f5-e95d-65b1-a07757b94bf5,31a45db8-ceab-bc59-3d5b-7ca528c2c637,Riverdale Manufacturing,VoltageA,V,226.41,2026-08-05T22:00:00.000Z
9ffd939d-2ef9-2c00-9d77-136e85cb7f5e,c59bfa2e-d661-134e-bcef-5223399e5ac0,91311ab0-8211-0ab2-8073-871b4d42ee7e,Press Line Meter B,6fabf6fd-97f5-e95d-65b1-a07757b94bf5,31a45db8-ceab-bc59-3d5b-7ca528c2c637,Riverdale Manufacturing,VoltageB,V,225.78,2026-08-05T22:00:00.000Z
ffb8ccfb-12b3-0d8b-1f1d-8e5c1aae9e3c,c59bfa2e-d661-134e-bcef-5223399e5ac0,91311ab0-8211-0ab2-8073-871b4d42ee7e,Press Line Meter B,6fabf6fd-97f5-e95d-65b1-a07757b94bf5,31a45db8-ceab-bc59-3d5b-7ca528c2c637,Riverdale Manufacturing,VoltageC,V,227.92,2026-08-05T22:00:00.000Z
f2b5491b-d467-c3bb-dcdf-418b6b17fc4f,c59bfa2e-d661-134e-bcef-5223399e5ac0,91311ab0-8211-0ab2-8073-871b4d42ee7e,Press Line Meter B,6fabf6fd-97f5-e95d-65b1-a07757b94bf5,31a45db8-ceab-bc59-3d5b-7ca528c2c637,Riverdale Manufacturing,CurrentA,A,17.2,2026-08-05T22:00:00.000Z
35995dd5-d897-f14c-5253-d779a6ca91bc,c59bfa2e-d661-134e-bcef-5223399e5ac0,91311ab0-8211-0ab2-8073-871b4d42ee7e,Press Line Meter B,6fabf6fd-97f5-e95d-65b1-a07757b94bf5,31a45db8-ceab-bc59-3d5b-7ca528c2c637,Riverdale Manufacturing,ActivePower,kW,3.92,2026-08-05T22:00:00.000Z
1a99d891-c09b-7ead-3fba-236ef8bebfb2,c59bfa2e-d661-134e-bcef-5223399e5ac0,91311ab0-8211-0ab2-8073-871b4d42ee7e,Press Line Meter B,6fabf6fd-97f5-e95d-65b1-a07757b94bf5,31a45db8-ceab-bc59-3d5b-7ca528c2c637,Riverdale Manufacturing,PowerFactor,ratio,0.82,2026-08-05T22:00:00.000Z
5b072a37-fd9f-73e0-b966-c648142b4e1c,c59bfa2e-d661-134e-bcef-5223399e5ac0,91311ab0-8211-0ab2-8073-871b4d42ee7e,Press Line Meter B,6fabf6fd-97f5-e95d-65b1-a07757b94bf5,31a45db8-ceab-bc59-3d5b-7ca528c2c637,Riverdale Manufacturing,PowerConsumption,kWh,35.56,2026-08-05T22:00:00.000Z
9be30927-7ef5-dedd-c0f3-f0b24345670f,c59bfa2e-d661-134e-bcef-5223399e5ac0,91311ab0-8211-0ab2-8073-871b4d42ee7e,Press Line Meter B,6fabf6fd-97f5-e95d-65b1-a07757b94bf5,31a45db8-ceab-bc59-3d5b-7ca528c2c637,Riverdale Manufacturing,Frequency,Hz,49.87,2026-08-05T22:00:00.000Z
1d0c8e05-75a9-5b1d-38d1-f794e2874b0c,baa43bb0-87f3-b905-1dfd-68e2a221381a,440e66a4-0438-0f8d-e300-f686285fe89e,Compressor Bank Meter,379eccc0-22a9-c322-1c82-24b86e2f32da,31a45db8-ceab-bc59-3d5b-7ca528c2c637,Riverdale Manufacturing,VoltageA,V,226.48,2026-08-06T10:00:00.000Z
702d5855-3f74-4577-9023-f058b8a88b8f,baa43bb0-87f3-b905-1dfd-68e2a221381a,440e66a4-0438-0f8d-e300-f686285fe89e,Compressor Bank Meter,379eccc0-22a9-c322-1c82-24b86e2f32da,31a45db8-ceab-bc59-3d5b-7ca528c2c637,Riverdale Manufacturing,VoltageB,V,225.41,2026-08-06T10:00:00.000Z
0eb78c6a-6f0f-9f93-19d4-002e98a98f9c,baa43bb0-87f3-b905-1dfd-68e2a221381a,440e66a4-0438-0f8d-e300-f686285fe89e,Compressor Bank Meter,379eccc0-22a9-c322-1c82-24b86e2f32da,31a45db8-ceab-bc59-3d5b-7ca528c2c637,Riverdale Manufacturing,VoltageC,V,227.83,2026-08-06T10:00:00.000Z
3a5b831a-684d-33fe-afd4-162c36accb0b,baa43bb0-87f3-b905-1dfd-68e2a221381a,440e66a4-0438-0f8d-e300-f686285fe89e,Compressor Bank Meter,379eccc0-22a9-c322-1c82-24b86e2f32da,31a45db8-ceab-bc59-3d5b-7ca528c2c637,Riverdale Manufacturing,CurrentA,A,16.3,2026-08-06T10:00:00.000Z
68ceb330-343b-ae5d-c006-5f9fcad18ce9,baa43bb0-87f3-b905-1dfd-68e2a221381a,440e66a4-0438-0f8d-e300-f686285fe89e,Compressor Bank Meter,379eccc0-22a9-c322-1c82-24b86e2f32da,31a45db8-ceab-bc59-3d5b-7ca528c2c637,Riverdale Manufacturing,ActivePower,kW,3.81,2026-08-06T10:00:00.000Z
211b8fb4-d8fa-9c16-140b-3e057b2f6fd6,baa43bb0-87f3-b905-1dfd-68e2a221381a,440e66a4-0438-0f8d-e300-f686285fe89e,Compressor Bank Meter,379eccc0-22a9-c322-1c82-24b86e2f32da,31a45db8-ceab-bc59-3d5b-7ca528c2c637,Riverdale Manufacturing,PowerFactor,ratio,0.82,2026-08-06T10:00:00.000Z
b82aa2b4-a310-a9ef-8f2f-3ae684864bc2,baa43bb0-87f3-b905-1dfd-68e2a221381a,440e66a4-0438-0f8d-e300-f686285fe89e,Compressor Bank Meter,379eccc0-22a9-c322-1c82-24b86e2f32da,31a45db8-ceab-bc59-3d5b-7ca528c2c637,Riverdale Manufacturing,PowerConsumption,kWh,38.3,2026-08-06T10:00:00.000Z
baa811a7-c2f5-7478-eded-752cf9df7473,baa43bb0-87f3-b905-1dfd-68e2a221381a,440e66a4-0438-0f8d-e300-f686285fe89e,Compressor Bank Meter,379eccc0-22a9-c322-1c82-24b86e2f32da,31a45db8-ceab-bc59-3d5b-7ca528c2c637,Riverdale Manufacturing,Frequency,Hz,49.85,2026-08-06T10:00:00.000Z
448fa4c9-8621-4b7c-79f3-022d406600da,ab53c9a6-8cd1-673a-3957-8ccc28e3f182,440e66a4-0438-0f8d-e300-f686285fe89e,Compressor Bank Meter,379eccc0-22a9-c322-1c82-24b86e2f32da,31a45db8-ceab-bc59-3d5b-7ca528c2c637,Riverdale Manufacturing,VoltageA,V,227.31,2026-08-06T09:00:00.000Z
8e982a2a-68aa-3eac-d9cf-722a6447f0db,ab53c9a6-8cd1-673a-3957-8ccc28e3f182,440e66a4-0438-0f8d-e300-f686285fe89e,Compressor Bank Meter,379eccc0-22a9-c322-1c82-24b86e2f32da,31a45db8-ceab-bc59-3d5b-7ca528c2c637,Riverdale Manufacturing,VoltageB,V,226.11,2026-08-06T09:00:00.000Z
fac90c2f-4431-8b0b-5c1a-55cd70851d24,ab53c9a6-8cd1-673a-3957-8ccc28e3f182,440e66a4-0438-0f8d-e300-f686285fe89e,Compressor Bank Meter,379eccc0-22a9-c322-1c82-24b86e2f32da,31a45db8-ceab-bc59-3d5b-7ca528c2c637,Riverdale Manufacturing,VoltageC,V,228.67,2026-08-06T09:00:00.000Z
93742836-90bb-3bcb-2588-fe0160476532,ab53c9a6-8cd1-673a-3957-8ccc28e3f182,440e66a4-0438-0f8d-e300-f686285fe89e,Compressor Bank Meter,379eccc0-22a9-c322-1c82-24b86e2f32da,31a45db8-ceab-bc59-3d5b-7ca528c2c637,Riverdale Manufacturing,CurrentA,A,18.8,2026-08-06T09:00:00.000Z
b34a9dad-52e4-69bd-3663-1d59b164accd,ab53c9a6-8cd1-673a-3957-8ccc28e3f182,440e66a4-0438-0f8d-e300-f686285fe89e,Compressor Bank Meter,379eccc0-22a9-c322-1c82-24b86e2f32da,31a45db8-ceab-bc59-3d5b-7ca528c2c637,Riverdale Manufacturing,ActivePower,kW,4.01,2026-08-06T09:00:00.000Z
e8462cc3-5c38-90f9-e23c-b173731a10a9,ab53c9a6-8cd1-673a-3957-8ccc28e3f182,440e66a4-0438-0f8d-e300-f686285fe89e,Compressor Bank Meter,379eccc0-22a9-c322-1c82-24b86e2f32da,31a45db8-ceab-bc59-3d5b-7ca528c2c637,Riverdale Manufacturing,PowerFactor,ratio,0.82,2026-08-06T09:00:00.000Z
50443b8e-2025-968c-397a-4e768b11a111,ab53c9a6-8cd1-673a-3957-8ccc28e3f182,440e66a4-0438-0f8d-e300-f686285fe89e,Compressor Bank Meter,379eccc0-22a9-c322-1c82-24b86e2f32da,31a45db8-ceab-bc59-3d5b-7ca528c2c637,Riverdale Manufacturing,PowerConsumption,kWh,38.38,2026-08-06T09:00:00.000Z
6cadd587-4602-a153-5bdd-0f4f81d52e79,ab53c9a6-8cd1-673a-3957-8ccc28e3f182,440e66a4-0438-0f8d-e300-f686285fe89e,Compressor Bank Meter,379eccc0-22a9-c322-1c82-24b86e2f32da,31a45db8-ceab-bc59-3d5b-7ca528c2c637,Riverdale Manufacturing,Frequency,Hz,49.86,2026-08-06T09:00:00.000Z
6e910d59-033a-8278-2ef2-d10fe9297691,1136aec2-adde-791a-4879-2dd29550deb5,440e66a4-0438-0f8d-e300-f686285fe89e,Compressor Bank Meter,379eccc0-22a9-c322-1c82-24b86e2f32da,31a45db8-ceab-bc59-3d5b-7ca528c2c637,Riverdale Manufacturing,VoltageA,V,227.9,2026-08-06T08:00:00.000Z
d8bc3013-0434-28c9-fa9d-eb2688fa3861,1136aec2-adde-791a-4879-2dd29550deb5,440e66a4-0438-0f8d-e300-f686285fe89e,Compressor Bank Meter,379eccc0-22a9-c322-1c82-24b86e2f32da,31a45db8-ceab-bc59-3d5b-7ca528c2c637,Riverdale Manufacturing,VoltageB,V,227.58,2026-08-06T08:00:00.000Z
add0c6af-89ac-594e-33dc-0c3c6a061e37,1136aec2-adde-791a-4879-2dd29550deb5,440e66a4-0438-0f8d-e300-f686285fe89e,Compressor Bank Meter,379eccc0-22a9-c322-1c82-24b86e2f32da,31a45db8-ceab-bc59-3d5b-7ca528c2c637,Riverdale Manufacturing,VoltageC,V,229,2026-08-06T08:00:00.000Z
2acfae04-853a-4d4d-1d30-ea7f965c31c7,1136aec2-adde-791a-4879-2dd29550deb5,440e66a4-0438-0f8d-e300-f686285fe89e,Compressor Bank Meter,379eccc0-22a9-c322-1c82-24b86e2f32da,31a45db8-ceab-bc59-3d5b-7ca528c2c637,Riverdale Manufacturing,CurrentA,A,19.41,2026-08-06T08:00:00.000Z
ad77751e-8bb6-a327-e953-945cdb04249c,1136aec2-adde-791a-4879-2dd29550deb5,440e66a4-0438-0f8d-e300-f686285fe89e,Compressor Bank Meter,379eccc0-22a9-c322-1c82-24b86e2f32da,31a45db8-ceab-bc59-3d5b-7ca528c2c637,Riverdale Manufacturing,ActivePower,kW,4.22,2026-08-06T08:00:00.000Z
bca7a23f-585f-3003-69df-0bccfb8ffb18,1136aec2-adde-791a-4879-2dd29550deb5,440e66a4-0438-0f8d-e300-f686285fe89e,Compressor Bank Meter,379eccc0-22a9-c322-1c82-24b86e2f32da,31a45db8-ceab-bc59-3d5b-7ca528c2c637,Riverdale Manufacturing,PowerFactor,ratio,0.83,2026-08-06T08:00:00.000Z
338f07e7-4cae-0083-c791-5512d4866a52,1136aec2-adde-791a-4879-2dd29550deb5,440e66a4-0438-0f8d-e300-f686285fe89e,Compressor Bank Meter,379eccc0-22a9-c322-1c82-24b86e2f32da,31a45db8-ceab-bc59-3d5b-7ca528c2c637,Riverdale Manufacturing,PowerConsumption,kWh,38.46,2026-08-06T08:00:00.000Z
863ce8f6-d87c-2649-b230-e68b0e718b3e,1136aec2-adde-791a-4879-2dd29550deb5,440e66a4-0438-0f8d-e300-f686285fe89e,Compressor Bank Meter,379eccc0-22a9-c322-1c82-24b86e2f32da,31a45db8-ceab-bc59-3d5b-7ca528c2c637,Riverdale Manufacturing,Frequency,Hz,49.91,2026-08-06T08:00:00.000Z
1a60eac5-a31b-ca6a-5d52-74d30dc10f83,3656f9e6-4b42-d2fe-b48e-81e975a112f4,440e66a4-0438-0f8d-e300-f686285fe89e,Compressor Bank Meter,379eccc0-22a9-c322-1c82-24b86e2f32da,31a45db8-ceab-bc59-3d5b-7ca528c2c637,Riverdale Manufacturing,VoltageA,V,229.56,2026-08-06T07:00:00.000Z
e155fd8e-e743-d8b0-6110-5eb58d323282,3656f9e6-4b42-d2fe-b48e-81e975a112f4,440e66a4-0438-0f8d-e300-f686285fe89e,Compressor Bank Meter,379eccc0-22a9-c322-1c82-24b86e2f32da,31a45db8-ceab-bc59-3d5b-7ca528c2c637,Riverdale Manufacturing,VoltageB,V,228.47,2026-08-06T07:00:00.000Z
d55b4717-384b-340a-04a0-e6750f398df7,3656f9e6-4b42-d2fe-b48e-81e975a112f4,440e66a4-0438-0f8d-e300-f686285fe89e,Compressor Bank Meter,379eccc0-22a9-c322-1c82-24b86e2f32da,31a45db8-ceab-bc59-3d5b-7ca528c2c637,Riverdale Manufacturing,VoltageC,V,230.3,2026-08-06T07:00:00.000Z
15b11892-f763-b1a9-ada8-15a189691ce0,3656f9e6-4b42-d2fe-b48e-81e975a112f4,440e66a4-0438-0f8d-e300-f686285fe89e,Compressor Bank Meter,379eccc0-22a9-c322-1c82-24b86e2f32da,31a45db8-ceab-bc59-3d5b-7ca528c2c637,Riverdale Manufacturing,CurrentA,A,23.24,2026-08-06T07:00:00.000Z
dd3891d5-34c8-1a27-f0dd-2f6d5600a5ad,3656f9e6-4b42-d2fe-b48e-81e975a112f4,440e66a4-0438-0f8d-e300-f686285fe89e,Compressor Bank Meter,379eccc0-22a9-c322-1c82-24b86e2f32da,31a45db8-ceab-bc59-3d5b-7ca528c2c637,Riverdale Manufacturing,ActivePower,kW,4.88,2026-08-06T07:00:00.000Z
4c358c94-3945-825c-1fe4-70056d41fe0e,3656f9e6-4b42-d2fe-b48e-81e975a112f4,440e66a4-0438-0f8d-e300-f686285fe89e,Compressor Bank Meter,379eccc0-22a9-c322-1c82-24b86e2f32da,31a45db8-ceab-bc59-3d5b-7ca528c2c637,Riverdale Manufacturing,PowerFactor,ratio,0.85,2026-08-06T07:00:00.000Z
a610edc3-a4bf-34e8-bb8f-d84275b4e3d9,3656f9e6-4b42-d2fe-b48e-81e975a112f4,440e66a4-0438-0f8d-e300-f686285fe89e,Compressor Bank Meter,379eccc0-22a9-c322-1c82-24b86e2f32da,31a45db8-ceab-bc59-3d5b-7ca528c2c637,Riverdale Manufacturing,PowerConsumption,kWh,38.54,2026-08-06T07:00:00.000Z
bfe4a54a-bc32-63dd-dc89-2dc439ceaddd,3656f9e6-4b42-d2fe-b48e-81e975a112f4,440e66a4-0438-0f8d-e300-f686285fe89e,Compressor Bank Meter,379eccc0-22a9-c322-1c82-24b86e2f32da,31a45db8-ceab-bc59-3d5b-7ca528c2c637,Riverdale Manufacturing,Frequency,Hz,50,2026-08-06T07:00:00.000Z
728e6e03-6639-7926-5291-e75ff73e27e0,1fa1b555-4339-0c76-ca30-b740e4badb91,440e66a4-0438-0f8d-e300-f686285fe89e,Compressor Bank Meter,379eccc0-22a9-c322-1c82-24b86e2f32da,31a45db8-ceab-bc59-3d5b-7ca528c2c637,Riverdale Manufacturing,VoltageA,V,231.6,2026-08-06T06:00:00.000Z
190bb482-723d-bb21-8cba-3db8e705f3f1,1fa1b555-4339-0c76-ca30-b740e4badb91,440e66a4-0438-0f8d-e300-f686285fe89e,Compressor Bank Meter,379eccc0-22a9-c322-1c82-24b86e2f32da,31a45db8-ceab-bc59-3d5b-7ca528c2c637,Riverdale Manufacturing,VoltageB,V,230.21,2026-08-06T06:00:00.000Z
2fabb085-d7e1-bc2b-db2f-6916956ff50e,1fa1b555-4339-0c76-ca30-b740e4badb91,440e66a4-0438-0f8d-e300-f686285fe89e,Compressor Bank Meter,379eccc0-22a9-c322-1c82-24b86e2f32da,31a45db8-ceab-bc59-3d5b-7ca528c2c637,Riverdale Manufacturing,VoltageC,V,232.46,2026-08-06T06:00:00.000Z
89e06ba9-c13d-a2bd-5471-5710bc32aed2,1fa1b555-4339-0c76-ca30-b740e4badb91,440e66a4-0438-0f8d-e300-f686285fe89e,Compressor Bank Meter,379eccc0-22a9-c322-1c82-24b86e2f32da,31a45db8-ceab-bc59-3d5b-7ca528c2c637,Riverdale Manufacturing,CurrentA,A,24.89,2026-08-06T06:00:00.000Z
7942e821-468d-4f4a-b11b-f96b42901abe,1fa1b555-4339-0c76-ca30-b740e4badb91,440e66a4-0438-0f8d-e300-f686285fe89e,Compressor Bank Meter,379eccc0-22a9-c322-1c82-24b86e2f32da,31a45db8-ceab-bc59-3d5b-7ca528c2c637,Riverdale Manufacturing,ActivePower,kW,5.56,2026-08-06T06:00:00.000Z
40d55ec8-5aa4-b785-cf3f-76f36454db6e,1fa1b555-4339-0c76-ca30-b740e4badb91,440e66a4-0438-0f8d-e300-f686285fe89e,Compressor Bank Meter,379eccc0-22a9-c322-1c82-24b86e2f32da,31a45db8-ceab-bc59-3d5b-7ca528c2c637,Riverdale Manufacturing,PowerFactor,ratio,0.87,2026-08-06T06:00:00.000Z
ad6dfa31-c680-5489-43a7-a505f516699b,1fa1b555-4339-0c76-ca30-b740e4badb91,440e66a4-0438-0f8d-e300-f686285fe89e,Compressor Bank Meter,379eccc0-22a9-c322-1c82-24b86e2f32da,31a45db8-ceab-bc59-3d5b-7ca528c2c637,Riverdale Manufacturing,PowerConsumption,kWh,38.62,2026-08-06T06:00:00.000Z
0b6d07f0-05b2-4b7b-5203-e8e6b7af46d6,1fa1b555-4339-0c76-ca30-b740e4badb91,440e66a4-0438-0f8d-e300-f686285fe89e,Compressor Bank Meter,379eccc0-22a9-c322-1c82-24b86e2f32da,31a45db8-ceab-bc59-3d5b-7ca528c2c637,Riverdale Manufacturing,Frequency,Hz,50.07,2026-08-06T06:00:00.000Z
09307afd-181c-f13f-f972-484b342255c7,0eb22cca-16bb-920a-556c-cbd7ad6b8558,440e66a4-0438-0f8d-e300-f686285fe89e,Compressor Bank Meter,379eccc0-22a9-c322-1c82-24b86e2f32da,31a45db8-ceab-bc59-3d5b-7ca528c2c637,Riverdale Manufacturing,VoltageA,V,232.51,2026-08-06T05:00:00.000Z
a6dbf75e-a6dd-5e08-4b22-6edad954bb65,0eb22cca-16bb-920a-556c-cbd7ad6b8558,440e66a4-0438-0f8d-e300-f686285fe89e,Compressor Bank Meter,379eccc0-22a9-c322-1c82-24b86e2f32da,31a45db8-ceab-bc59-3d5b-7ca528c2c637,Riverdale Manufacturing,VoltageB,V,231.14,2026-08-06T05:00:00.000Z
5ab4b7e5-4be3-6711-c3dd-c35dbdabd73e,0eb22cca-16bb-920a-556c-cbd7ad6b8558,440e66a4-0438-0f8d-e300-f686285fe89e,Compressor Bank Meter,379eccc0-22a9-c322-1c82-24b86e2f32da,31a45db8-ceab-bc59-3d5b-7ca528c2c637,Riverdale Manufacturing,VoltageC,V,233.4,2026-08-06T05:00:00.000Z
f9a6dc45-4c4d-ea7d-e5fb-512bc37f6a96,0eb22cca-16bb-920a-556c-cbd7ad6b8558,440e66a4-0438-0f8d-e300-f686285fe89e,Compressor Bank Meter,379eccc0-22a9-c322-1c82-24b86e2f32da,31a45db8-ceab-bc59-3d5b-7ca528c2c637,Riverdale Manufacturing,CurrentA,A,26.9,2026-08-06T05:00:00.000Z
60f8e7b8-f9b2-8ea8-ab33-d66ced0d37fa,0eb22cca-16bb-920a-556c-cbd7ad6b8558,440e66a4-0438-0f8d-e300-f686285fe89e,Compressor Bank Meter,379eccc0-22a9-c322-1c82-24b86e2f32da,31a45db8-ceab-bc59-3d5b-7ca528c2c637,Riverdale Manufacturing,ActivePower,kW,5.89,2026-08-06T05:00:00.000Z
ddc09639-b7f2-ca95-df62-1505e1ebc8c9,0eb22cca-16bb-920a-556c-cbd7ad6b8558,440e66a4-0438-0f8d-e300-f686285fe89e,Compressor Bank Meter,379eccc0-22a9-c322-1c82-24b86e2f32da,31a45db8-ceab-bc59-3d5b-7ca528c2c637,Riverdale Manufacturing,PowerFactor,ratio,0.88,2026-08-06T05:00:00.000Z
763640e2-80c8-f7ae-4080-3fd8067ce818,0eb22cca-16bb-920a-556c-cbd7ad6b8558,440e66a4-0438-0f8d-e300-f686285fe89e,Compressor Bank Meter,379eccc0-22a9-c322-1c82-24b86e2f32da,31a45db8-ceab-bc59-3d5b-7ca528c2c637,Riverdale Manufacturing,PowerConsumption,kWh,38.7,2026-08-06T05:00:00.000Z
eb60ef99-d47c-b212-981c-60bda4fe267c,0eb22cca-16bb-920a-556c-cbd7ad6b8558,440e66a4-0438-0f8d-e300-f686285fe89e,Compressor Bank Meter,379eccc0-22a9-c322-1c82-24b86e2f32da,31a45db8-ceab-bc59-3d5b-7ca528c2c637,Riverdale Manufacturing,Frequency,Hz,50.1,2026-08-06T05:00:00.000Z
3271dbe5-a1d3-b390-d88b-c3f0da8e7d72,38ca0a62-ed8f-676e-b791-20c4dc63bcf6,440e66a4-0438-0f8d-e300-f686285fe89e,Compressor Bank Meter,379eccc0-22a9-c322-1c82-24b86e2f32da,31a45db8-ceab-bc59-3d5b-7ca528c2c637,Riverdale Manufacturing,VoltageA,V,232.82,2026-08-06T04:00:00.000Z
ba18056c-dc29-aace-95a8-7741c7e8a1f3,38ca0a62-ed8f-676e-b791-20c4dc63bcf6,440e66a4-0438-0f8d-e300-f686285fe89e,Compressor Bank Meter,379eccc0-22a9-c322-1c82-24b86e2f32da,31a45db8-ceab-bc59-3d5b-7ca528c2c637,Riverdale Manufacturing,VoltageB,V,232.07,2026-08-06T04:00:00.000Z
8645e9bc-7947-e039-da84-8f238cbe6152,38ca0a62-ed8f-676e-b791-20c4dc63bcf6,440e66a4-0438-0f8d-e300-f686285fe89e,Compressor Bank Meter,379eccc0-22a9-c322-1c82-24b86e2f32da,31a45db8-ceab-bc59-3d5b-7ca528c2c637,Riverdale Manufacturing,VoltageC,V,234.52,2026-08-06T04:00:00.000Z
d2f017b4-a5e5-8883-3d40-05fb8e750d68,38ca0a62-ed8f-676e-b791-20c4dc63bcf6,440e66a4-0438-0f8d-e300-f686285fe89e,Compressor Bank Meter,379eccc0-22a9-c322-1c82-24b86e2f32da,31a45db8-ceab-bc59-3d5b-7ca528c2c637,Riverdale Manufacturing,CurrentA,A,28.51,2026-08-06T04:00:00.000Z
8529335d-6726-2469-135d-9e7ae6f92762,38ca0a62-ed8f-676e-b791-20c4dc63bcf6,440e66a4-0438-0f8d-e300-f686285fe89e,Compressor Bank Meter,379eccc0-22a9-c322-1c82-24b86e2f32da,31a45db8-ceab-bc59-3d5b-7ca528c2c637,Riverdale Manufacturing,ActivePower,kW,6.19,2026-08-06T04:00:00.000Z
70d9b5e5-29b1-796a-3561-5f43e3d43461,38ca0a62-ed8f-676e-b791-20c4dc63bcf6,440e66a4-0438-0f8d-e300-f686285fe89e,Compressor Bank Meter,379eccc0-22a9-c322-1c82-24b86e2f32da,31a45db8-ceab-bc59-3d5b-7ca528c2c637,Riverdale Manufacturing,PowerFactor,ratio,0.9,2026-08-06T04:00:00.000Z
7b6fd487-fd39-692d-59cf-4aea1800038d,38ca0a62-ed8f-676e-b791-20c4dc63bcf6,440e66a4-0438-0f8d-e300-f686285fe89e,Compressor Bank Meter,379eccc0-22a9-c322-1c82-24b86e2f32da,31a45db8-ceab-bc59-3d5b-7ca528c2c637,Riverdale Manufacturing,PowerConsumption,kWh,38.78,2026-08-06T04:00:00.000Z
889380b0-b96d-4bd7-970e-83a64d8c4d3f,38ca0a62-ed8f-676e-b791-20c4dc63bcf6,440e66a4-0438-0f8d-e300-f686285fe89e,Compressor Bank Meter,379eccc0-22a9-c322-1c82-24b86e2f32da,31a45db8-ceab-bc59-3d5b-7ca528c2c637,Riverdale Manufacturing,Frequency,Hz,50.12,2026-08-06T04:00:00.000Z
cd6d9a96-aa69-45ae-cc1c-a0c603ec15c8,c5fc29e5-8401-dc6e-7e2c-6c75328a3614,440e66a4-0438-0f8d-e300-f686285fe89e,Compressor Bank Meter,379eccc0-22a9-c322-1c82-24b86e2f32da,31a45db8-ceab-bc59-3d5b-7ca528c2c637,Riverdale Manufacturing,VoltageA,V,233.55,2026-08-06T02:00:00.000Z
8db8ac14-fb9e-fa91-706f-6ce046146bbf,c5fc29e5-8401-dc6e-7e2c-6c75328a3614,440e66a4-0438-0f8d-e300-f686285fe89e,Compressor Bank Meter,379eccc0-22a9-c322-1c82-24b86e2f32da,31a45db8-ceab-bc59-3d5b-7ca528c2c637,Riverdale Manufacturing,VoltageB,V,232.54,2026-08-06T02:00:00.000Z
27c70492-ae60-4e16-a5f6-df27e1e6b9b4,c5fc29e5-8401-dc6e-7e2c-6c75328a3614,440e66a4-0438-0f8d-e300-f686285fe89e,Compressor Bank Meter,379eccc0-22a9-c322-1c82-24b86e2f32da,31a45db8-ceab-bc59-3d5b-7ca528c2c637,Riverdale Manufacturing,VoltageC,V,234.19,2026-08-06T02:00:00.000Z
44e99875-fd6c-10b0-bbea-39b6d989908e,c5fc29e5-8401-dc6e-7e2c-6c75328a3614,440e66a4-0438-0f8d-e300-f686285fe89e,Compressor Bank Meter,379eccc0-22a9-c322-1c82-24b86e2f32da,31a45db8-ceab-bc59-3d5b-7ca528c2c637,Riverdale Manufacturing,CurrentA,A,28.6,2026-08-06T02:00:00.000Z
5cf0b519-5e67-1e0b-3f6e-e34687144034,c5fc29e5-8401-dc6e-7e2c-6c75328a3614,440e66a4-0438-0f8d-e300-f686285fe89e,Compressor Bank Meter,379eccc0-22a9-c322-1c82-24b86e2f32da,31a45db8-ceab-bc59-3d5b-7ca528c2c637,Riverdale Manufacturing,ActivePower,kW,6.3,2026-08-06T02:00:00.000Z
629fbd3c-d23e-8622-2e0b-dd07e1b8045a,c5fc29e5-8401-dc6e-7e2c-6c75328a3614,440e66a4-0438-0f8d-e300-f686285fe89e,Compressor Bank Meter,379eccc0-22a9-c322-1c82-24b86e2f32da,31a45db8-ceab-bc59-3d5b-7ca528c2c637,Riverdale Manufacturing,PowerFactor,ratio,0.9,2026-08-06T02:00:00.000Z
e7823242-3266-4709-5ead-efa3ce650d2a,c5fc29e5-8401-dc6e-7e2c-6c75328a3614,440e66a4-0438-0f8d-e300-f686285fe89e,Compressor Bank Meter,379eccc0-22a9-c322-1c82-24b86e2f32da,31a45db8-ceab-bc59-3d5b-7ca528c2c637,Riverdale Manufacturing,PowerConsumption,kWh,38.94,2026-08-06T02:00:00.000Z
13fb7741-888e-db2a-3cfe-2ad1f5df737c,c5fc29e5-8401-dc6e-7e2c-6c75328a3614,440e66a4-0438-0f8d-e300-f686285fe89e,Compressor Bank Meter,379eccc0-22a9-c322-1c82-24b86e2f32da,31a45db8-ceab-bc59-3d5b-7ca528c2c637,Riverdale Manufacturing,Frequency,Hz,50.15,2026-08-06T02:00:00.000Z
a1006ac9-4a1a-749d-576f-be7cadc6cedb,48fbe06a-3eec-dcc0-c286-7e3b6663859e,440e66a4-0438-0f8d-e300-f686285fe89e,Compressor Bank Meter,379eccc0-22a9-c322-1c82-24b86e2f32da,31a45db8-ceab-bc59-3d5b-7ca528c2c637,Riverdale Manufacturing,VoltageA,V,232.07,2026-08-06T00:00:00.000Z
187ab738-7046-f56b-37ec-9527d5a244ae,48fbe06a-3eec-dcc0-c286-7e3b6663859e,440e66a4-0438-0f8d-e300-f686285fe89e,Compressor Bank Meter,379eccc0-22a9-c322-1c82-24b86e2f32da,31a45db8-ceab-bc59-3d5b-7ca528c2c637,Riverdale Manufacturing,VoltageB,V,230.76,2026-08-06T00:00:00.000Z
206df221-c30c-42ba-4e15-8108f9375c4b,48fbe06a-3eec-dcc0-c286-7e3b6663859e,440e66a4-0438-0f8d-e300-f686285fe89e,Compressor Bank Meter,379eccc0-22a9-c322-1c82-24b86e2f32da,31a45db8-ceab-bc59-3d5b-7ca528c2c637,Riverdale Manufacturing,VoltageC,V,232.25,2026-08-06T00:00:00.000Z
f3e760b3-e426-374d-8407-5343f046b7b4,48fbe06a-3eec-dcc0-c286-7e3b6663859e,440e66a4-0438-0f8d-e300-f686285fe89e,Compressor Bank Meter,379eccc0-22a9-c322-1c82-24b86e2f32da,31a45db8-ceab-bc59-3d5b-7ca528c2c637,Riverdale Manufacturing,CurrentA,A,25.92,2026-08-06T00:00:00.000Z
ea862fe1-9d92-b20c-0647-0a1eaa3c85d4,48fbe06a-3eec-dcc0-c286-7e3b6663859e,440e66a4-0438-0f8d-e300-f686285fe89e,Compressor Bank Meter,379eccc0-22a9-c322-1c82-24b86e2f32da,31a45db8-ceab-bc59-3d5b-7ca528c2c637,Riverdale Manufacturing,ActivePower,kW,5.42,2026-08-06T00:00:00.000Z
63272367-789f-6cc7-a750-a556e48eaa9e,48fbe06a-3eec-dcc0-c286-7e3b6663859e,440e66a4-0438-0f8d-e300-f686285fe89e,Compressor Bank Meter,379eccc0-22a9-c322-1c82-24b86e2f32da,31a45db8-ceab-bc59-3d5b-7ca528c2c637,Riverdale Manufacturing,PowerFactor,ratio,0.87,2026-08-06T00:00:00.000Z
b8db8d4f-94cc-cb03-4fe1-bf256c77dafb,48fbe06a-3eec-dcc0-c286-7e3b6663859e,440e66a4-0438-0f8d-e300-f686285fe89e,Compressor Bank Meter,379eccc0-22a9-c322-1c82-24b86e2f32da,31a45db8-ceab-bc59-3d5b-7ca528c2c637,Riverdale Manufacturing,PowerConsumption,kWh,39.1,2026-08-06T00:00:00.000Z
3a468bea-b11d-ec37-d3f4-b16d8033f59c,48fbe06a-3eec-dcc0-c286-7e3b6663859e,440e66a4-0438-0f8d-e300-f686285fe89e,Compressor Bank Meter,379eccc0-22a9-c322-1c82-24b86e2f32da,31a45db8-ceab-bc59-3d5b-7ca528c2c637,Riverdale Manufacturing,Frequency,Hz,50.08,2026-08-06T00:00:00.000Z
be6613ce-bc63-db18-655b-d6ed1e408a82,3e37c47e-64f9-17c9-8b5a-91c9a2ef1b71,440e66a4-0438-0f8d-e300-f686285fe89e,Compressor Bank Meter,379eccc0-22a9-c322-1c82-24b86e2f32da,31a45db8-ceab-bc59-3d5b-7ca528c2c637,Riverdale Manufacturing,VoltageA,V,229.23,2026-08-05T22:00:00.000Z
b5ff462d-f270-35cd-740b-0d9363ce8ead,3e37c47e-64f9-17c9-8b5a-91c9a2ef1b71,440e66a4-0438-0f8d-e300-f686285fe89e,Compressor Bank Meter,379eccc0-22a9-c322-1c82-24b86e2f32da,31a45db8-ceab-bc59-3d5b-7ca528c2c637,Riverdale Manufacturing,VoltageB,V,227.91,2026-08-05T22:00:00.000Z
15fe6b7f-c47d-1a40-7ae2-64923abc8062,3e37c47e-64f9-17c9-8b5a-91c9a2ef1b71,440e66a4-0438-0f8d-e300-f686285fe89e,Compressor Bank Meter,379eccc0-22a9-c322-1c82-24b86e2f32da,31a45db8-ceab-bc59-3d5b-7ca528c2c637,Riverdale Manufacturing,VoltageC,V,229.72,2026-08-05T22:00:00.000Z
3c3f2448-1cd1-7ac8-f4e1-ac32d61985a6,3e37c47e-64f9-17c9-8b5a-91c9a2ef1b71,440e66a4-0438-0f8d-e300-f686285fe89e,Compressor Bank Meter,379eccc0-22a9-c322-1c82-24b86e2f32da,31a45db8-ceab-bc59-3d5b-7ca528c2c637,Riverdale Manufacturing,CurrentA,A,21.56,2026-08-05T22:00:00.000Z
ff8ebada-7833-2afb-3acc-d5b3e77f54d0,3e37c47e-64f9-17c9-8b5a-91c9a2ef1b71,440e66a4-0438-0f8d-e300-f686285fe89e,Compressor Bank Meter,379eccc0-22a9-c322-1c82-24b86e2f32da,31a45db8-ceab-bc59-3d5b-7ca528c2c637,Riverdale Manufacturing,ActivePower,kW,4.37,2026-08-05T22:00:00.000Z
aa7a1ea1-dfe2-7ac9-ca17-50d213a22a73,3e37c47e-64f9-17c9-8b5a-91c9a2ef1b71,440e66a4-0438-0f8d-e300-f686285fe89e,Compressor Bank Meter,379eccc0-22a9-c322-1c82-24b86e2f32da,31a45db8-ceab-bc59-3d5b-7ca528c2c637,Riverdale Manufacturing,PowerFactor,ratio,0.84,2026-08-05T22:00:00.000Z
f52ffa13-6b07-dcc6-2c5b-f4acf6bda3e7,3e37c47e-64f9-17c9-8b5a-91c9a2ef1b71,440e66a4-0438-0f8d-e300-f686285fe89e,Compressor Bank Meter,379eccc0-22a9-c322-1c82-24b86e2f32da,31a45db8-ceab-bc59-3d5b-7ca528c2c637,Riverdale Manufacturing,PowerConsumption,kWh,39.26,2026-08-05T22:00:00.000Z
7ece185c-3f89-70a5-9190-110d332b8928,3e37c47e-64f9-17c9-8b5a-91c9a2ef1b71,440e66a4-0438-0f8d-e300-f686285fe89e,Compressor Bank Meter,379eccc0-22a9-c322-1c82-24b86e2f32da,31a45db8-ceab-bc59-3d5b-7ca528c2c637,Riverdale Manufacturing,Frequency,Hz,49.92,2026-08-05T22:00:00.000Z
74e65483-9122-0507-3808-beb2eb310463,c0f793cf-4958-cc8a-d1fe-a2201eb0d215,77d1f9a2-f1c3-5104-6e19-f489ad2a9353,Warehouse Main Meter,d1c88213-1463-f457-ecc6-d5954de61322,31a45db8-ceab-bc59-3d5b-7ca528c2c637,Riverdale Manufacturing,VoltageA,V,234,2026-08-06T10:00:00.000Z
7f4714f8-ec9b-ff7d-edb8-baee65a7bf23,c0f793cf-4958-cc8a-d1fe-a2201eb0d215,77d1f9a2-f1c3-5104-6e19-f489ad2a9353,Warehouse Main Meter,d1c88213-1463-f457-ecc6-d5954de61322,31a45db8-ceab-bc59-3d5b-7ca528c2c637,Riverdale Manufacturing,VoltageB,V,232.34,2026-08-06T10:00:00.000Z
034ce3b7-41eb-98cf-98cf-7f9f8af332ad,c0f793cf-4958-cc8a-d1fe-a2201eb0d215,77d1f9a2-f1c3-5104-6e19-f489ad2a9353,Warehouse Main Meter,d1c88213-1463-f457-ecc6-d5954de61322,31a45db8-ceab-bc59-3d5b-7ca528c2c637,Riverdale Manufacturing,VoltageC,V,234.7,2026-08-06T10:00:00.000Z
fec6f883-6e55-9d17-ba28-0037008b2889,c0f793cf-4958-cc8a-d1fe-a2201eb0d215,77d1f9a2-f1c3-5104-6e19-f489ad2a9353,Warehouse Main Meter,d1c88213-1463-f457-ecc6-d5954de61322,31a45db8-ceab-bc59-3d5b-7ca528c2c637,Riverdale Manufacturing,CurrentA,A,29.57,2026-08-06T10:00:00.000Z
4e4d7416-be18-8a01-8d01-b153d5afdb5d,c0f793cf-4958-cc8a-d1fe-a2201eb0d215,77d1f9a2-f1c3-5104-6e19-f489ad2a9353,Warehouse Main Meter,d1c88213-1463-f457-ecc6-d5954de61322,31a45db8-ceab-bc59-3d5b-7ca528c2c637,Riverdale Manufacturing,ActivePower,kW,6.45,2026-08-06T10:00:00.000Z
96803db5-7199-2047-6cec-62510e369de9,c0f793cf-4958-cc8a-d1fe-a2201eb0d215,77d1f9a2-f1c3-5104-6e19-f489ad2a9353,Warehouse Main Meter,d1c88213-1463-f457-ecc6-d5954de61322,31a45db8-ceab-bc59-3d5b-7ca528c2c637,Riverdale Manufacturing,PowerFactor,ratio,0.89,2026-08-06T10:00:00.000Z
398461fa-a4e4-6d7f-132e-e4bb268b9044,c0f793cf-4958-cc8a-d1fe-a2201eb0d215,77d1f9a2-f1c3-5104-6e19-f489ad2a9353,Warehouse Main Meter,d1c88213-1463-f457-ecc6-d5954de61322,31a45db8-ceab-bc59-3d5b-7ca528c2c637,Riverdale Manufacturing,PowerConsumption,kWh,45.7,2026-08-06T10:00:00.000Z
b595d8ba-f380-f595-18f0-4765e2bc358e,c0f793cf-4958-cc8a-d1fe-a2201eb0d215,77d1f9a2-f1c3-5104-6e19-f489ad2a9353,Warehouse Main Meter,d1c88213-1463-f457-ecc6-d5954de61322,31a45db8-ceab-bc59-3d5b-7ca528c2c637,Riverdale Manufacturing,Frequency,Hz,50.13,2026-08-06T10:00:00.000Z
a0bc0455-59d5-8d3e-9868-f978ecc6389d,a4d3f30a-1482-2d03-69c5-9ad88b56fead,77d1f9a2-f1c3-5104-6e19-f489ad2a9353,Warehouse Main Meter,d1c88213-1463-f457-ecc6-d5954de61322,31a45db8-ceab-bc59-3d5b-7ca528c2c637,Riverdale Manufacturing,VoltageA,V,232.92,2026-08-06T09:00:00.000Z
34a1bdcb-aa2f-658e-0da0-10d74cd72017,a4d3f30a-1482-2d03-69c5-9ad88b56fead,77d1f9a2-f1c3-5104-6e19-f489ad2a9353,Warehouse Main Meter,d1c88213-1463-f457-ecc6-d5954de61322,31a45db8-ceab-bc59-3d5b-7ca528c2c637,Riverdale Manufacturing,VoltageB,V,231.78,2026-08-06T09:00:00.000Z
6b5c868c-644b-4150-aa92-a84e90a3c14d,a4d3f30a-1482-2d03-69c5-9ad88b56fead,77d1f9a2-f1c3-5104-6e19-f489ad2a9353,Warehouse Main Meter,d1c88213-1463-f457-ecc6-d5954de61322,31a45db8-ceab-bc59-3d5b-7ca528c2c637,Riverdale Manufacturing,VoltageC,V,234.14,2026-08-06T09:00:00.000Z
c7e53c4d-5fc2-6e21-cd18-d67d142fd0b7,a4d3f30a-1482-2d03-69c5-9ad88b56fead,77d1f9a2-f1c3-5104-6e19-f489ad2a9353,Warehouse Main Meter,d1c88213-1463-f457-ecc6-d5954de61322,31a45db8-ceab-bc59-3d5b-7ca528c2c637,Riverdale Manufacturing,CurrentA,A,30.06,2026-08-06T09:00:00.000Z
d558e729-f749-3a47-b457-0bcb348a836e,a4d3f30a-1482-2d03-69c5-9ad88b56fead,77d1f9a2-f1c3-5104-6e19-f489ad2a9353,Warehouse Main Meter,d1c88213-1463-f457-ecc6-d5954de61322,31a45db8-ceab-bc59-3d5b-7ca528c2c637,Riverdale Manufacturing,ActivePower,kW,6.25,2026-08-06T09:00:00.000Z
e3201a36-0f36-2163-48bd-2397df06c3ab,a4d3f30a-1482-2d03-69c5-9ad88b56fead,77d1f9a2-f1c3-5104-6e19-f489ad2a9353,Warehouse Main Meter,d1c88213-1463-f457-ecc6-d5954de61322,31a45db8-ceab-bc59-3d5b-7ca528c2c637,Riverdale Manufacturing,PowerFactor,ratio,0.9,2026-08-06T09:00:00.000Z
4f7e9713-968e-8679-9c33-3bc121ee1278,a4d3f30a-1482-2d03-69c5-9ad88b56fead,77d1f9a2-f1c3-5104-6e19-f489ad2a9353,Warehouse Main Meter,d1c88213-1463-f457-ecc6-d5954de61322,31a45db8-ceab-bc59-3d5b-7ca528c2c637,Riverdale Manufacturing,PowerConsumption,kWh,45.78,2026-08-06T09:00:00.000Z
94d986d5-e61d-36cd-b707-fefbb17a0f9d,a4d3f30a-1482-2d03-69c5-9ad88b56fead,77d1f9a2-f1c3-5104-6e19-f489ad2a9353,Warehouse Main Meter,d1c88213-1463-f457-ecc6-d5954de61322,31a45db8-ceab-bc59-3d5b-7ca528c2c637,Riverdale Manufacturing,Frequency,Hz,50.14,2026-08-06T09:00:00.000Z
3dccad42-5375-5420-d7b0-7522c04f6d32,856bf64e-af40-d70e-735a-df69af2f6967,77d1f9a2-f1c3-5104-6e19-f489ad2a9353,Warehouse Main Meter,d1c88213-1463-f457-ecc6-d5954de61322,31a45db8-ceab-bc59-3d5b-7ca528c2c637,Riverdale Manufacturing,VoltageA,V,232.05,2026-08-06T08:00:00.000Z
2b14e525-c898-b875-a7c5-29d4dd8c9a16,856bf64e-af40-d70e-735a-df69af2f6967,77d1f9a2-f1c3-5104-6e19-f489ad2a9353,Warehouse Main Meter,d1c88213-1463-f457-ecc6-d5954de61322,31a45db8-ceab-bc59-3d5b-7ca528c2c637,Riverdale Manufacturing,VoltageB,V,231.81,2026-08-06T08:00:00.000Z
35e86611-a369-47d1-0b6e-7186bef71041,856bf64e-af40-d70e-735a-df69af2f6967,77d1f9a2-f1c3-5104-6e19-f489ad2a9353,Warehouse Main Meter,d1c88213-1463-f457-ecc6-d5954de61322,31a45db8-ceab-bc59-3d5b-7ca528c2c637,Riverdale Manufacturing,VoltageC,V,232.91,2026-08-06T08:00:00.000Z
9a4c3d21-e226-2d86-e81c-fe7a211084d9,856bf64e-af40-d70e-735a-df69af2f6967,77d1f9a2-f1c3-5104-6e19-f489ad2a9353,Warehouse Main Meter,d1c88213-1463-f457-ecc6-d5954de61322,31a45db8-ceab-bc59-3d5b-7ca528c2c637,Riverdale Manufacturing,CurrentA,A,28.26,2026-08-06T08:00:00.000Z
fc2d0218-b2cf-e37e-c731-bc95217c75bd,856bf64e-af40-d70e-735a-df69af2f6967,77d1f9a2-f1c3-5104-6e19-f489ad2a9353,Warehouse Main Meter,d1c88213-1463-f457-ecc6-d5954de61322,31a45db8-ceab-bc59-3d5b-7ca528c2c637,Riverdale Manufacturing,ActivePower,kW,6.01,2026-08-06T08:00:00.000Z
3e8c56c6-2689-fd11-6c38-cdeb71b4732e,856bf64e-af40-d70e-735a-df69af2f6967,77d1f9a2-f1c3-5104-6e19-f489ad2a9353,Warehouse Main Meter,d1c88213-1463-f457-ecc6-d5954de61322,31a45db8-ceab-bc59-3d5b-7ca528c2c637,Riverdale Manufacturing,PowerFactor,ratio,0.88,2026-08-06T08:00:00.000Z
663948f9-6f3e-89c7-d28b-767cf8fea367,856bf64e-af40-d70e-735a-df69af2f6967,77d1f9a2-f1c3-5104-6e19-f489ad2a9353,Warehouse Main Meter,d1c88213-1463-f457-ecc6-d5954de61322,31a45db8-ceab-bc59-3d5b-7ca528c2c637,Riverdale Manufacturing,PowerConsumption,kWh,45.86,2026-08-06T08:00:00.000Z
667d2a6b-be98-fe5d-296f-2116844c9c98,856bf64e-af40-d70e-735a-df69af2f6967,77d1f9a2-f1c3-5104-6e19-f489ad2a9353,Warehouse Main Meter,d1c88213-1463-f457-ecc6-d5954de61322,31a45db8-ceab-bc59-3d5b-7ca528c2c637,Riverdale Manufacturing,Frequency,Hz,50.12,2026-08-06T08:00:00.000Z
795544ec-0f6b-737d-bcfd-54a0fcd1c6b6,54dbf727-d0cc-d17b-008f-d268844152c1,77d1f9a2-f1c3-5104-6e19-f489ad2a9353,Warehouse Main Meter,d1c88213-1463-f457-ecc6-d5954de61322,31a45db8-ceab-bc59-3d5b-7ca528c2c637,Riverdale Manufacturing,VoltageA,V,231.74,2026-08-06T07:00:00.000Z
668ba4f2-e827-2f3b-469f-56a28d58f4d2,54dbf727-d0cc-d17b-008f-d268844152c1,77d1f9a2-f1c3-5104-6e19-f489ad2a9353,Warehouse Main Meter,d1c88213-1463-f457-ecc6-d5954de61322,31a45db8-ceab-bc59-3d5b-7ca528c2c637,Riverdale Manufacturing,VoltageB,V,230.36,2026-08-06T07:00:00.000Z
e295dab8-d790-d73e-b4c3-5fc061f84447,54dbf727-d0cc-d17b-008f-d268844152c1,77d1f9a2-f1c3-5104-6e19-f489ad2a9353,Warehouse Main Meter,d1c88213-1463-f457-ecc6-d5954de61322,31a45db8-ceab-bc59-3d5b-7ca528c2c637,Riverdale Manufacturing,VoltageC,V,232.28,2026-08-06T07:00:00.000Z
b4413fc5-f78b-ac66-76dd-082fddf62dfd,54dbf727-d0cc-d17b-008f-d268844152c1,77d1f9a2-f1c3-5104-6e19-f489ad2a9353,Warehouse Main Meter,d1c88213-1463-f457-ecc6-d5954de61322,31a45db8-ceab-bc59-3d5b-7ca528c2c637,Riverdale Manufacturing,CurrentA,A,25.15,2026-08-06T07:00:00.000Z
e1a5a78f-5c5f-baed-99f5-acb7c8379f82,54dbf727-d0cc-d17b-008f-d268844152c1,77d1f9a2-f1c3-5104-6e19-f489ad2a9353,Warehouse Main Meter,d1c88213-1463-f457-ecc6-d5954de61322,31a45db8-ceab-bc59-3d5b-7ca528c2c637,Riverdale Manufacturing,ActivePower,kW,5.37,2026-08-06T07:00:00.000Z
d776f085-9795-76f8-0648-b8c402bf9035,54dbf727-d0cc-d17b-008f-d268844152c1,77d1f9a2-f1c3-5104-6e19-f489ad2a9353,Warehouse Main Meter,d1c88213-1463-f457-ecc6-d5954de61322,31a45db8-ceab-bc59-3d5b-7ca528c2c637,Riverdale Manufacturing,PowerFactor,ratio,0.87,2026-08-06T07:00:00.000Z
8a3eb5f1-c3fd-8a09-96e2-93be42f22a75,54dbf727-d0cc-d17b-008f-d268844152c1,77d1f9a2-f1c3-5104-6e19-f489ad2a9353,Warehouse Main Meter,d1c88213-1463-f457-ecc6-d5954de61322,31a45db8-ceab-bc59-3d5b-7ca528c2c637,Riverdale Manufacturing,PowerConsumption,kWh,45.94,2026-08-06T07:00:00.000Z
4499462a-76f0-8055-9ca6-df48621bed67,54dbf727-d0cc-d17b-008f-d268844152c1,77d1f9a2-f1c3-5104-6e19-f489ad2a9353,Warehouse Main Meter,d1c88213-1463-f457-ecc6-d5954de61322,31a45db8-ceab-bc59-3d5b-7ca528c2c637,Riverdale Manufacturing,Frequency,Hz,50.07,2026-08-06T07:00:00.000Z
bb10ce02-d3d5-baa7-1a9d-5092af3ed6c8,97769b7d-8335-3328-f28c-48f1b0517ad8,77d1f9a2-f1c3-5104-6e19-f489ad2a9353,Warehouse Main Meter,d1c88213-1463-f457-ecc6-d5954de61322,31a45db8-ceab-bc59-3d5b-7ca528c2c637,Riverdale Manufacturing,VoltageA,V,229.57,2026-08-06T06:00:00.000Z
02b528d0-6af7-5d31-9de5-fdabc6a025ff,97769b7d-8335-3328-f28c-48f1b0517ad8,77d1f9a2-f1c3-5104-6e19-f489ad2a9353,Warehouse Main Meter,d1c88213-1463-f457-ecc6-d5954de61322,31a45db8-ceab-bc59-3d5b-7ca528c2c637,Riverdale Manufacturing,VoltageB,V,228.48,2026-08-06T06:00:00.000Z
8f46a431-01b0-b411-e968-f0810ea5c493,97769b7d-8335-3328-f28c-48f1b0517ad8,77d1f9a2-f1c3-5104-6e19-f489ad2a9353,Warehouse Main Meter,d1c88213-1463-f457-ecc6-d5954de61322,31a45db8-ceab-bc59-3d5b-7ca528c2c637,Riverdale Manufacturing,VoltageC,V,231.3,2026-08-06T06:00:00.000Z
0b983c20-a383-efbc-890f-edcb0907a75f,97769b7d-8335-3328-f28c-48f1b0517ad8,77d1f9a2-f1c3-5104-6e19-f489ad2a9353,Warehouse Main Meter,d1c88213-1463-f457-ecc6-d5954de61322,31a45db8-ceab-bc59-3d5b-7ca528c2c637,Riverdale Manufacturing,CurrentA,A,21.88,2026-08-06T06:00:00.000Z
f11fd47d-6449-0816-048c-31074614a17c,97769b7d-8335-3328-f28c-48f1b0517ad8,77d1f9a2-f1c3-5104-6e19-f489ad2a9353,Warehouse Main Meter,d1c88213-1463-f457-ecc6-d5954de61322,31a45db8-ceab-bc59-3d5b-7ca528c2c637,Riverdale Manufacturing,ActivePower,kW,5.04,2026-08-06T06:00:00.000Z
c5ff638e-98c8-9df0-3d5d-059e7cbbf7f6,97769b7d-8335-3328-f28c-48f1b0517ad8,77d1f9a2-f1c3-5104-6e19-f489ad2a9353,Warehouse Main Meter,d1c88213-1463-f457-ecc6-d5954de61322,31a45db8-ceab-bc59-3d5b-7ca528c2c637,Riverdale Manufacturing,PowerFactor,ratio,0.85,2026-08-06T06:00:00.000Z
271f6436-7716-f482-b7e8-ca42c9402fad,97769b7d-8335-3328-f28c-48f1b0517ad8,77d1f9a2-f1c3-5104-6e19-f489ad2a9353,Warehouse Main Meter,d1c88213-1463-f457-ecc6-d5954de61322,31a45db8-ceab-bc59-3d5b-7ca528c2c637,Riverdale Manufacturing,PowerConsumption,kWh,46.02,2026-08-06T06:00:00.000Z
f14d64bf-810f-a422-371e-3ccfc7c9d7ed,97769b7d-8335-3328-f28c-48f1b0517ad8,77d1f9a2-f1c3-5104-6e19-f489ad2a9353,Warehouse Main Meter,d1c88213-1463-f457-ecc6-d5954de61322,31a45db8-ceab-bc59-3d5b-7ca528c2c637,Riverdale Manufacturing,Frequency,Hz,50.01,2026-08-06T06:00:00.000Z
5d19a800-96c1-396a-b3ff-96ef1c093580,b8147ac8-c800-13ba-8c6a-c49d8212d95f,77d1f9a2-f1c3-5104-6e19-f489ad2a9353,Warehouse Main Meter,d1c88213-1463-f457-ecc6-d5954de61322,31a45db8-ceab-bc59-3d5b-7ca528c2c637,Riverdale Manufacturing,VoltageA,V,228.18,2026-08-06T05:00:00.000Z
959a318d-0bc6-4b4f-06e7-5b57d0478733,b8147ac8-c800-13ba-8c6a-c49d8212d95f,77d1f9a2-f1c3-5104-6e19-f489ad2a9353,Warehouse Main Meter,d1c88213-1463-f457-ecc6-d5954de61322,31a45db8-ceab-bc59-3d5b-7ca528c2c637,Riverdale Manufacturing,VoltageB,V,227.56,2026-08-06T05:00:00.000Z
368629b9-2145-9573-ee1f-faa5c4a9584a,b8147ac8-c800-13ba-8c6a-c49d8212d95f,77d1f9a2-f1c3-5104-6e19-f489ad2a9353,Warehouse Main Meter,d1c88213-1463-f457-ecc6-d5954de61322,31a45db8-ceab-bc59-3d5b-7ca528c2c637,Riverdale Manufacturing,VoltageC,V,228.89,2026-08-06T05:00:00.000Z
74ebad0a-f0d2-4bb0-8d99-af4edc25fc05,b8147ac8-c800-13ba-8c6a-c49d8212d95f,77d1f9a2-f1c3-5104-6e19-f489ad2a9353,Warehouse Main Meter,d1c88213-1463-f457-ecc6-d5954de61322,31a45db8-ceab-bc59-3d5b-7ca528c2c637,Riverdale Manufacturing,CurrentA,A,20.62,2026-08-06T05:00:00.000Z
7bfc6efd-2ac1-9274-da36-d329258cee58,b8147ac8-c800-13ba-8c6a-c49d8212d95f,77d1f9a2-f1c3-5104-6e19-f489ad2a9353,Warehouse Main Meter,d1c88213-1463-f457-ecc6-d5954de61322,31a45db8-ceab-bc59-3d5b-7ca528c2c637,Riverdale Manufacturing,ActivePower,kW,4.2,2026-08-06T05:00:00.000Z
c2738b00-598b-a20f-f40f-1c66dda459ce,b8147ac8-c800-13ba-8c6a-c49d8212d95f,77d1f9a2-f1c3-5104-6e19-f489ad2a9353,Warehouse Main Meter,d1c88213-1463-f457-ecc6-d5954de61322,31a45db8-ceab-bc59-3d5b-7ca528c2c637,Riverdale Manufacturing,PowerFactor,ratio,0.84,2026-08-06T05:00:00.000Z
013a7fae-961a-68fe-cb78-09cc487573e1,b8147ac8-c800-13ba-8c6a-c49d8212d95f,77d1f9a2-f1c3-5104-6e19-f489ad2a9353,Warehouse Main Meter,d1c88213-1463-f457-ecc6-d5954de61322,31a45db8-ceab-bc59-3d5b-7ca528c2c637,Riverdale Manufacturing,PowerConsumption,kWh,46.1,2026-08-06T05:00:00.000Z
bb7e15d1-2610-d04e-ac5b-a2cc82a3d7b2,b8147ac8-c800-13ba-8c6a-c49d8212d95f,77d1f9a2-f1c3-5104-6e19-f489ad2a9353,Warehouse Main Meter,d1c88213-1463-f457-ecc6-d5954de61322,31a45db8-ceab-bc59-3d5b-7ca528c2c637,Riverdale Manufacturing,Frequency,Hz,49.94,2026-08-06T05:00:00.000Z
a11c92c0-e0ef-3569-21f6-c5339ec12369,93bda492-ac79-7512-6481-b848a01353ab,77d1f9a2-f1c3-5104-6e19-f489ad2a9353,Warehouse Main Meter,d1c88213-1463-f457-ecc6-d5954de61322,31a45db8-ceab-bc59-3d5b-7ca528c2c637,Riverdale Manufacturing,VoltageA,V,227.62,2026-08-06T04:00:00.000Z
7637358d-20bd-d744-0cde-f0ca3661d719,93bda492-ac79-7512-6481-b848a01353ab,77d1f9a2-f1c3-5104-6e19-f489ad2a9353,Warehouse Main Meter,d1c88213-1463-f457-ecc6-d5954de61322,31a45db8-ceab-bc59-3d5b-7ca528c2c637,Riverdale Manufacturing,VoltageB,V,226.2,2026-08-06T04:00:00.000Z
a03642db-f82e-7af4-e6e3-69447145b45f,93bda492-ac79-7512-6481-b848a01353ab,77d1f9a2-f1c3-5104-6e19-f489ad2a9353,Warehouse Main Meter,d1c88213-1463-f457-ecc6-d5954de61322,31a45db8-ceab-bc59-3d5b-7ca528c2c637,Riverdale Manufacturing,VoltageC,V,228.59,2026-08-06T04:00:00.000Z
136c72aa-b899-2d05-6e5c-7d74d9e0bcb1,93bda492-ac79-7512-6481-b848a01353ab,77d1f9a2-f1c3-5104-6e19-f489ad2a9353,Warehouse Main Meter,d1c88213-1463-f457-ecc6-d5954de61322,31a45db8-ceab-bc59-3d5b-7ca528c2c637,Riverdale Manufacturing,CurrentA,A,17.18,2026-08-06T04:00:00.000Z
b4a5af69-4275-46a7-5724-b9046a0a46f9,93bda492-ac79-7512-6481-b848a01353ab,77d1f9a2-f1c3-5104-6e19-f489ad2a9353,Warehouse Main Meter,d1c88213-1463-f457-ecc6-d5954de61322,31a45db8-ceab-bc59-3d5b-7ca528c2c637,Riverdale Manufacturing,ActivePower,kW,4.08,2026-08-06T04:00:00.000Z
fb47c519-d940-ff6c-455a-c001296981e0,93bda492-ac79-7512-6481-b848a01353ab,77d1f9a2-f1c3-5104-6e19-f489ad2a9353,Warehouse Main Meter,d1c88213-1463-f457-ecc6-d5954de61322,31a45db8-ceab-bc59-3d5b-7ca528c2c637,Riverdale Manufacturing,PowerFactor,ratio,0.82,2026-08-06T04:00:00.000Z
4a039d5c-2507-d231-d1cb-0fdee1cdfd39,93bda492-ac79-7512-6481-b848a01353ab,77d1f9a2-f1c3-5104-6e19-f489ad2a9353,Warehouse Main Meter,d1c88213-1463-f457-ecc6-d5954de61322,31a45db8-ceab-bc59-3d5b-7ca528c2c637,Riverdale Manufacturing,PowerConsumption,kWh,46.18,2026-08-06T04:00:00.000Z
9221f506-2628-ffb0-aab1-53ab818b7efb,93bda492-ac79-7512-6481-b848a01353ab,77d1f9a2-f1c3-5104-6e19-f489ad2a9353,Warehouse Main Meter,d1c88213-1463-f457-ecc6-d5954de61322,31a45db8-ceab-bc59-3d5b-7ca528c2c637,Riverdale Manufacturing,Frequency,Hz,49.88,2026-08-06T04:00:00.000Z
48b4afd3-fdaa-8b41-1900-3161a215f3cb,3f71a17d-41ca-53f5-b125-0eb116c2f791,77d1f9a2-f1c3-5104-6e19-f489ad2a9353,Warehouse Main Meter,d1c88213-1463-f457-ecc6-d5954de61322,31a45db8-ceab-bc59-3d5b-7ca528c2c637,Riverdale Manufacturing,VoltageA,V,225.98,2026-08-06T02:00:00.000Z
fe4c3f8a-5f25-f840-fb9d-67db1dd2e2c5,3f71a17d-41ca-53f5-b125-0eb116c2f791,77d1f9a2-f1c3-5104-6e19-f489ad2a9353,Warehouse Main Meter,d1c88213-1463-f457-ecc6-d5954de61322,31a45db8-ceab-bc59-3d5b-7ca528c2c637,Riverdale Manufacturing,VoltageB,V,224.96,2026-08-06T02:00:00.000Z
6faf7b24-e406-7b54-3958-b7500201d4b0,3f71a17d-41ca-53f5-b125-0eb116c2f791,77d1f9a2-f1c3-5104-6e19-f489ad2a9353,Warehouse Main Meter,d1c88213-1463-f457-ecc6-d5954de61322,31a45db8-ceab-bc59-3d5b-7ca528c2c637,Riverdale Manufacturing,VoltageC,V,227.9,2026-08-06T02:00:00.000Z
63f436c8-cbd3-197d-7f62-0ed87913ab2a,3f71a17d-41ca-53f5-b125-0eb116c2f791,77d1f9a2-f1c3-5104-6e19-f489ad2a9353,Warehouse Main Meter,d1c88213-1463-f457-ecc6-d5954de61322,31a45db8-ceab-bc59-3d5b-7ca528c2c637,Riverdale Manufacturing,CurrentA,A,15.65,2026-08-06T02:00:00.000Z
17dbe775-1aee-ab5c-fe70-a2746015ad5c,3f71a17d-41ca-53f5-b125-0eb116c2f791,77d1f9a2-f1c3-5104-6e19-f489ad2a9353,Warehouse Main Meter,d1c88213-1463-f457-ecc6-d5954de61322,31a45db8-ceab-bc59-3d5b-7ca528c2c637,Riverdale Manufacturing,ActivePower,kW,3.53,2026-08-06T02:00:00.000Z
6ff03fa0-3db8-649e-8075-a833b22229e9,3f71a17d-41ca-53f5-b125-0eb116c2f791,77d1f9a2-f1c3-5104-6e19-f489ad2a9353,Warehouse Main Meter,d1c88213-1463-f457-ecc6-d5954de61322,31a45db8-ceab-bc59-3d5b-7ca528c2c637,Riverdale Manufacturing,PowerFactor,ratio,0.82,2026-08-06T02:00:00.000Z
012c2410-cd68-ac77-86b3-eb7d0cc5c43d,3f71a17d-41ca-53f5-b125-0eb116c2f791,77d1f9a2-f1c3-5104-6e19-f489ad2a9353,Warehouse Main Meter,d1c88213-1463-f457-ecc6-d5954de61322,31a45db8-ceab-bc59-3d5b-7ca528c2c637,Riverdale Manufacturing,PowerConsumption,kWh,46.34,2026-08-06T02:00:00.000Z
1849585e-f44c-d139-ffd1-d6bd61e3b211,3f71a17d-41ca-53f5-b125-0eb116c2f791,77d1f9a2-f1c3-5104-6e19-f489ad2a9353,Warehouse Main Meter,d1c88213-1463-f457-ecc6-d5954de61322,31a45db8-ceab-bc59-3d5b-7ca528c2c637,Riverdale Manufacturing,Frequency,Hz,49.87,2026-08-06T02:00:00.000Z
d694ed3b-f6c3-b708-4ced-3c254f817305,4724fc79-47bc-982a-f701-530995774707,77d1f9a2-f1c3-5104-6e19-f489ad2a9353,Warehouse Main Meter,d1c88213-1463-f457-ecc6-d5954de61322,31a45db8-ceab-bc59-3d5b-7ca528c2c637,Riverdale Manufacturing,VoltageA,V,227.94,2026-08-06T00:00:00.000Z
619a60f8-3dcd-a5be-fc4f-ac2edbe03bca,4724fc79-47bc-982a-f701-530995774707,77d1f9a2-f1c3-5104-6e19-f489ad2a9353,Warehouse Main Meter,d1c88213-1463-f457-ecc6-d5954de61322,31a45db8-ceab-bc59-3d5b-7ca528c2c637,Riverdale Manufacturing,VoltageB,V,227.02,2026-08-06T00:00:00.000Z
c386e4f5-94d0-39cc-6d7e-5a68b23cc312,4724fc79-47bc-982a-f701-530995774707,77d1f9a2-f1c3-5104-6e19-f489ad2a9353,Warehouse Main Meter,d1c88213-1463-f457-ecc6-d5954de61322,31a45db8-ceab-bc59-3d5b-7ca528c2c637,Riverdale Manufacturing,VoltageC,V,228.9,2026-08-06T00:00:00.000Z
6e136228-0286-ba39-7e90-fcafa6da1419,4724fc79-47bc-982a-f701-530995774707,77d1f9a2-f1c3-5104-6e19-f489ad2a9353,Warehouse Main Meter,d1c88213-1463-f457-ecc6-d5954de61322,31a45db8-ceab-bc59-3d5b-7ca528c2c637,Riverdale Manufacturing,CurrentA,A,18.24,2026-08-06T00:00:00.000Z
d5dd334e-5d70-0409-b924-c5c9a5daf2e4,4724fc79-47bc-982a-f701-530995774707,77d1f9a2-f1c3-5104-6e19-f489ad2a9353,Warehouse Main Meter,d1c88213-1463-f457-ecc6-d5954de61322,31a45db8-ceab-bc59-3d5b-7ca528c2c637,Riverdale Manufacturing,ActivePower,kW,4.27,2026-08-06T00:00:00.000Z
0b9e347c-d986-e13c-a65f-c0fb5b5af097,4724fc79-47bc-982a-f701-530995774707,77d1f9a2-f1c3-5104-6e19-f489ad2a9353,Warehouse Main Meter,d1c88213-1463-f457-ecc6-d5954de61322,31a45db8-ceab-bc59-3d5b-7ca528c2c637,Riverdale Manufacturing,PowerFactor,ratio,0.83,2026-08-06T00:00:00.000Z
28405180-abb5-e5ba-0553-e0429fda9924,4724fc79-47bc-982a-f701-530995774707,77d1f9a2-f1c3-5104-6e19-f489ad2a9353,Warehouse Main Meter,d1c88213-1463-f457-ecc6-d5954de61322,31a45db8-ceab-bc59-3d5b-7ca528c2c637,Riverdale Manufacturing,PowerConsumption,kWh,46.5,2026-08-06T00:00:00.000Z
12e2fb52-ec53-f067-c920-ee58a6c6718f,4724fc79-47bc-982a-f701-530995774707,77d1f9a2-f1c3-5104-6e19-f489ad2a9353,Warehouse Main Meter,d1c88213-1463-f457-ecc6-d5954de61322,31a45db8-ceab-bc59-3d5b-7ca528c2c637,Riverdale Manufacturing,Frequency,Hz,49.93,2026-08-06T00:00:00.000Z
f01eb4a3-1d7d-a39f-1e49-6bf84939b9eb,9b0af052-e9a9-9e29-148b-5f6ac5156431,77d1f9a2-f1c3-5104-6e19-f489ad2a9353,Warehouse Main Meter,d1c88213-1463-f457-ecc6-d5954de61322,31a45db8-ceab-bc59-3d5b-7ca528c2c637,Riverdale Manufacturing,VoltageA,V,230.27,2026-08-05T22:00:00.000Z
b9e9380f-0c67-be4a-e4c9-3fa476884284,9b0af052-e9a9-9e29-148b-5f6ac5156431,77d1f9a2-f1c3-5104-6e19-f489ad2a9353,Warehouse Main Meter,d1c88213-1463-f457-ecc6-d5954de61322,31a45db8-ceab-bc59-3d5b-7ca528c2c637,Riverdale Manufacturing,VoltageB,V,228.92,2026-08-05T22:00:00.000Z
878a355b-68e8-869d-2bdc-adc6a8fd93cd,9b0af052-e9a9-9e29-148b-5f6ac5156431,77d1f9a2-f1c3-5104-6e19-f489ad2a9353,Warehouse Main Meter,d1c88213-1463-f457-ecc6-d5954de61322,31a45db8-ceab-bc59-3d5b-7ca528c2c637,Riverdale Manufacturing,VoltageC,V,231.07,2026-08-05T22:00:00.000Z
a1d1f464-7749-b182-99d5-457822ca49d9,9b0af052-e9a9-9e29-148b-5f6ac5156431,77d1f9a2-f1c3-5104-6e19-f489ad2a9353,Warehouse Main Meter,d1c88213-1463-f457-ecc6-d5954de61322,31a45db8-ceab-bc59-3d5b-7ca528c2c637,Riverdale Manufacturing,CurrentA,A,24.53,2026-08-05T22:00:00.000Z
0e9d4c7a-eb02-a1c8-73b7-88ddf6a8a80d,9b0af052-e9a9-9e29-148b-5f6ac5156431,77d1f9a2-f1c3-5104-6e19-f489ad2a9353,Warehouse Main Meter,d1c88213-1463-f457-ecc6-d5954de61322,31a45db8-ceab-bc59-3d5b-7ca528c2c637,Riverdale Manufacturing,ActivePower,kW,5.35,2026-08-05T22:00:00.000Z
01042efd-6bef-4e70-61dd-2aeaf4a6ac34,9b0af052-e9a9-9e29-148b-5f6ac5156431,77d1f9a2-f1c3-5104-6e19-f489ad2a9353,Warehouse Main Meter,d1c88213-1463-f457-ecc6-d5954de61322,31a45db8-ceab-bc59-3d5b-7ca528c2c637,Riverdale Manufacturing,PowerFactor,ratio,0.86,2026-08-05T22:00:00.000Z
74311312-d384-bc14-471f-7d68a95c178f,9b0af052-e9a9-9e29-148b-5f6ac5156431,77d1f9a2-f1c3-5104-6e19-f489ad2a9353,Warehouse Main Meter,d1c88213-1463-f457-ecc6-d5954de61322,31a45db8-ceab-bc59-3d5b-7ca528c2c637,Riverdale Manufacturing,PowerConsumption,kWh,46.66,2026-08-05T22:00:00.000Z
175b2292-1d5d-c7ec-6dca-4157181cde18,9b0af052-e9a9-9e29-148b-5f6ac5156431,77d1f9a2-f1c3-5104-6e19-f489ad2a9353,Warehouse Main Meter,d1c88213-1463-f457-ecc6-d5954de61322,31a45db8-ceab-bc59-3d5b-7ca528c2c637,Riverdale Manufacturing,Frequency,Hz,50.01,2026-08-05T22:00:00.000Z
